"TIMESTAMP";"ABA";"ATIVO";"C/V";"QUANT";"VALOR_EXECUTADO";"BID";"ASK";"DELTA";"GAMMA";"THETA";"VEGA";"PL_REALISTA"
"46269,6917476852";"EMBJ3";"EMBJE868";"C";"7000";"1,38";"0";"0";"0";"0";"4,15";"0";"-966000"
"46269,6917476852";"EMBJ3";"EMBJE704";"V";"4000";"8,35";"0";"0";"0";"0";"17,71";"0";"3340000"
"46269,6917476852";"EMBJ3";"EMBJQ878";"V";"4000";"4,85";"0";"0";"0";"0";"4,75";"0";"1940000"
"46269,6917476852";"EMBJ3";"EMBJQ660";"C";"7000";"1,3";"0";"0";"0";"0,0054";"0,21";"0";"-910000"
"46269,699375";"EMBJ3";"EMBJE868";"C";"7000";"1,38";"3,96";"4,09";"0,5216";"0,0379";"4,15";"10,7266";"1806000"
"46269,699375";"EMBJ3";"EMBJE704";"V";"4000";"8,35";"16,71";"17,21";"0,8851";"0,0115";"17,71";"5,2228";"-3544000"
"46269,699375";"EMBJ3";"EMBJQ878";"V";"4000";"4,85";"4,71";"4,83";"-0,516";"0,0382";"4,74";"10,7336";"7999,99999999983"
"46269,699375";"EMBJ3";"EMBJQ660";"C";"7000";"1,3";"0,19";"0,21";"-0,0355";"0,0056";"0,21";"2,1026";"-777000"
"46269,7028703704";"EMBJ3";"EMBJE868";"C";"7000";"1,38";"3,98";"4,09";"0,5258";"0,0384";"4,15";"10,7348";"1820000"
"46269,7028703704";"EMBJ3";"EMBJE704";"V";"4000";"8,35";"13";"17,91";"0,8927";"0,0113";"17,71";"4,9817";"-3824000"
"46269,7028703704";"EMBJ3";"EMBJQ878";"V";"4000";"4,85";"4,54";"4,67";"-0,5106";"0,0376";"4,74";"10,7535";"71999,9999999999"
"46269,7028703704";"EMBJ3";"EMBJQ660";"C";"7000";"1,3";"0,17";"0,2";"-0,0348";"0,0055";"0,21";"2,0733";"-791000"
"46269,7063541667";"EMBJ3";"EMBJE868";"C";"7000";"1,38";"3,95";"4,98";"0,5338";"0,0394";"4,15";"10,7462";"1799000"
"46269,7063541667";"EMBJ3";"EMBJE704";"V";"4000";"8,35";"13";"0";"0,9096";"0,0107";"17,71";"4,406";"3340000"
"46269,7063541667";"EMBJ3";"EMBJQ878";"V";"4000";"4,85";"0";"0";"-0,5009";"0,0365";"4,74";"10,7849";"1940000"
"46269,7063541667";"EMBJ3";"EMBJQ660";"C";"7000";"1,3";"0";"0";"-0,0348";"0,0054";"0,21";"2,0779";"-910000"
"46269,709837963";"EMBJ3";"EMBJE868";"C";"7000";"1,38";"3,95";"4,98";"0,5338";"0,0394";"4,15";"10,7462";"1799000"
"46269,709837963";"EMBJ3";"EMBJE704";"V";"4000";"8,35";"13";"0";"0,9096";"0,0107";"17,71";"4,406";"3340000"
"46269,709837963";"EMBJ3";"EMBJQ878";"V";"4000";"4,85";"0";"0";"-0,5009";"0,0365";"4,74";"10,7849";"1940000"
"46269,709837963";"EMBJ3";"EMBJQ660";"C";"7000";"1,3";"0";"0";"-0,0348";"0,0054";"0,21";"2,0779";"-910000"
"46269,7133333333";"EMBJ3";"EMBJE868";"C";"7000";"1,38";"3,95";"4,98";"0,5338";"0,0394";"4,15";"10,7462";"1799000"
"46269,7133333333";"EMBJ3";"EMBJE704";"V";"4000";"8,35";"13";"0";"0,9096";"0,0107";"17,71";"4,406";"3340000"
"46269,7133333333";"EMBJ3";"EMBJQ878";"V";"4000";"4,85";"0";"0";"-0,5009";"0,0365";"4,74";"10,7849";"1940000"
"46269,7133333333";"EMBJ3";"EMBJQ660";"C";"7000";"1,3";"0";"0";"-0,0348";"0,0054";"0,21";"2,0779";"-910000"
"46269,7168171296";"EMBJ3";"EMBJE868";"C";"7000";"1,38";"3,95";"4,98";"0,5168";"0,0374";"4,15";"10,7151";"1799000"
"46269,7168171296";"EMBJ3";"EMBJE704";"V";"4000";"8,35";"13";"0";"0,876";"0,0117";"17,71";"5,5021";"3340000"
"46269,7168171296";"EMBJ3";"EMBJQ878";"V";"4000";"4,85";"0";"0";"-0,5226";"0,0389";"4,74";"10,7074";"1940000"
"46269,7168171296";"EMBJ3";"EMBJQ660";"C";"7000";"1,3";"0";"0";"-0,0356";"0,0056";"0,21";"2,1078";"-910000"
"46269,7203009259";"EMBJ3";"EMBJE868";"C";"7000";"1,38";"3,95";"4,98";"0,5168";"0,0374";"4,15";"10,7151";"1799000"
"46269,7203009259";"EMBJ3";"EMBJE704";"V";"4000";"8,35";"13";"0";"0,876";"0,0117";"17,71";"5,5021";"3340000"
"46269,7203009259";"EMBJ3";"EMBJQ878";"V";"4000";"4,85";"0";"0";"-0,5226";"0,0389";"4,74";"10,7074";"1940000"
"46269,7203009259";"EMBJ3";"EMBJQ660";"C";"7000";"1,3";"0";"0";"-0,0356";"0,0056";"0,21";"2,1078";"-910000"
"46269,7237962963";"EMBJ3";"EMBJE868";"C";"7000";"1,38";"3,95";"4,98";"0,5168";"0,0374";"4,15";"10,7151";"1799000"
"46269,7237962963";"EMBJ3";"EMBJE704";"V";"4000";"8,35";"13";"0";"0,876";"0,0117";"17,71";"5,5021";"3340000"
"46269,7237962963";"EMBJ3";"EMBJQ878";"V";"4000";"4,85";"0";"0";"-0,5226";"0,0389";"4,74";"10,7074";"1940000"
"46269,7237962963";"EMBJ3";"EMBJQ660";"C";"7000";"1,3";"0";"0";"-0,0356";"0,0056";"0,21";"2,1078";"-910000"
"46269,7272800926";"EMBJ3";"EMBJE868";"C";"7000";"1,38";"3,95";"4,98";"0,5168";"0,0374";"4,15";"10,7151";"1799000"
"46269,7272800926";"EMBJ3";"EMBJE704";"V";"4000";"8,35";"13";"0";"0,876";"0,0117";"17,71";"5,5021";"3340000"
"46269,7272800926";"EMBJ3";"EMBJQ878";"V";"4000";"4,85";"0";"0";"-0,5226";"0,0389";"4,74";"10,7074";"1940000"
"46269,7272800926";"EMBJ3";"EMBJQ660";"C";"7000";"1,3";"0";"0";"-0,0356";"0,0056";"0,21";"2,1078";"-910000"
"46269,7307638889";"EMBJ3";"EMBJE868";"C";"7000";"1,38";"3,95";"4,98";"0,5168";"0,0374";"4,15";"10,7151";"1799000"
"46269,7307638889";"EMBJ3";"EMBJE704";"V";"4000";"8,35";"13";"0";"0,876";"0,0117";"17,71";"5,5021";"3340000"
"46269,7307638889";"EMBJ3";"EMBJQ878";"V";"4000";"4,85";"0";"0";"-0,5226";"0,0389";"4,74";"10,7074";"1940000"
"46269,7307638889";"EMBJ3";"EMBJQ660";"C";"7000";"1,3";"0";"0";"-0,0356";"0,0056";"0,21";"2,1078";"-910000"
"46269,7342592593";"EMBJ3";"EMBJE868";"C";"7000";"1,38";"3,95";"4,98";"0,5219";"0,038";"4,15";"10,7273";"1799000"
"46269,7342592593";"EMBJ3";"EMBJE704";"V";"4000";"8,35";"13";"0";"0,8856";"0,0115";"17,71";"5,2073";"3340000"
"46269,7342592593";"EMBJ3";"EMBJQ878";"V";"4000";"4,85";"0";"0";"-0,5155";"0,0381";"4,74";"10,7353";"1940000"
"46269,7342592593";"EMBJ3";"EMBJQ660";"C";"7000";"1,3";"0";"0";"-0,0354";"0,0055";"0,21";"2,1001";"-910000"
"46269,7377430556";"EMBJ3";"EMBJE868";"C";"7000";"1,38";"3,95";"4,98";"0,5219";"0,038";"4,15";"10,7273";"1799000"
"46269,7377430556";"EMBJ3";"EMBJE704";"V";"4000";"8,35";"13";"0";"0,8856";"0,0115";"17,71";"5,2073";"3340000"
"46269,7377430556";"EMBJ3";"EMBJQ878";"V";"4000";"4,85";"0";"0";"-0,5155";"0,0381";"4,74";"10,7353";"1940000"
"46269,7377430556";"EMBJ3";"EMBJQ660";"C";"7000";"1,3";"0";"0";"-0,0354";"0,0055";"0,21";"2,1001";"-910000"
"46269,7412268519";"EMBJ3";"EMBJE868";"C";"7000";"1,38";"3,95";"4,98";"0,5219";"0,038";"4,15";"10,7273";"1799000"
"46269,7412268519";"EMBJ3";"EMBJE704";"V";"4000";"8,35";"13";"0";"0,8856";"0,0115";"17,71";"5,2073";"3340000"
"46269,7412268519";"EMBJ3";"EMBJQ878";"V";"4000";"4,85";"0";"0";"-0,5155";"0,0381";"4,74";"10,7353";"1940000"
"46269,7412268519";"EMBJ3";"EMBJQ660";"C";"7000";"1,3";"0";"0";"-0,0354";"0,0055";"0,21";"2,1001";"-910000"
"46269,7447222222";"EMBJ3";"EMBJE868";"C";"7000";"1,38";"3,95";"4,98";"0,5216";"0,0379";"4,15";"10,7266";"1799000"
"46269,7447222222";"EMBJ3";"EMBJE704";"V";"4000";"8,35";"13";"0";"0,8851";"0,0115";"17,71";"5,2228";"3340000"
"46269,7447222222";"EMBJ3";"EMBJQ878";"V";"4000";"4,85";"0";"0";"-0,516";"0,0382";"4,74";"10,7336";"1940000"
"46269,7447222222";"EMBJ3";"EMBJQ660";"C";"7000";"1,3";"0";"0";"-0,0355";"0,0056";"0,21";"2,1026";"-910000"
"46299,425787037";"EMBJ3";"EMBJE868";"C";"7000";"1,38";"3,95";"4,98";"0,5283";"0,0387";"4,15";"10,739";"1799000"
"46299,425787037";"EMBJ3";"EMBJE704";"V";"4000";"8,35";"13";"0";"0,8982";"0,0112";"17,71";"4,7985";"3340000"
"46299,425787037";"EMBJ3";"EMBJQ878";"V";"4000";"4,85";"0";"0";"-0,5074";"0,0373";"4,74";"10,7643";"1940000"
"46299,425787037";"EMBJ3";"EMBJQ660";"C";"7000";"1,3";"0";"0";"-0,0356";"0,0055";"0,21";"2,1142";"-910000"
"13/04/2026 10:22:14";"EMBJ3";"EMBJE868";"C";"7000";"1,38";"4,07";"4,2";"0,5323";"0,0354";"4,56";"10,3118";"1883000"
"13/04/2026 10:22:14";"EMBJ3";"EMBJE704";"V";"4000";"8,35";"16,95";"17,4";"0,9037";"0,011";"17,71";"4,4256";"-3620000"
"13/04/2026 10:22:14";"EMBJ3";"EMBJQ878";"V";"4000";"4,85";"4,52";"4,72";"-0,5047";"0,037";"4,74";"10,3451";"52000"
"13/04/2026 10:22:14";"EMBJ3";"EMBJQ660";"C";"7000";"1,3";"0,19";"0,23";"-0,0346";"0,0054";"0,21";"1,9837";"-777000"
"13/04/2026 10:22:14";"BOVA11";"BOVAE195";"C";"5000";"1,74";"5,06";"5,11";"0,5353";"0,0336";"5,06";"23,1833";"1660000"
"13/04/2026 10:22:14";"BOVA11";"BOVAE166";"V";"4000";"26,445";"29,1";"29,24";"1";"0";"29,13";"0";"-1118000"
"13/04/2026 10:22:14";"BOVA11";"BOVAQ195";"V";"4000";"6,26";"4,78";"4,82";"-0,4655";"0,0308";"4,8";"23,1874";"576000"
"13/04/2026 10:22:14";"BOVA11";"BOVAQ164";"C";"10000";"1,75";"0,2";"0,22";"-0,0284";"0,0035";"0,21";"3,7953";"-1550000"
"13/04/2026 10:22:14";"PRIO3";"PRIOD750";"C";"1000";"0,41";"0,66";"0,7";"0,2181";"0,0443";"0,79";"2,866";"25000"
"13/04/2026 10:22:14";"PRIO3";"PRIOE515";"V";"1700";"16,64";"0";"0";"1";"0";"17,9";"0";"2828800"
"13/04/2026 10:22:14";"PRIO3";"PRIOQ720";"V";"1700";"4,87";"5,99";"6,15";"-0,5285";"0,0325";"6,01";"8,3022";"-217600"
"13/04/2026 10:22:14";"PRIO3";"PRIOP600";"C";"1700";"0,46";"0,32";"0,34";"-0,0895";"0,021";"0,33";"1,573";"-23800"
"13/04/2026 10:22:14";"SMAL11";"SMALD139";"C";"1800";"0,2158";"0";"0";"0,0134";"0,0056";"0,03";"0,6004";"-38844"
"13/04/2026 10:22:14";"SMAL11";"SMALE119";"V";"1600";"7,56";"8,26";"8,53";"0,7298";"0,0274";"8,72";"12,3972";"-155200"
"13/04/2026 10:22:14";"SMAL11";"SMALQ119";"V";"1600";"2,35";"2,12";"2,26";"-0,2709";"0,0273";"2,12";"12,4119";"14400"
"13/04/2026 10:22:14";"SMAL11";"SMALP970";"C";"1800";"0,37";"0";"0";"-0,002";"0,0006";"0,01";"0,1131";"-66600"
"13/04/2026 10:22:14";"SBSP3";"SBSPE175";"C";"2300";"1,48";"3,63";"3,85";"0,4239";"0,0248";"4,65";"19,9493";"494500"
"13/04/2026 10:22:14";"SBSP3";"SBSPE155";"V";"1200";"7,87";"16,35";"17,65";"0,9502";"0,01";"16,1";"5,2362";"-1173600"
"13/04/2026 10:22:14";"SBSP3";"SBSPQ166";"V";"1200";"4,61";"3,65";"3,79";"-0,3475";"0,0251";"3,6";"18,8166";"98400"
"13/04/2026 10:22:14";"SBSP3";"SBSPQ131";"C";"2300";"0,96";"0,23";"0,42";"-0,0303";"0,0027";"0,31";"3,4963";"-167900"
"13/04/2026 10:22:14";"ABEV3";"ABEVE186";"C";"1700";"0,03";"0,02";"0,05";"0,0749";"0,0936";"0,05";"0,6841";"-1700"
"13/04/2026 10:22:14";"ABEV3";"ABEVE161";"V";"1800";"0,55";"0,52";"0,54";"0,5326";"0,2903";"0,57";"1,9231";"1800"
"13/04/2026 10:22:14";"ABEV3";"ABEVQ161";"V";"1800";"0,5";"0,51";"0,54";"-0,4645";"0,2899";"0,51";"1,9231";"-7200,00000000001"
"13/04/2026 10:22:14";"ABEV3";"ABEVQ134";"C";"1700";"0,03";"0,02";"0,05";"-0,0478";"0,0526";"0,04";"0,4809";"-1700"
"13/04/2026 11:06:06";"EMBJ3";"EMBJE868";"C";"7000";"1,38";"4,19";"4,33";"0,5396";"0,0384";"4,32";"10,3223";"1967000"
"13/04/2026 11:06:06";"EMBJ3";"EMBJE704";"V";"4000";"8,35";"0";"19,65";"0,9229";"0,0101";"17,71";"3,7595";"-4520000"
"13/04/2026 11:06:06";"EMBJ3";"EMBJQ878";"V";"4000";"4,85";"4,41";"4,54";"-0,495";"0,0359";"4,74";"10,3727";"124000"
"13/04/2026 11:06:06";"EMBJ3";"EMBJQ660";"C";"7000";"1,3";"0,17";"0,22";"-0,0334";"0,0052";"0,2";"1,9311";"-791000"
"13/04/2026 11:06:06";"BOVA11";"BOVAE195";"C";"5000";"1,74";"4,94";"4,98";"0,5275";"0,0333";"5";"23,1914";"1600000"
"13/04/2026 11:06:06";"BOVA11";"BOVAE166";"V";"4000";"26,445";"28,93";"29,04";"0,9904";"0,0019";"29,13";"1,4925";"-1038000"
"13/04/2026 11:06:06";"BOVA11";"BOVAQ195";"V";"4000";"6,26";"4,86";"4,9";"-0,4723";"0,0308";"4,91";"23,1919";"544000"
"13/04/2026 11:06:06";"BOVA11";"BOVAQ164";"C";"10000";"1,75";"0,21";"0,23";"-0,0292";"0,0036";"0,21";"3,8819";"-1540000"
"13/04/2026 11:06:06";"PRIO3";"PRIOD750";"C";"1000";"0,41";"0,54";"0,59";"0,1847";"0,0425";"0,61";"2,5767";"13000"
"13/04/2026 11:06:06";"PRIO3";"PRIOE515";"V";"1700";"16,64";"16,7";"19,5";"0,9538";"0,0075";"18,05";"2,0052";"-486200"
"13/04/2026 11:06:06";"PRIO3";"PRIOQ720";"V";"1700";"4,87";"6,23";"6,28";"-0,5493";"0,0342";"6,01";"8,2047";"-239700"
"13/04/2026 11:06:06";"PRIO3";"PRIOP600";"C";"1700";"0,46";"0,32";"0,35";"-0,0932";"0,0225";"0,34";"1,6103";"-23800"
"13/04/2026 11:06:06";"SMAL11";"SMALD139";"C";"1800";"0,2158";"0,03";"0,06";"0,0122";"0,0052";"0,03";"0,5512";"-33444"
"13/04/2026 11:06:06";"SMAL11";"SMALE119";"V";"1600";"7,56";"8,15";"8,26";"0,7391";"0,0295";"8,21";"12,1542";"-112000"
"13/04/2026 11:06:06";"SMAL11";"SMALQ119";"V";"1600";"2,35";"2,17";"2,2";"-0,2785";"0,0275";"2,21";"12,5583";"24000"
"13/04/2026 11:06:06";"SMAL11";"SMALP970";"C";"1800";"0,37";"0";"0";"-0,0022";"0,0006";"0,01";"0,1199";"-66600"
"13/04/2026 11:06:06";"SBSP3";"SBSPE175";"C";"2300";"1,48";"3,68";"3,92";"0,4286";"0,0252";"4,65";"20,0257";"506000"
"13/04/2026 11:06:06";"SBSP3";"SBSPE155";"V";"1200";"7,87";"16,77";"17,55";"1";"0";"16,1";"0";"-1161600"
"13/04/2026 11:06:06";"SBSP3";"SBSPQ166";"V";"1200";"4,61";"3,57";"3,68";"-0,3427";"0,0245";"3,6";"18,7494";"111600"
"13/04/2026 11:06:06";"SBSP3";"SBSPQ131";"C";"2300";"0,96";"0,23";"0,43";"-0,0302";"0,0027";"0,31";"3,4876";"-167900"
"13/04/2026 11:06:06";"ABEV3";"ABEVE186";"C";"1700";"0,03";"0,02";"0,04";"0,0761";"0,0921";"0,05";"0,6894";"-1700"
"13/04/2026 11:06:06";"ABEV3";"ABEVE161";"V";"1800";"0,55";"0,49";"0,51";"0,5145";"0,3026";"0,52";"1,9211";"7200,00000000001"
"13/04/2026 11:06:06";"ABEV3";"ABEVQ161";"V";"1800";"0,5";"0,54";"0,56";"-0,4858";"0,3081";"0,52";"1,9211";"-10800"
"13/04/2026 11:06:06";"ABEV3";"ABEVQ134";"C";"1700";"0,03";"0,03";"0,04";"-0,051";"0,0557";"0,04";"0,505";"0"
"13/04/2026 11:11:12";"EMBJ3";"EMBJE868";"C";"7000";"1,38";"4,38";"4,52";"0,5537";"0,0375";"4,58";"10,3237";"2100000"
"13/04/2026 11:11:12";"EMBJ3";"EMBJE704";"V";"4000";"8,35";"0";"20,04";"0,9651";"0,0069";"17,71";"2,0128";"-4676000"
"13/04/2026 11:11:12";"EMBJ3";"EMBJQ878";"V";"4000";"4,85";"4,24";"4,43";"-0,4805";"0,0343";"4,74";"10,4056";"168000"
"13/04/2026 11:11:12";"EMBJ3";"EMBJQ660";"C";"7000";"1,3";"0,16";"0,2";"-0,0336";"0,0051";"0,2";"1,9527";"-798000"
"13/04/2026 11:11:12";"BOVA11";"BOVAE195";"C";"5000";"1,74";"4,95";"5";"0,5289";"0,0337";"4,95";"23,1904";"1605000"
"13/04/2026 11:11:12";"BOVA11";"BOVAE166";"V";"4000";"26,445";"28,94";"29,07";"1";"0";"29,04";"0";"-1050000"
"13/04/2026 11:11:12";"BOVA11";"BOVAQ195";"V";"4000";"6,26";"4,83";"4,86";"-0,4707";"0,0318";"4,74";"23,1911";"560000"
"13/04/2026 11:11:12";"BOVA11";"BOVAQ164";"C";"10000";"1,75";"0,21";"0,22";"-0,0291";"0,0036";"0,21";"3,8668";"-1540000"
"13/04/2026 11:11:12";"PRIO3";"PRIOD750";"C";"1000";"0,41";"0,45";"0,47";"0,1767";"0,0388";"0,61";"2,4818";"4000"
"13/04/2026 11:11:12";"PRIO3";"PRIOE515";"V";"1700";"16,64";"17,21";"17,39";"0,8969";"0,0104";"18,05";"3,6819";"-127500"
"13/04/2026 11:11:12";"PRIO3";"PRIOQ720";"V";"1700";"4,87";"6,6";"6,68";"-0,5699";"0,0337";"6,47";"8,0613";"-307700"
"13/04/2026 11:11:12";"PRIO3";"PRIOP600";"C";"1700";"0,46";"0,36";"0,38";"-0,1";"0,025";"0,35";"1,6791";"-17000"
"13/04/2026 11:11:12";"SMAL11";"SMALD139";"C";"1800";"0,2158";"0,02";"0,05";"0,0137";"0,0055";"0,03";"0,6085";"-35244"
"13/04/2026 11:11:12";"SMAL11";"SMALE119";"V";"1600";"7,56";"8,04";"8,13";"0,7451";"0,0307";"7,95";"11,9982";"-91200,0000000002"
"13/04/2026 11:11:12";"SMAL11";"SMALQ119";"V";"1600";"2,35";"2,21";"2,25";"-0,2788";"0,0278";"2,19";"12,5599";"16000"
"13/04/2026 11:11:12";"SMAL11";"SMALP970";"C";"1800";"0,37";"0";"0";"-0,0022";"0,0006";"0,01";"0,122";"-66600"
"13/04/2026 11:11:12";"SBSP3";"SBSPE175";"C";"2300";"1,48";"3,71";"3,97";"0,4315";"0,0255";"4,65";"20,0707";"512900"
"13/04/2026 11:11:12";"SBSP3";"SBSPE155";"V";"1200";"7,87";"16,82";"17,72";"1";"0";"16,1";"0";"-1182000"
"13/04/2026 11:11:12";"SBSP3";"SBSPQ166";"V";"1200";"4,61";"3,52";"3,58";"-0,3389";"0,0244";"3,55";"18,6878";"123600"
"13/04/2026 11:11:12";"SBSP3";"SBSPQ131";"C";"2300";"0,96";"0,19";"0,38";"-0,0297";"0,0027";"0,31";"3,4494";"-177100"
"13/04/2026 11:11:12";"ABEV3";"ABEVE186";"C";"1700";"0,03";"0,02";"0,04";"0,0753";"0,0892";"0,05";"0,6809";"-1700"
"13/04/2026 11:11:12";"ABEV3";"ABEVE161";"V";"1800";"0,55";"0,45";"0,47";"0,4924";"0,2888";"0,51";"1,9124";"14400"
"13/04/2026 11:11:12";"ABEV3";"ABEVQ161";"V";"1800";"0,5";"0,59";"0,6";"-0,5076";"0,2888";"0,6";"1,9124";"-18000"
"13/04/2026 11:11:12";"ABEV3";"ABEVQ134";"C";"1700";"0,03";"0,03";"0,04";"-0,0474";"0,0556";"0,04";"0,4741";"0"
"13/04/2026 13:28:06";"EMBJ3";"EMBJE868";"C";"7000";"1,38";"4,36";"4,51";"0,5506";"0,0372";"4,58";"10,3245";"2086000"
"13/04/2026 13:28:06";"EMBJ3";"EMBJE704";"V";"4000";"8,35";"0";"20,04";"0,9538";"0,008";"17,71";"2,5253";"-4676000"
"13/04/2026 13:28:06";"EMBJ3";"EMBJQ878";"V";"4000";"4,85";"4,24";"4,44";"-0,4835";"0,0347";"4,74";"10,3996";"164000"
"13/04/2026 13:28:06";"EMBJ3";"EMBJQ660";"C";"7000";"1,3";"0,16";"0,2";"-0,033";"0,0051";"0,2";"1,9184";"-798000"
"13/04/2026 13:28:06";"BOVA11";"BOVAE195";"C";"5000";"1,74";"4,92";"4,98";"0,5282";"0,0337";"4,95";"23,1909";"1590000"
"13/04/2026 13:28:06";"BOVA11";"BOVAE166";"V";"4000";"26,445";"28,91";"29,04";"1";"0";"29,04";"0";"-1038000"
"13/04/2026 13:28:06";"BOVA11";"BOVAQ195";"V";"4000";"6,26";"4,85";"4,88";"-0,472";"0,0313";"4,84";"23,1917";"552000"
"13/04/2026 13:28:06";"BOVA11";"BOVAQ164";"C";"10000";"1,75";"0,21";"0,23";"-0,0301";"0,0037";"0,22";"3,9767";"-1540000"
"13/04/2026 13:28:06";"PRIO3";"PRIOD750";"C";"1000";"0,41";"0,44";"0,46";"0,1765";"0,0387";"0,61";"2,4786";"3000"
"13/04/2026 13:28:06";"PRIO3";"PRIOE515";"V";"1700";"16,64";"17,18";"17,35";"0,8957";"0,0104";"18,05";"3,7132";"-120700"
"13/04/2026 13:28:06";"PRIO3";"PRIOQ720";"V";"1700";"4,87";"6,6";"6,7";"-0,5715";"0,0339";"6,47";"8,0518";"-311100"
"13/04/2026 13:28:06";"PRIO3";"PRIOP600";"C";"1700";"0,46";"0,36";"0,39";"-0,1005";"0,0251";"0,35";"1,6848";"-17000"
"13/04/2026 13:28:06";"SMAL11";"SMALD139";"C";"1800";"0,2158";"0,02";"0,05";"0,0136";"0,0055";"0,03";"0,6063";"-35244"
"13/04/2026 13:28:06";"SMAL11";"SMALE119";"V";"1600";"7,56";"8,03";"8,12";"0,7451";"0,0307";"7,95";"11,9982";"-89599,9999999999"
"13/04/2026 13:28:06";"SMAL11";"SMALQ119";"V";"1600";"2,35";"2,21";"2,25";"-0,2796";"0,028";"2,19";"12,5717";"16000"
"13/04/2026 13:28:06";"SMAL11";"SMALP970";"C";"1800";"0,37";"0";"0";"-0,0023";"0,0007";"0,01";"0,1236";"-66600"
"13/04/2026 13:28:06";"SBSP3";"SBSPE175";"C";"2300";"1,48";"3,71";"3,97";"0,432";"0,0256";"4,65";"20,0792";"512900"
"13/04/2026 13:28:06";"SBSP3";"SBSPE155";"V";"1200";"7,87";"16,92";"17,69";"1";"0";"16,1";"0";"-1178400"
"13/04/2026 13:28:06";"SBSP3";"SBSPQ166";"V";"1200";"4,61";"3,52";"3,57";"-0,3383";"0,0243";"3,55";"18,6782";"124800"
"13/04/2026 13:28:06";"SBSP3";"SBSPQ131";"C";"2300";"0,96";"0,19";"0,38";"-0,0302";"0,0027";"0,31";"3,4981";"-177100"
"13/04/2026 13:28:06";"ABEV3";"ABEVE186";"C";"1700";"0,03";"0,02";"0,04";"0,0762";"0,09";"0,05";"0,6875";"-1700"
"13/04/2026 13:28:06";"ABEV3";"ABEVE161";"V";"1800";"0,55";"0,45";"0,47";"0,4946";"0,2936";"0,51";"1,9137";"14400"
"13/04/2026 13:28:06";"ABEV3";"ABEVQ161";"V";"1800";"0,5";"0,59";"0,6";"-0,504";"0,2838";"0,6";"1,9138";"-18000"
"13/04/2026 13:28:06";"ABEV3";"ABEVQ134";"C";"1700";"0,03";"0,03";"0,04";"-0,0469";"0,055";"0,04";"0,4699";"0"
"13/04/2026 13:33:13";"EMBJ3";"EMBJE868";"C";"7000";"1,38";"3,98";"4,98";"0,5627";"0,0393";"4,5";"10,3155";"1820000"
"13/04/2026 13:33:13";"EMBJ3";"EMBJE704";"V";"4000";"8,35";"0";"0";"1";"0";"17,71";"0";"3340000"
"13/04/2026 13:33:13";"EMBJ3";"EMBJQ878";"V";"4000";"4,85";"4,02";"4,25";"-0,4716";"0,0334";"4,74";"10,4206";"240000"
"13/04/2026 13:33:13";"EMBJ3";"EMBJQ660";"C";"7000";"1,3";"0,17";"0,21";"-0,0325";"0,005";"0,2";"1,904";"-791000"
"13/04/2026 13:33:13";"BOVA11";"BOVAE195";"C";"5000";"1,74";"5,23";"5,3";"0,5445";"0,0326";"5,34";"23,1643";"1745000"
"13/04/2026 13:33:13";"BOVA11";"BOVAE166";"V";"4000";"26,445";"29,49";"29,61";"1";"0";"29,53";"0";"-1266000"
"13/04/2026 13:33:13";"BOVA11";"BOVAQ195";"V";"4000";"6,26";"4,59";"4,64";"-0,4555";"0,031";"4,59";"23,1676";"648000"
"13/04/2026 13:33:13";"BOVA11";"BOVAQ164";"C";"10000";"1,75";"0,2";"0,22";"-0,0285";"0,0035";"0,21";"3,8069";"-1550000"
"13/04/2026 13:33:13";"PRIO3";"PRIOD750";"C";"1000";"0,41";"0,36";"0,4";"0,1422";"0,0388";"0,41";"2,155";"-5000"
"13/04/2026 13:33:13";"PRIO3";"PRIOE515";"V";"1700";"16,64";"17,12";"17,37";"0,9597";"0,0073";"17,4";"1,7803";"-124100"
"13/04/2026 13:33:13";"PRIO3";"PRIOQ720";"V";"1700";"4,87";"6,63";"6,71";"-0,5605";"0,0322";"6,66";"8,1023";"-312800"
"13/04/2026 13:33:13";"PRIO3";"PRIOP600";"C";"1700";"0,46";"0,29";"0,32";"-0,0909";"0,0241";"0,3";"1,5667";"-28900"
"13/04/2026 13:33:13";"SMAL11";"SMALD139";"C";"1800";"0,2158";"0,02";"0,05";"0,0084";"0,0039";"0,02";"0,3977";"-35244"
"13/04/2026 13:33:13";"SMAL11";"SMALE119";"V";"1600";"7,56";"5";"8,31";"0,7696";"0,0323";"7,72";"11,3702";"-120000"
"13/04/2026 13:33:13";"SMAL11";"SMALQ119";"V";"1600";"2,35";"2,16";"2,2";"-0,2809";"0,0271";"2,28";"12,6144";"24000"
"13/04/2026 13:33:13";"SMAL11";"SMALP970";"C";"1800";"0,37";"0";"0";"-0,0022";"0,0006";"0,01";"0,1193";"-66600"
"13/04/2026 13:33:13";"SBSP3";"SBSPE175";"C";"2300";"1,48";"0";"0";"0,3972";"0,0293";"3,55";"19,622";"-340400"
"13/04/2026 13:33:13";"SBSP3";"SBSPE155";"V";"1200";"7,87";"16,5";"17,34";"0,9202";"0,0124";"16,1";"7,5466";"-1136400"
"13/04/2026 13:33:13";"SBSP3";"SBSPQ166";"V";"1200";"4,61";"3,64";"3,77";"-0,3525";"0,0252";"3,68";"18,8937";"100800"
"13/04/2026 13:33:13";"SBSP3";"SBSPQ131";"C";"2300";"0,96";"0,2";"0,38";"-0,0304";"0,0028";"0,31";"3,4956";"-174800"
"13/04/2026 13:33:13";"ABEV3";"ABEVE186";"C";"1700";"0,03";"0,02";"0,04";"0,079";"0,0922";"0,05";"0,7075";"-1700"
"13/04/2026 13:33:13";"ABEV3";"ABEVE161";"V";"1800";"0,55";"0,46";"0,48";"0,4981";"0,315";"0,48";"1,9163";"12600"
"13/04/2026 13:33:13";"ABEV3";"ABEVQ161";"V";"1800";"0,5";"0,56";"0,59";"-0,4983";"0,2835";"0,59";"1,9163";"-16200"
"13/04/2026 13:33:13";"ABEV3";"ABEVQ134";"C";"1700";"0,03";"0,03";"0,04";"-0,0533";"0,0578";"0,04";"0,5214";"0"
"13/04/2026 13:43:47";"EMBJ3";"EMBJE868";"C";"7000";"1,38";"4,59";"4,67";"0,569";"0,0399";"4,5";"10,3057";"2247000"
"13/04/2026 13:43:47";"EMBJ3";"EMBJE704";"V";"4000";"8,35";"0";"20,28";"1";"0";"17,71";"0";"-4772000"
"13/04/2026 13:43:47";"EMBJ3";"EMBJQ878";"V";"4000";"4,85";"4,08";"4,18";"-0,467";"0,0329";"4,74";"10,4268";"268000"
"13/04/2026 13:43:47";"EMBJ3";"EMBJQ660";"C";"7000";"1,3";"0,17";"0,21";"-0,0328";"0,005";"0,2";"1,9228";"-791000"
"13/04/2026 13:43:47";"BOVA11";"BOVAE195";"C";"5000";"1,74";"5,31";"5,35";"0,5508";"0,0331";"5,35";"23,1416";"1785000"
"13/04/2026 13:43:47";"BOVA11";"BOVAE166";"V";"4000";"26,445";"29,6";"29,71";"1";"0";"29,58";"0";"-1306000"
"13/04/2026 13:43:47";"BOVA11";"BOVAQ195";"V";"4000";"6,26";"4,54";"4,58";"-0,4509";"0,0308";"4,55";"23,1544";"672000"
"13/04/2026 13:43:47";"BOVA11";"BOVAQ164";"C";"10000";"1,75";"0,2";"0,22";"-0,0286";"0,0035";"0,21";"3,8223";"-1550000"
"13/04/2026 13:43:47";"PRIO3";"PRIOD750";"C";"1000";"0,41";"0,33";"0,36";"0,1392";"0,0364";"0,41";"2,1097";"-8000"
"13/04/2026 13:43:47";"PRIO3";"PRIOE515";"V";"1700";"16,64";"16,8";"17,05";"0,9121";"0,0103";"17,4";"3,2544";"-69700"
"13/04/2026 13:43:47";"PRIO3";"PRIOQ720";"V";"1700";"4,87";"6,92";"7";"-0,5847";"0,034";"6,66";"7,955";"-362100"
"13/04/2026 13:43:47";"PRIO3";"PRIOP600";"C";"1700";"0,46";"0,32";"0,35";"-0,0972";"0,0263";"0,31";"1,6353";"-23800"
"13/04/2026 13:43:47";"SMAL11";"SMALD139";"C";"1800";"0,2158";"0,02";"0,05";"0,009";"0,0042";"0,02";"0,4252";"-35244"
"13/04/2026 13:43:47";"SMAL11";"SMALE119";"V";"1600";"7,56";"8,21";"8,29";"0,7792";"0,0325";"7,72";"11,1098";"-116800"
"13/04/2026 13:43:47";"SMAL11";"SMALQ119";"V";"1600";"2,35";"2,15";"2,19";"-0,2792";"0,0268";"2,28";"12,5868";"25600"
"13/04/2026 13:43:47";"SMAL11";"SMALP970";"C";"1800";"0,37";"0";"0";"-0,0021";"0,0006";"0,01";"0,116";"-66600"
"13/04/2026 13:43:47";"SBSP3";"SBSPE175";"C";"2300";"1,48";"3,62";"3,75";"0,4013";"0,0299";"3,55";"19,7004";"492200"
"13/04/2026 13:43:47";"SBSP3";"SBSPE155";"V";"1200";"7,87";"16,59";"17,26";"0,9584";"0,0091";"16,1";"4,5336";"-1126800"
"13/04/2026 13:43:47";"SBSP3";"SBSPQ166";"V";"1200";"4,61";"3,62";"3,71";"-0,3482";"0,0247";"3,68";"18,8371";"108000"
"13/04/2026 13:43:47";"SBSP3";"SBSPQ131";"C";"2300";"0,96";"0,2";"0,38";"-0,0302";"0,0027";"0,31";"3,4843";"-174800"
"13/04/2026 13:43:47";"ABEV3";"ABEVE186";"C";"1700";"0,03";"0,02";"0,04";"0,0733";"0,0898";"0,05";"0,6692";"-1700"
"13/04/2026 13:43:47";"ABEV3";"ABEVE161";"V";"1800";"0,55";"0,48";"0,5";"0,5039";"0,3205";"0,48";"1,9187";"9000,00000000001"
"13/04/2026 13:43:47";"ABEV3";"ABEVQ161";"V";"1800";"0,5";"0,55";"0,58";"-0,4922";"0,2784";"0,59";"1,9184";"-14400"
"13/04/2026 13:43:47";"ABEV3";"ABEVQ134";"C";"1700";"0,03";"0,03";"0,04";"-0,0527";"0,0572";"0,04";"0,5173";"0"
"13/04/2026 13:58:53";"EMBJ3";"EMBJE868";"C";"7000";"1,38";"4,57";"4,68";"0,5695";"0,04";"4,5";"10,3049";"2233000"
"13/04/2026 13:58:53";"EMBJ3";"EMBJE704";"V";"4000";"8,35";"17,68";"20,33";"1";"0";"17,71";"0";"-4792000"
"13/04/2026 13:58:53";"EMBJ3";"EMBJQ878";"V";"4000";"4,85";"4,03";"4,14";"-0,4667";"0,0328";"4,74";"10,4273";"284000"
"13/04/2026 13:58:53";"EMBJ3";"EMBJQ660";"C";"7000";"1,3";"0,17";"0,2";"-0,0327";"0,005";"0,2";"1,9184";"-791000"
"13/04/2026 13:58:53";"BOVA11";"BOVAE195";"C";"5000";"1,74";"5,21";"5,24";"0,5467";"0,0334";"5,25";"23,1557";"1735000"
"13/04/2026 13:58:53";"BOVA11";"BOVAE166";"V";"4000";"26,445";"29,46";"29,56";"0,9863";"0,0024";"29,71";"2,0433";"-1246000"
"13/04/2026 13:58:53";"BOVA11";"BOVAQ195";"V";"4000";"6,26";"4,56";"4,59";"-0,4547";"0,0313";"4,54";"23,1648";"668000"
"13/04/2026 13:58:53";"BOVA11";"BOVAQ164";"C";"10000";"1,75";"0,2";"0,21";"-0,0281";"0,0035";"0,21";"3,77";"-1550000"
"13/04/2026 13:58:53";"PRIO3";"PRIOD750";"C";"1000";"0,41";"0,33";"0,36";"0,1229";"0,0353";"0,34";"1,9343";"-8000"
"13/04/2026 13:58:53";"PRIO3";"PRIOE515";"V";"1700";"16,64";"16,79";"16,96";"0,9094";"0,0104";"17,4";"3,3269";"-54400"
"13/04/2026 13:58:53";"PRIO3";"PRIOQ720";"V";"1700";"4,87";"6,9";"7";"-0,5779";"0,0322";"6,97";"7,9763";"-362100"
"13/04/2026 13:58:53";"PRIO3";"PRIOP600";"C";"1700";"0,46";"0,31";"0,34";"-0,1041";"0,0268";"0,35";"1,7179";"-25500"
"13/04/2026 13:58:53";"SMAL11";"SMALD139";"C";"1800";"0,2158";"0,02";"0,05";"0,0089";"0,0042";"0,02";"0,42";"-35244"
"13/04/2026 13:58:53";"SMAL11";"SMALE119";"V";"1600";"7,56";"8,22";"8,3";"0,7767";"0,0324";"7,72";"11,1791";"-118400"
"13/04/2026 13:58:53";"SMAL11";"SMALQ119";"V";"1600";"2,35";"2,18";"2,21";"-0,2757";"0,0274";"2,18";"12,5077";"22400"
"13/04/2026 13:58:53";"SMAL11";"SMALP970";"C";"1800";"0,37";"0";"0";"-0,0021";"0,0006";"0,01";"0,1169";"-66600"
"13/04/2026 13:58:53";"SBSP3";"SBSPE175";"C";"2300";"1,48";"3,55";"3,68";"0,4038";"0,0284";"3,76";"19,7162";"476100"
"13/04/2026 13:58:53";"SBSP3";"SBSPE155";"V";"1200";"7,87";"16,53";"17,08";"0,9361";"0,0112";"16,1";"6,3692";"-1105200"
"13/04/2026 13:58:53";"SBSP3";"SBSPQ166";"V";"1200";"4,61";"3,63";"3,73";"-0,3509";"0,025";"3,68";"18,8733";"105600"
"13/04/2026 13:58:53";"SBSP3";"SBSPQ131";"C";"2300";"0,96";"0,2";"0,38";"-0,0306";"0,0028";"0,31";"3,5206";"-174800"
"13/04/2026 14:03:59";"EMBJ3";"EMBJE868";"C";"7000";"1,38";"4,66";"4,76";"0,5771";"0,0408";"4,5";"10,2881";"2296000"
"13/04/2026 14:03:59";"EMBJ3";"EMBJE704";"V";"4000";"8,35";"17,72";"20,6";"1";"0";"17,71";"0";"-4900000"
"13/04/2026 14:03:59";"EMBJ3";"EMBJQ878";"V";"4000";"4,85";"3,96";"4,07";"-0,4608";"0,0322";"4,74";"10,4337";"312000"
"13/04/2026 14:03:59";"EMBJ3";"EMBJQ660";"C";"7000";"1,3";"0,15";"0,2";"-0,0319";"0,0049";"0,2";"1,8838";"-805000"
"13/04/2026 14:03:59";"BOVA11";"BOVAE195";"C";"5000";"1,74";"5,28";"5,31";"0,5511";"0,0339";"5,24";"23,1381";"1770000"
"13/04/2026 14:03:59";"BOVA11";"BOVAE166";"V";"4000";"26,445";"29,64";"29,74";"1";"0";"29,57";"0";"-1318000"
"13/04/2026 14:03:59";"BOVA11";"BOVAQ195";"V";"4000";"6,26";"4,45";"4,5";"-0,4509";"0,0309";"4,54";"23,154";"704000"
"13/04/2026 14:03:59";"BOVA11";"BOVAQ164";"C";"10000";"1,75";"0,2";"0,21";"-0,0286";"0,0035";"0,21";"3,826";"-1550000"
"13/04/2026 14:03:59";"PRIO3";"PRIOD750";"C";"1000";"0,41";"0,34";"0,36";"0,1241";"0,0358";"0,34";"1,9495";"-7000"
"13/04/2026 14:03:59";"PRIO3";"PRIOE515";"V";"1700";"16,64";"16,89";"17,08";"0,9161";"0,0101";"17,4";"3,1454";"-74799,9999999996"
"13/04/2026 14:03:59";"PRIO3";"PRIOQ720";"V";"1700";"4,87";"6,86";"6,96";"-0,5714";"0,0317";"6,97";"8,0167";"-355300"
"13/04/2026 14:03:59";"PRIO3";"PRIOP600";"C";"1700";"0,46";"0,31";"0,33";"-0,1031";"0,0265";"0,35";"1,7087";"-25500"
"13/04/2026 14:03:59";"SMAL11";"SMALD139";"C";"1800";"0,2158";"0,02";"0,05";"0,0097";"0,0045";"0,02";"0,4543";"-35244"
"13/04/2026 14:03:59";"SMAL11";"SMALE119";"V";"1600";"7,56";"8,32";"8,41";"0,7952";"0,0326";"7,72";"10,6458";"-136000"
"13/04/2026 14:03:59";"SMAL11";"SMALQ119";"V";"1600";"2,35";"2,13";"2,17";"-0,2724";"0,0269";"2,18";"12,4528";"28800"
"13/04/2026 14:03:59";"SMAL11";"SMALP970";"C";"1800";"0,37";"0";"0";"-0,002";"0,0006";"0,01";"0,1114";"-66600"
"13/04/2026 14:03:59";"SBSP3";"SBSPE175";"C";"2300";"1,48";"3,61";"3,73";"0,4071";"0,0288";"3,76";"19,7764";"489900"
"13/04/2026 14:03:59";"SBSP3";"SBSPE155";"V";"1200";"7,87";"16,71";"17,2";"0,9642";"0,0083";"16,1";"4,0119";"-1119600"
"13/04/2026 14:03:59";"SBSP3";"SBSPQ166";"V";"1200";"4,61";"3,57";"3,67";"-0,3476";"0,0246";"3,68";"18,828";"112800"
"13/04/2026 14:03:59";"SBSP3";"SBSPQ131";"C";"2300";"0,96";"0,2";"0,38";"-0,0301";"0,0027";"0,31";"3,477";"-174800"
"13/04/2026 14:09:04";"EMBJ3";"EMBJE868";"C";"7000";"1,38";"4,72";"4,85";"0,5816";"0,039";"4,75";"10,282";"2338000"
"13/04/2026 14:09:04";"EMBJ3";"EMBJE704";"V";"4000";"8,35";"17,72";"20,6";"1";"0";"17,71";"0";"-4900000"
"13/04/2026 14:09:04";"EMBJ3";"EMBJQ878";"V";"4000";"4,85";"3,89";"4";"-0,4558";"0,0316";"4,74";"10,4379";"340000"
"13/04/2026 14:09:04";"EMBJ3";"EMBJQ660";"C";"7000";"1,3";"0,15";"0,19";"-0,0323";"0,0048";"0,2";"1,9026";"-805000"
"13/04/2026 14:09:04";"BOVA11";"BOVAE195";"C";"5000";"1,74";"5,24";"5,28";"0,5514";"0,0338";"5,26";"23,1374";"1750000"
"13/04/2026 14:09:04";"BOVA11";"BOVAE166";"V";"4000";"26,445";"29,61";"29,71";"1";"0";"29,67";"0";"-1306000"
"13/04/2026 14:09:04";"BOVA11";"BOVAQ195";"V";"4000";"6,26";"4,46";"4,5";"-0,4507";"0,0312";"4,5";"23,1526";"704000"
"13/04/2026 14:09:04";"BOVA11";"BOVAQ164";"C";"10000";"1,75";"0,2";"0,21";"-0,0286";"0,0035";"0,21";"3,8223";"-1550000"
"13/04/2026 14:09:04";"PRIO3";"PRIOD750";"C";"1000";"0,41";"0,32";"0,35";"0,1236";"0,0352";"0,34";"1,94";"-9000"
"13/04/2026 14:09:04";"PRIO3";"PRIOE515";"V";"1700";"16,64";"16,79";"16,95";"0,9062";"0,0105";"17,4";"3,4132";"-52699,9999999998"
"13/04/2026 14:09:04";"PRIO3";"PRIOQ720";"V";"1700";"4,87";"6,96";"7,02";"-0,5788";"0,0322";"6,97";"7,9701";"-365500"
"13/04/2026 14:09:04";"PRIO3";"PRIOP600";"C";"1700";"0,46";"0,32";"0,34";"-0,1052";"0,0271";"0,35";"1,7298";"-23800"
"13/04/2026 14:09:04";"SMAL11";"SMALD139";"C";"1800";"0,2158";"0,02";"0,05";"0,0094";"0,0043";"0,02";"0,4396";"-35244"
"13/04/2026 14:09:04";"SMAL11";"SMALE119";"V";"1600";"7,56";"8,27";"8,36";"0,7871";"0,0326";"7,72";"10,8858";"-128000"
"13/04/2026 14:09:04";"SMAL11";"SMALQ119";"V";"1600";"2,35";"2,15";"2,19";"-0,274";"0,0271";"2,18";"12,4795";"25600"
"13/04/2026 14:09:04";"SMAL11";"SMALP970";"C";"1800";"0,37";"0";"0";"-0,0021";"0,0006";"0,01";"0,1137";"-66600"
"13/04/2026 14:09:04";"SBSP3";"SBSPE175";"C";"2300";"1,48";"3,61";"3,75";"0,4071";"0,0289";"3,76";"19,7776";"489900"
"13/04/2026 14:09:04";"SBSP3";"SBSPE155";"V";"1200";"7,87";"16,36";"17,61";"0,9661";"0,0081";"16,1";"3,8388";"-1168800"
"13/04/2026 14:09:04";"SBSP3";"SBSPQ166";"V";"1200";"4,61";"3,56";"3,67";"-0,3476";"0,0246";"3,68";"18,8288";"112800"
"13/04/2026 14:09:04";"SBSP3";"SBSPQ131";"C";"2300";"0,96";"0,2";"0,38";"-0,0301";"0,0027";"0,31";"3,4746";"-174800"
"13/04/2026 14:14:10";"EMBJ3";"EMBJE868";"C";"7000";"1,38";"4,63";"4,74";"0,5726";"0,038";"4,75";"10,3033";"2275000"
"13/04/2026 14:14:10";"EMBJ3";"EMBJE704";"V";"4000";"8,35";"17,72";"20,59";"1";"0";"17,71";"0";"-4896000"
"13/04/2026 14:14:10";"EMBJ3";"EMBJQ878";"V";"4000";"4,85";"3,97";"4,08";"-0,4628";"0,0324";"4,74";"10,4317";"308000"
"13/04/2026 14:14:10";"EMBJ3";"EMBJQ660";"C";"7000";"1,3";"0,15";"0,19";"-0,0322";"0,0049";"0,2";"1,8967";"-805000"
"13/04/2026 14:14:10";"BOVA11";"BOVAE195";"C";"5000";"1,74";"5,32";"5,36";"0,5577";"0,0343";"5,27";"23,1067";"1790000"
"13/04/2026 14:14:10";"BOVA11";"BOVAE166";"V";"4000";"26,445";"29,79";"29,88";"1";"0";"29,74";"0";"-1374000"
"13/04/2026 14:14:10";"BOVA11";"BOVAQ195";"V";"4000";"6,26";"4,36";"4,38";"-0,4455";"0,0313";"4,38";"23,1319";"752000"
"13/04/2026 14:14:10";"BOVA11";"BOVAQ164";"C";"10000";"1,75";"0,19";"0,21";"-0,0271";"0,0034";"0,2";"3,6606";"-1560000"
"13/04/2026 14:14:10";"PRIO3";"PRIOD750";"C";"1000";"0,41";"0,33";"0,36";"0,1247";"0,0357";"0,34";"1,9552";"-8000"
"13/04/2026 14:14:10";"PRIO3";"PRIOE515";"V";"1700";"16,64";"16,83";"17";"0,9128";"0,0103";"17,4";"3,236";"-61199,9999999999"
"13/04/2026 14:14:10";"PRIO3";"PRIOQ720";"V";"1700";"4,87";"6,9";"6,95";"-0,5745";"0,0319";"6,97";"7,998";"-353600"
"13/04/2026 14:14:10";"PRIO3";"PRIOP600";"C";"1700";"0,46";"0,31";"0,33";"-0,1042";"0,0267";"0,35";"1,7204";"-25500"
"13/04/2026 14:14:10";"SMAL11";"SMALD139";"C";"1800";"0,2158";"0,02";"0,04";"0,0103";"0,0047";"0,02";"0,4791";"-35244"
"13/04/2026 14:14:10";"SMAL11";"SMALE119";"V";"1600";"7,56";"8,42";"8,51";"0,8088";"0,0327";"7,72";"10,2241";"-152000"
"13/04/2026 14:14:10";"SMAL11";"SMALQ119";"V";"1600";"2,35";"2,1";"2,14";"-0,2705";"0,0265";"2,18";"12,4221";"33600"
"13/04/2026 14:14:10";"SMAL11";"SMALP970";"C";"1800";"0,37";"0";"0";"-0,0019";"0,0006";"0,01";"0,1077";"-66600"
"13/04/2026 14:14:10";"SBSP3";"SBSPE175";"C";"2300";"1,48";"3,63";"3,79";"0,4095";"0,0292";"3,76";"19,8196";"494500"
"13/04/2026 14:14:10";"SBSP3";"SBSPE155";"V";"1200";"7,87";"16,83";"17,33";"0,9978";"0,0012";"16,1";"0,3529";"-1135200"
"13/04/2026 14:14:10";"SBSP3";"SBSPQ166";"V";"1200";"4,61";"3,52";"3,6";"-0,3454";"0,0244";"3,68";"18,7972";"121200"
"13/04/2026 14:14:10";"SBSP3";"SBSPQ131";"C";"2300";"0,96";"0,2";"0,38";"-0,0303";"0,0027";"0,31";"3,502";"-174800"
"13/04/2026 14:19:16";"EMBJ3";"EMBJE868";"C";"7000";"1,38";"4,72";"4,82";"0,5785";"0,0386";"4,75";"10,2901";"2338000"
"13/04/2026 14:19:16";"EMBJ3";"EMBJE704";"V";"4000";"8,35";"17,8";"20,57";"1";"0";"17,71";"0";"-4888000"
"13/04/2026 14:19:16";"EMBJ3";"EMBJQ878";"V";"4000";"4,85";"3,9";"3,99";"-0,4581";"0,0319";"4,74";"10,4361";"344000"
"13/04/2026 14:19:16";"EMBJ3";"EMBJQ660";"C";"7000";"1,3";"0,15";"0,19";"-0,0326";"0,0049";"0,2";"1,9176";"-805000"
"13/04/2026 14:19:16";"BOVA11";"BOVAE195";"C";"5000";"1,74";"5,41";"5,44";"0,5629";"0,0336";"5,44";"23,0811";"1835000"
"13/04/2026 14:19:16";"BOVA11";"BOVAE166";"V";"4000";"26,445";"29,96";"30,05";"1";"0";"29,74";"0";"-1442000"
"13/04/2026 14:19:16";"BOVA11";"BOVAQ195";"V";"4000";"6,26";"4,28";"4,32";"-0,4392";"0,0315";"4,26";"23,1015";"776000"
"13/04/2026 14:19:16";"BOVA11";"BOVAQ164";"C";"10000";"1,75";"0,18";"0,2";"-0,0274";"0,0034";"0,2";"3,6948";"-1570000"
"13/04/2026 14:19:16";"PRIO3";"PRIOD750";"C";"1000";"0,41";"0,32";"0,35";"0,1232";"0,0351";"0,34";"1,9359";"-9000"
"13/04/2026 14:19:16";"PRIO3";"PRIOE515";"V";"1700";"16,64";"16,78";"16,95";"0,9055";"0,0105";"17,4";"3,4307";"-52699,9999999998"
"13/04/2026 14:19:16";"PRIO3";"PRIOQ720";"V";"1700";"4,87";"6,96";"7,02";"-0,5795";"0,0323";"6,97";"7,9664";"-365500"
"13/04/2026 14:19:16";"PRIO3";"PRIOP600";"C";"1700";"0,46";"0,31";"0,34";"-0,104";"0,027";"0,35";"1,7154";"-25500"
"13/04/2026 14:19:16";"SMAL11";"SMALD139";"C";"1800";"0,2158";"0,02";"0,04";"0,0107";"0,0049";"0,02";"0,4969";"-35244"
"13/04/2026 14:19:16";"SMAL11";"SMALE119";"V";"1600";"7,56";"8,49";"8,57";"0,8192";"0,0326";"7,72";"9,8841";"-161600"
"13/04/2026 14:19:16";"SMAL11";"SMALQ119";"V";"1600";"2,35";"2,06";"2,1";"-0,2653";"0,0267";"2,09";"12,3092";"40000"
"13/04/2026 14:19:16";"SMAL11";"SMALP970";"C";"1800";"0,37";"0";"0";"-0,0019";"0,0005";"0,01";"0,1053";"-66600"
"13/04/2026 14:19:16";"SBSP3";"SBSPE175";"C";"2300";"1,48";"3,67";"3,81";"0,411";"0,0293";"3,76";"19,845";"503700"
"13/04/2026 14:19:16";"SBSP3";"SBSPE155";"V";"1200";"7,87";"16,79";"17,43";"1";"0";"16,1";"0";"-1147200"
"13/04/2026 14:19:16";"SBSP3";"SBSPQ166";"V";"1200";"4,61";"3,48";"3,57";"-0,3441";"0,0242";"3,68";"18,7798";"124800"
"13/04/2026 14:19:16";"SBSP3";"SBSPQ131";"C";"2300";"0,96";"0,19";"0,38";"-0,0301";"0,0027";"0,31";"3,4852";"-177100"
"13/04/2026 14:29:23";"EMBJ3";"EMBJE868";"C";"7000";"1,38";"4,77";"4,87";"0,5824";"0,039";"4,75";"10,2798";"2373000"
"13/04/2026 14:29:23";"EMBJ3";"EMBJE704";"V";"4000";"8,35";"17,89";"0";"1";"0";"17,71";"0";"3340000"
"13/04/2026 14:29:23";"EMBJ3";"EMBJQ878";"V";"4000";"4,85";"3,86";"3,96";"-0,4551";"0,0315";"4,74";"10,4383";"356000"
"13/04/2026 14:29:23";"EMBJ3";"EMBJQ660";"C";"7000";"1,3";"0,15";"0,19";"-0,0319";"0,0048";"0,2";"1,8877";"-805000"
"13/04/2026 14:29:23";"BOVA11";"BOVAE195";"C";"5000";"1,74";"5,47";"5,5";"0,5679";"0,0338";"5,49";"23,0498";"1865000"
"13/04/2026 14:29:23";"BOVA11";"BOVAE166";"V";"4000";"26,445";"30,05";"30,15";"1";"0";"30,11";"0";"-1482000"
"13/04/2026 14:29:23";"BOVA11";"BOVAQ195";"V";"4000";"6,26";"4,24";"4,27";"-0,436";"0,0307";"4,31";"23,0873";"796000"
"13/04/2026 14:29:23";"BOVA11";"BOVAQ164";"C";"10000";"1,75";"0,18";"0,2";"-0,0269";"0,0033";"0,2";"3,6483";"-1570000"
"13/04/2026 14:29:23";"PRIO3";"PRIOD750";"C";"1000";"0,41";"0,31";"0,33";"0,1213";"0,0343";"0,34";"1,9103";"-10000"
"13/04/2026 14:29:23";"PRIO3";"PRIOE515";"V";"1700";"16,64";"16,53";"16,7";"0,8943";"0,0109";"17,4";"3,7143";"-10199,9999999998"
"13/04/2026 14:29:23";"PRIO3";"PRIOQ720";"V";"1700";"4,87";"7,04";"7,16";"-0,5881";"0,0329";"6,97";"7,9089";"-389300"
"13/04/2026 14:29:23";"PRIO3";"PRIOP600";"C";"1700";"0,46";"0,33";"0,35";"-0,1057";"0,0278";"0,35";"1,7316";"-22100"
"13/04/2026 14:29:23";"SMAL11";"SMALD139";"C";"1800";"0,2158";"0,02";"0,04";"0,0115";"0,0052";"0,02";"0,5277";"-35244"
"13/04/2026 14:29:23";"SMAL11";"SMALE119";"V";"1600";"7,56";"8,6";"8,68";"0,8379";"0,0323";"7,72";"9,228";"-179200"
"13/04/2026 14:29:23";"SMAL11";"SMALQ119";"V";"1600";"2,35";"2,02";"2,05";"-0,2632";"0,0262";"2,09";"12,2758";"48000"
"13/04/2026 14:29:23";"SMAL11";"SMALP970";"C";"1800";"0,37";"0";"0";"-0,0018";"0,0005";"0,01";"0,1013";"-66600"
"13/04/2026 14:29:23";"SBSP3";"SBSPE175";"C";"2300";"1,48";"3,87";"4,01";"0,423";"0,0294";"3,94";"20,0208";"549700"
"13/04/2026 14:29:23";"SBSP3";"SBSPE155";"V";"1200";"7,87";"17,05";"17,74";"1";"0";"16,1";"0";"-1184400"
"13/04/2026 14:29:23";"SBSP3";"SBSPQ166";"V";"1200";"4,61";"3,38";"3,47";"-0,3374";"0,0234";"3,68";"18,6841";"136800"
"13/04/2026 14:29:23";"SBSP3";"SBSPQ131";"C";"2300";"0,96";"0,17";"0,38";"-0,0296";"0,0027";"0,31";"3,4459";"-181700"
"13/04/2026 14:33:45";"EMBJ3";"EMBJE868";"C";"7000";"1,38";"4,77";"4,87";"0,5847";"0,0392";"4,75";"10,2731";"23730"
"13/04/2026 14:33:45";"EMBJ3";"EMBJE704";"V";"4000";"8,35";"17,89";"0";"1";"0";"17,71";"0";"33400"
"13/04/2026 14:33:45";"EMBJ3";"EMBJQ878";"V";"4000";"4,85";"3,86";"3,96";"-0,4535";"0,0314";"4,74";"10,4394";"3560"
"13/04/2026 14:33:45";"EMBJ3";"EMBJQ660";"C";"7000";"1,3";"0,15";"0,19";"-0,0319";"0,0048";"0,2";"1,8877";"-8050"
"13/04/2026 14:33:45";"BOVA11";"BOVAE195";"C";"5000";"1,74";"5,47";"5,5";"0,5686";"0,0338";"5,49";"23,0447";"18650"
"13/04/2026 14:33:45";"BOVA11";"BOVAE166";"V";"4000";"26,445";"30,03";"30,14";"1";"0";"30,11";"0";"-14780"
"13/04/2026 14:33:45";"BOVA11";"BOVAQ195";"V";"4000";"6,26";"4,24";"4,27";"-0,436";"0,0307";"4,31";"23,0873";"7960"
"13/04/2026 14:33:45";"BOVA11";"BOVAQ164";"C";"10000";"1,75";"0,18";"0,2";"-0,0269";"0,0033";"0,2";"3,6411";"-15700"
"13/04/2026 14:33:45";"PRIO3";"PRIOD750";"C";"1000";"0,41";"0,31";"0,33";"0,121";"0,0342";"0,34";"1,9062";"-100"
"13/04/2026 14:33:45";"PRIO3";"PRIOE515";"V";"1700";"16,64";"16,53";"16,7";"0,8936";"0,0109";"17,4";"3,7302";"-101,999999999998"
"13/04/2026 14:33:45";"PRIO3";"PRIOQ720";"V";"1700";"4,87";"7,04";"7,16";"-0,5885";"0,0329";"6,97";"7,9063";"-3893"
"13/04/2026 14:33:45";"PRIO3";"PRIOP600";"C";"1700";"0,46";"0,33";"0,35";"-0,106";"0,0279";"0,35";"1,7346";"-221"
"13/04/2026 14:33:45";"SMAL11";"SMALD139";"C";"1800";"0,2158";"0,02";"0,04";"0,0117";"0,0052";"0,02";"0,5361";"-352,44"
"13/04/2026 14:33:45";"SMAL11";"SMALE119";"V";"1600";"7,56";"8,6";"8,68";"0,8434";"0,0322";"7,72";"9,0267";"-1792"
"13/04/2026 14:33:45";"SMAL11";"SMALQ119";"V";"1600";"2,35";"2,02";"2,05";"-0,2625";"0,0261";"2,09";"12,2624";"480"
"13/04/2026 14:33:45";"SMAL11";"SMALP970";"C";"1800";"0,37";"0";"0";"-0,0018";"0,0005";"0,01";"0,1003";"-666"
"13/04/2026 14:33:45";"SBSP3";"SBSPE175";"C";"2300";"1,48";"3,87";"4,01";"0,423";"0,0294";"3,94";"20,0208";"5497"
"13/04/2026 14:33:45";"SBSP3";"SBSPE155";"V";"1200";"7,87";"17,11";"17,74";"1";"0";"16,1";"0";"-11844"
"13/04/2026 14:33:45";"SBSP3";"SBSPQ166";"V";"1200";"4,61";"3,38";"3,47";"-0,3374";"0,0234";"3,68";"18,6841";"1368"
"13/04/2026 14:33:45";"SBSP3";"SBSPQ131";"C";"2300";"0,96";"0,17";"0,38";"-0,0296";"0,0027";"0,31";"3,4459";"-1817"
"13/04/2026 14:38:51";"EMBJ3";"EMBJE868";"C";"7000";"1,38";"4,8";"4,9";"0,5865";"0,0394";"4,75";"10,2674";"23940"
"13/04/2026 14:38:51";"EMBJ3";"EMBJE704";"V";"4000";"8,35";"0";"20,81";"0,9634";"0,0067";"18,55";"2,1151";"-49840"
"13/04/2026 14:38:51";"EMBJ3";"EMBJQ878";"V";"4000";"4,85";"3,82";"3,93";"-0,4522";"0,0312";"4,74";"10,4402";"3680"
"13/04/2026 14:38:51";"EMBJ3";"EMBJQ660";"C";"7000";"1,3";"0,15";"0,19";"-0,0317";"0,0048";"0,2";"1,8792";"-8050"
"13/04/2026 14:38:51";"BOVA11";"BOVAE195";"C";"5000";"1,74";"5,6";"5,64";"0,5763";"0,0338";"5,59";"22,9878";"19300"
"13/04/2026 14:38:51";"BOVA11";"BOVAE166";"V";"4000";"26,445";"30,25";"30,36";"1";"0";"30,11";"0";"-15660"
"13/04/2026 14:38:51";"BOVA11";"BOVAQ195";"V";"4000";"6,26";"4,15";"4,18";"-0,4285";"0,0307";"4,19";"23,0409";"8320"
"13/04/2026 14:38:51";"BOVA11";"BOVAQ164";"C";"10000";"1,75";"0,18";"0,2";"-0,027";"0,0033";"0,2";"3,661";"-15700"
"13/04/2026 14:38:51";"SMAL11";"SMALD139";"C";"1800";"0,2158";"0,02";"0,05";"0,0084";"0,0042";"0,02";"0,3998";"-352,44"
"13/04/2026 14:38:51";"SMAL11";"SMALE119";"V";"1600";"7,56";"8,72";"8,81";"0,8573";"0,0317";"7,72";"8,4883";"-2000"
"13/04/2026 14:38:51";"SMAL11";"SMALQ119";"V";"1600";"2,35";"1,98";"2,03";"-0,2609";"0,0259";"2,09";"12,2329";"512"
"13/04/2026 14:38:51";"SMAL11";"SMALP970";"C";"1800";"0,37";"0";"0";"-0,0017";"0,0005";"0,01";"0,0972";"-666"
"13/04/2026 14:38:51";"SBSP3";"SBSPE175";"C";"2300";"1,48";"4,07";"4,17";"0,4349";"0,0295";"4,11";"20,179";"5957"
"13/04/2026 14:38:51";"SBSP3";"SBSPE155";"V";"1200";"7,87";"17,51";"18,12";"1";"0";"16,1";"0";"-12300"
"13/04/2026 14:38:51";"SBSP3";"SBSPQ166";"V";"1200";"4,61";"3,24";"3,34";"-0,3309";"0,0226";"3,68";"18,5857";"1524"
"13/04/2026 14:38:51";"SBSP3";"SBSPQ131";"C";"2300";"0,96";"0,17";"0,38";"-0,0297";"0,0026";"0,31";"3,4603";"-1817"
"13/04/2026 14:43:56";"EMBJ3";"EMBJE868";"C";"7000";"1,38";"4,77";"4,87";"0,5851";"0,0392";"4,75";"10,2721";"23730"
"13/04/2026 14:43:56";"EMBJ3";"EMBJE704";"V";"4000";"8,35";"0";"20,77";"0,9588";"0,0071";"18,55";"2,3258";"-49680"
"13/04/2026 14:43:56";"EMBJ3";"EMBJQ878";"V";"4000";"4,85";"3,85";"3,96";"-0,4532";"0,0313";"4,74";"10,4396";"3560"
"13/04/2026 14:43:56";"EMBJ3";"EMBJQ660";"C";"7000";"1,3";"0,15";"0,19";"-0,0319";"0,0048";"0,2";"1,8855";"-8050"
"13/04/2026 14:43:56";"BOVA11";"BOVAE195";"C";"5000";"1,74";"5,59";"5,64";"0,5762";"0,0335";"5,64";"22,9906";"19250"
"13/04/2026 14:43:56";"BOVA11";"BOVAE166";"V";"4000";"26,445";"30,26";"30,36";"1";"0";"30,26";"0";"-15660"
"13/04/2026 14:43:56";"BOVA11";"BOVAQ195";"V";"4000";"6,26";"4,16";"4,19";"-0,4286";"0,0311";"4,14";"23,039";"8280"
"13/04/2026 14:43:56";"BOVA11";"BOVAQ164";"C";"10000";"1,75";"0,18";"0,2";"-0,0271";"0,0033";"0,2";"3,6681";"-15700"
"13/04/2026 14:43:56";"PRIO3";"PRIOD750";"C";"1000";"0,41";"0,3";"0,32";"0,1156";"0,0335";"0,32";"1,8432";"-110"
"13/04/2026 14:43:56";"PRIO3";"PRIOE515";"V";"1700";"16,64";"16,44";"16,63";"0,8866";"0,0111";"17,4";"3,8996";"17,0000000000027"
"13/04/2026 14:43:56";"PRIO3";"PRIOQ720";"V";"1700";"4,87";"7,09";"7,23";"-0,5944";"0,0333";"6,97";"7,8653";"-4012"
"13/04/2026 14:43:56";"PRIO3";"PRIOP600";"C";"1700";"0,46";"0,33";"0,35";"-0,1076";"0,0284";"0,35";"1,7507";"-221"
"13/04/2026 14:43:56";"SMAL11";"SMALD139";"C";"1800";"0,2158";"0,02";"0,05";"0,0121";"0,0054";"0,02";"0,5512";"-352,44"
"13/04/2026 14:43:56";"SMAL11";"SMALE119";"V";"1600";"7,56";"8,68";"8,77";"0,857";"0,0317";"7,72";"8,5003";"-1936"
"13/04/2026 14:43:56";"SMAL11";"SMALQ119";"V";"1600";"2,35";"2";"2,04";"-0,2616";"0,0259";"2,09";"12,2487";"496"
"13/04/2026 14:43:56";"SMAL11";"SMALP970";"C";"1800";"0,37";"0";"0";"-0,0017";"0,0005";"0,01";"0,0985";"-666"
"13/04/2026 14:43:56";"SBSP3";"SBSPE175";"C";"2300";"1,48";"4,05";"4,19";"0,4349";"0,0295";"4,11";"20,179";"5911"
"13/04/2026 14:43:56";"SBSP3";"SBSPE155";"V";"1200";"7,87";"17";"18,43";"1";"0";"16,1";"0";"-12672"
"13/04/2026 14:43:56";"SBSP3";"SBSPQ166";"V";"1200";"4,61";"3,26";"3,34";"-0,3309";"0,0226";"3,68";"18,5857";"1524"
"13/04/2026 14:43:56";"SBSP3";"SBSPQ131";"C";"2300";"0,96";"0,17";"0,38";"-0,0297";"0,0026";"0,31";"3,4603";"-1817"
"13/04/2026 14:49:02";"EMBJ3";"EMBJE868";"C";"7000";"1,38";"4,78";"4,88";"0,5847";"0,0392";"4,75";"10,2731";"23800"
"13/04/2026 14:49:02";"EMBJ3";"EMBJE704";"V";"4000";"8,35";"0";"20,77";"0,9573";"0,0073";"18,55";"2,3959";"-49680"
"13/04/2026 14:49:02";"EMBJ3";"EMBJQ878";"V";"4000";"4,85";"3,85";"3,95";"-0,4535";"0,0314";"4,74";"10,4394";"3600"
"13/04/2026 14:49:02";"EMBJ3";"EMBJQ660";"C";"7000";"1,3";"0,15";"0,19";"-0,0319";"0,0048";"0,2";"1,8877";"-8050"
"13/04/2026 14:49:02";"BOVA11";"BOVAE195";"C";"5000";"1,74";"5,6";"5,63";"0,5748";"0,0336";"5,62";"23,0009";"19300"
"13/04/2026 14:49:02";"BOVA11";"BOVAE166";"V";"4000";"26,445";"30,22";"30,33";"1";"0";"30,26";"0";"-15540"
"13/04/2026 14:49:02";"BOVA11";"BOVAQ195";"V";"4000";"6,26";"4,18";"4,21";"-0,4294";"0,0307";"4,2";"23,0463";"8200"
"13/04/2026 14:49:02";"BOVA11";"BOVAQ164";"C";"10000";"1,75";"0,18";"0,2";"-0,0271";"0,0033";"0,2";"3,6717";"-15700"
"13/04/2026 14:49:02";"PRIO3";"PRIOD750";"C";"1000";"0,41";"0,28";"0,3";"0,1104";"0,0322";"0,3";"1,7771";"-130"
"13/04/2026 14:49:02";"PRIO3";"PRIOE515";"V";"1700";"16,64";"16,18";"16,41";"0,8739";"0,0113";"17,4";"4,1879";"391,000000000001"
"13/04/2026 14:49:02";"PRIO3";"PRIOQ720";"V";"1700";"4,87";"7,25";"7,36";"-0,6058";"0,0341";"6,97";"7,7837";"-4233"
"13/04/2026 14:49:02";"PRIO3";"PRIOP600";"C";"1700";"0,46";"0,35";"0,38";"-0,1088";"0,0294";"0,35";"1,7597";"-187"
"13/04/2026 14:49:02";"SMAL11";"SMALD139";"C";"1800";"0,2158";"0,02";"0,05";"0,0121";"0,0054";"0,02";"0,5512";"-352,44"
"13/04/2026 14:49:02";"SMAL11";"SMALE119";"V";"1600";"7,56";"8,66";"8,75";"0,8534";"0,0318";"7,72";"8,6408";"-1904"
"13/04/2026 14:49:02";"SMAL11";"SMALQ119";"V";"1600";"2,35";"2,01";"2,04";"-0,2616";"0,0259";"2,09";"12,2487";"496"
"13/04/2026 14:49:02";"SMAL11";"SMALP970";"C";"1800";"0,37";"0";"0";"-0,0017";"0,0005";"0,01";"0,0985";"-666"
"13/04/2026 14:49:02";"SBSP3";"SBSPE175";"C";"2300";"1,48";"4";"4,15";"0,4324";"0,0292";"4,11";"20,1433";"5796"
"13/04/2026 14:49:02";"SBSP3";"SBSPE155";"V";"1200";"7,87";"17,44";"17,87";"1";"0";"16,1";"0";"-12000"
"13/04/2026 14:49:02";"SBSP3";"SBSPQ166";"V";"1200";"4,61";"3,29";"3,37";"-0,3329";"0,0228";"3,68";"18,6171";"1488"
"13/04/2026 14:49:02";"SBSP3";"SBSPQ131";"C";"2300";"0,96";"0,17";"0,38";"-0,0295";"0,0026";"0,31";"3,4332";"-1817"
"13/04/2026 14:54:08";"EMBJ3";"EMBJE868";"C";"7000";"1,38";"4,77";"4,88";"0,5833";"0,0391";"4,75";"10,2772";"23730"
"13/04/2026 14:54:08";"EMBJ3";"EMBJE704";"V";"4000";"8,35";"0";"20,77";"0,9541";"0,0076";"18,55";"2,5386";"-49680"
"13/04/2026 14:54:08";"EMBJ3";"EMBJQ878";"V";"4000";"4,85";"3,83";"3,93";"-0,4545";"0,0315";"4,74";"10,4388";"3680"
"13/04/2026 14:54:08";"EMBJ3";"EMBJQ660";"C";"7000";"1,3";"0,15";"0,19";"-0,0321";"0,0048";"0,2";"1,8941";"-8050"
"13/04/2026 14:54:08";"BOVA11";"BOVAE195";"C";"5000";"1,74";"5,56";"5,59";"0,5727";"0,0335";"5,6";"23,0174";"19100"
"13/04/2026 14:54:08";"BOVA11";"BOVAE166";"V";"4000";"26,445";"30,16";"30,27";"1";"0";"30,26";"0";"-15300"
"13/04/2026 14:54:08";"BOVA11";"BOVAQ195";"V";"4000";"6,26";"4,2";"4,23";"-0,4304";"0,0309";"4,2";"23,0525";"8120"
"13/04/2026 14:54:08";"BOVA11";"BOVAQ164";"C";"10000";"1,75";"0,18";"0,2";"-0,0273";"0,0033";"0,2";"3,6894";"-15700"
"13/04/2026 14:54:08";"PRIO3";"PRIOD750";"C";"1000";"0,41";"0,28";"0,31";"0,1094";"0,0323";"0,3";"1,7665";"-130"
"13/04/2026 14:54:08";"PRIO3";"PRIOE515";"V";"1700";"16,64";"16,26";"16,45";"0,8782";"0,0113";"17,4";"4,0908";"323,000000000002"
"13/04/2026 14:54:08";"PRIO3";"PRIOQ720";"V";"1700";"4,87";"7,22";"7,3";"-0,6047";"0,034";"6,97";"7,7917";"-4131"
"13/04/2026 14:54:08";"PRIO3";"PRIOP600";"C";"1700";"0,46";"0,34";"0,36";"-0,1089";"0,0291";"0,35";"1,7618";"-204"
"13/04/2026 14:54:08";"SMAL11";"SMALD139";"C";"1800";"0,2158";"0,02";"0,04";"0,0116";"0,0052";"0,02";"0,5319";"-352,44"
"13/04/2026 14:54:08";"SMAL11";"SMALE119";"V";"1600";"7,56";"8,6";"8,68";"0,8406";"0,0322";"7,72";"9,1283";"-1792"
"13/04/2026 14:54:08";"SMAL11";"SMALQ119";"V";"1600";"2,35";"2,03";"2,06";"-0,2627";"0,0262";"2,09";"12,2652";"464"
"13/04/2026 14:54:08";"SMAL11";"SMALP970";"C";"1800";"0,37";"0";"0";"-0,0018";"0,0005";"0,01";"0,1008";"-666"
"13/04/2026 14:54:08";"SBSP3";"SBSPE175";"C";"2300";"1,48";"3,96";"4,11";"0,4305";"0,029";"4,11";"20,1155";"5704"
"13/04/2026 14:54:08";"SBSP3";"SBSPE155";"V";"1200";"7,87";"17,32";"17,89";"1";"0";"16,1";"0";"-12024"
"13/04/2026 14:54:08";"SBSP3";"SBSPQ166";"V";"1200";"4,61";"3,33";"3,41";"-0,3342";"0,023";"3,68";"18,6367";"1440"
"13/04/2026 14:54:08";"SBSP3";"SBSPQ131";"C";"2300";"0,96";"0,19";"0,38";"-0,0297";"0,0026";"0,31";"3,4543";"-1771"
"13/04/2026 14:59:14";"EMBJ3";"EMBJE868";"C";"7000";"1,38";"4,81";"4,92";"0,5884";"0,0396";"4,75";"10,2612";"24010"
"13/04/2026 14:59:14";"EMBJ3";"EMBJE704";"V";"4000";"8,35";"0";"20,77";"0,9706";"0,0059";"18,55";"1,7652";"-49680"
"13/04/2026 14:59:14";"EMBJ3";"EMBJQ878";"V";"4000";"4,85";"3,78";"3,9";"-0,4506";"0,0311";"4,74";"10,441";"3800"
"13/04/2026 14:59:14";"EMBJ3";"EMBJQ660";"C";"7000";"1,3";"0,15";"0,19";"-0,0315";"0,0047";"0,2";"1,8686";"-8050"
"13/04/2026 14:59:14";"BOVA11";"BOVAE195";"C";"5000";"1,74";"5,59";"5,62";"0,574";"0,0337";"5,59";"23,0068";"19250"
"13/04/2026 14:59:14";"BOVA11";"BOVAE166";"V";"4000";"26,445";"30,22";"30,33";"1";"0";"30,26";"0";"-15540"
"13/04/2026 14:59:14";"BOVA11";"BOVAQ195";"V";"4000";"6,26";"4,17";"4,2";"-0,4299";"0,0311";"4,16";"23,0479";"8240"
"13/04/2026 14:59:14";"BOVA11";"BOVAQ164";"C";"10000";"1,75";"0,18";"0,2";"-0,0272";"0,0033";"0,2";"3,6823";"-15700"
"13/04/2026 14:59:14";"PRIO3";"PRIOD750";"C";"1000";"0,41";"0,29";"0,32";"0,1106";"0,033";"0,3";"1,7854";"-120"
"13/04/2026 14:59:14";"PRIO3";"PRIOE515";"V";"1700";"16,64";"16,29";"16,45";"0,8789";"0,0113";"17,4";"4,077";"323,000000000002"
"13/04/2026 14:59:14";"PRIO3";"PRIOQ720";"V";"1700";"4,87";"7,21";"7,24";"-0,6023";"0,0339";"6,97";"7,8093";"-4029"
"13/04/2026 14:59:14";"PRIO3";"PRIOP600";"C";"1700";"0,46";"0,34";"0,36";"-0,1086";"0,0291";"0,35";"1,7587";"-204"
"13/04/2026 14:59:14";"SMAL11";"SMALD139";"C";"1800";"0,2158";"0,02";"0,04";"0,0119";"0,0053";"0,02";"0,5426";"-352,44"
"13/04/2026 14:59:14";"SMAL11";"SMALE119";"V";"1600";"7,56";"8,66";"8,74";"0,8517";"0,0319";"7,72";"8,7098";"-1888"
"13/04/2026 14:59:14";"SMAL11";"SMALQ119";"V";"1600";"2,35";"2,01";"2,05";"-0,2616";"0,026";"2,09";"12,2462";"480"
"13/04/2026 14:59:14";"SMAL11";"SMALP970";"C";"1800";"0,37";"0";"0";"-0,0018";"0,0005";"0,01";"0,0987";"-666"
"13/04/2026 14:59:14";"SBSP3";"SBSPE175";"C";"2300";"1,48";"4";"4,14";"0,4321";"0,0292";"4,11";"20,1395";"5796"
"13/04/2026 14:59:14";"SBSP3";"SBSPE155";"V";"1200";"7,87";"17,48";"17,88";"1";"0";"16,1";"0";"-12012"
"13/04/2026 14:59:14";"SBSP3";"SBSPQ166";"V";"1200";"4,61";"3,29";"3,38";"-0,3331";"0,0228";"3,68";"18,621";"1476"
"13/04/2026 14:59:14";"SBSP3";"SBSPQ131";"C";"2300";"0,96";"0,19";"0,38";"-0,0295";"0,0026";"0,31";"3,4355";"-1771"
"13/04/2026 15:04:20";"EMBJ3";"EMBJE868";"C";"7000";"1,38";"4,83";"4,94";"0,593";"0,04";"4,75";"10,2452";"24150"
"13/04/2026 15:04:20";"EMBJ3";"EMBJE704";"V";"4000";"8,35";"0";"0";"0,9853";"0,0038";"18,55";"0,9828";"33400"
"13/04/2026 15:04:20";"EMBJ3";"EMBJQ878";"V";"4000";"4,85";"3,74";"3,85";"-0,4478";"0,0308";"4,74";"10,4422";"4000"
"13/04/2026 15:04:20";"EMBJ3";"EMBJQ660";"C";"7000";"1,3";"0,14";"0,18";"-0,0321";"0,0048";"0,2";"1,9001";"-8120"
"13/04/2026 15:04:20";"BOVA11";"BOVAE195";"C";"5000";"1,74";"5,68";"5,73";"0,5802";"0,0334";"5,71";"22,9583";"19700"
"13/04/2026 15:04:20";"BOVA11";"BOVAE166";"V";"4000";"26,445";"30,39";"30,49";"1";"0";"30,26";"0";"-16180"
"13/04/2026 15:04:20";"BOVA11";"BOVAQ195";"V";"4000";"6,26";"4,1";"4,12";"-0,4244";"0,0307";"4,13";"23,0114";"8560"
"13/04/2026 15:04:20";"BOVA11";"BOVAQ164";"C";"10000";"1,75";"0,18";"0,2";"-0,0266";"0,0033";"0,2";"3,6187";"-15700"
"13/04/2026 15:04:20";"PRIO3";"PRIOD750";"C";"1000";"0,41";"0,29";"0,31";"0,1106";"0,033";"0,3";"1,7854";"-120"
"13/04/2026 15:04:20";"PRIO3";"PRIOE515";"V";"1700";"16,64";"16,42";"16,58";"0,8853";"0,0111";"17,4";"3,9293";"102,000000000004"
"13/04/2026 15:04:20";"PRIO3";"PRIOQ720";"V";"1700";"4,87";"7,02";"10,99";"-0,5882";"0,0321";"7,17";"7,8935";"-10404"
"13/04/2026 15:04:20";"PRIO3";"PRIOP600";"C";"1700";"0,46";"0,33";"0,35";"-0,1082";"0,0285";"0,35";"1,7568";"-221"
"13/04/2026 15:04:20";"SMAL11";"SMALD139";"C";"1800";"0,2158";"0,02";"0,05";"0,0085";"0,0042";"0,02";"0,407";"-352,44"
"13/04/2026 15:04:20";"SMAL11";"SMALE119";"V";"1600";"7,56";"8,72";"8,82";"0,8645";"0,0314";"7,72";"8,1963";"-2016"
"13/04/2026 15:04:20";"SMAL11";"SMALQ119";"V";"1600";"2,35";"1,99";"2,02";"-0,2605";"0,0258";"2,09";"12,2274";"528"
"13/04/2026 15:04:20";"SMAL11";"SMALP970";"C";"1800";"0,37";"0";"0";"-0,0017";"0,0005";"0,01";"0,0967";"-666"
"13/04/2026 15:04:20";"SBSP3";"SBSPE175";"C";"2300";"1,48";"3,97";"4,13";"0,4318";"0,0291";"4,11";"20,134";"5727"
"13/04/2026 15:04:20";"SBSP3";"SBSPE155";"V";"1200";"7,87";"17,24";"18,07";"1";"0";"16,1";"0";"-12240"
"13/04/2026 15:04:20";"SBSP3";"SBSPQ166";"V";"1200";"4,61";"3,31";"3,4";"-0,3333";"0,0229";"3,68";"18,6236";"1452"
"13/04/2026 15:04:20";"SBSP3";"SBSPQ131";"C";"2300";"0,96";"0,19";"0,38";"-0,0295";"0,0026";"0,31";"3,4402";"-1771"
"13/04/2026 15:09:26";"EMBJ3";"EMBJE868";"C";"7000";"1,38";"4,83";"4,93";"0,5911";"0,0399";"4,75";"10,2518";"24150"
"13/04/2026 15:09:26";"EMBJ3";"EMBJE704";"V";"4000";"8,35";"0";"21,02";"0,9785";"0,0049";"18,55";"1,3593";"-50680"
"13/04/2026 15:09:26";"EMBJ3";"EMBJQ878";"V";"4000";"4,85";"3,74";"3,84";"-0,449";"0,0309";"4,74";"10,4418";"4040"
"13/04/2026 15:09:26";"EMBJ3";"EMBJQ660";"C";"7000";"1,3";"0,14";"0,18";"-0,0323";"0,0048";"0,2";"1,9085";"-8120"
"13/04/2026 15:09:26";"BOVA11";"BOVAE195";"C";"5000";"1,74";"5,63";"5,66";"0,576";"0,0334";"5,65";"22,9924";"19450"
"13/04/2026 15:09:26";"BOVA11";"BOVAE166";"V";"4000";"26,445";"30,26";"30,36";"1";"0";"30,26";"0";"-15660"
"13/04/2026 15:09:26";"BOVA11";"BOVAQ195";"V";"4000";"6,26";"4,17";"4,2";"-0,428";"0,0309";"4,16";"23,0361";"8240"
"13/04/2026 15:09:26";"BOVA11";"BOVAQ164";"C";"10000";"1,75";"0,18";"0,2";"-0,027";"0,0033";"0,2";"3,6575";"-15700"
"13/04/2026 15:09:26";"PRIO3";"PRIOD750";"C";"1000";"0,41";"0,3";"0,32";"0,1133";"0,0337";"0,3";"1,8198";"-110"
"13/04/2026 15:09:26";"PRIO3";"PRIOE515";"V";"1700";"16,64";"16,54";"16,71";"0,9671";"0,0069";"16,6";"1,4923";"-119"
"13/04/2026 15:09:26";"PRIO3";"PRIOQ720";"V";"1700";"4,87";"7";"7,11";"-0,5815";"0,0316";"7,17";"7,9377";"-3808"
"13/04/2026 15:09:26";"PRIO3";"PRIOP600";"C";"1700";"0,46";"0,32";"0,34";"-0,1057";"0,0278";"0,35";"1,7316";"-238"
"13/04/2026 15:09:26";"SMAL11";"SMALD139";"C";"1800";"0,2158";"0,02";"0,05";"0,0122";"0,0054";"0,02";"0,5556";"-352,44"
"13/04/2026 15:09:26";"SMAL11";"SMALE119";"V";"1600";"7,56";"8,7";"8,78";"0,857";"0,0317";"7,72";"8,5003";"-1952"
"13/04/2026 15:09:26";"SMAL11";"SMALQ119";"V";"1600";"2,35";"1,99";"2,03";"-0,2611";"0,0259";"2,09";"12,2382";"512"
"13/04/2026 15:09:26";"SMAL11";"SMALP970";"C";"1800";"0,37";"0";"0";"-0,0017";"0,0005";"0,01";"0,098";"-666"
"13/04/2026 15:09:26";"SBSP3";"SBSPE175";"C";"2300";"1,48";"3,94";"4,04";"0,428";"0,0287";"4,11";"20,0782";"5658"
"13/04/2026 15:09:26";"SBSP3";"SBSPE155";"V";"1200";"7,87";"17,24";"17,73";"1";"0";"16,1";"0";"-11832"
"13/04/2026 15:09:26";"SBSP3";"SBSPQ166";"V";"1200";"4,61";"3,35";"3,43";"-0,3363";"0,0232";"3,68";"18,6682";"1416"
"13/04/2026 15:09:26";"SBSP3";"SBSPQ131";"C";"2300";"0,96";"0,19";"0,38";"-0,03";"0,0027";"0,31";"3,4825";"-1771"
"13/04/2026 15:14:33";"EMBJ3";"EMBJE868";"C";"7000";"1,38";"4,82";"4,93";"0,5884";"0,0396";"4,75";"10,2612";"24080"
"13/04/2026 15:14:33";"EMBJ3";"EMBJE704";"V";"4000";"8,35";"0";"20,88";"0,9678";"0,0062";"18,55";"1,9018";"-50120"
"13/04/2026 15:14:33";"EMBJ3";"EMBJQ878";"V";"4000";"4,85";"3,78";"3,87";"-0,4509";"0,0311";"4,74";"10,4409";"3920"
"13/04/2026 15:14:33";"EMBJ3";"EMBJQ660";"C";"7000";"1,3";"0,14";"0,18";"-0,0315";"0,0047";"0,2";"1,8707";"-8120"
"13/04/2026 15:14:33";"BOVA11";"BOVAE195";"C";"5000";"1,74";"5,71";"5,74";"0,5784";"0,033";"5,76";"22,9762";"19850"
"13/04/2026 15:14:33";"BOVA11";"BOVAE166";"V";"4000";"26,445";"30,37";"30,48";"1";"0";"30,26";"0";"-16140"
"13/04/2026 15:14:33";"BOVA11";"BOVAQ195";"V";"4000";"6,26";"4,15";"4,18";"-0,4256";"0,0305";"4,17";"23,0211";"8320"
"13/04/2026 15:14:33";"BOVA11";"BOVAQ164";"C";"10000";"1,75";"0,18";"0,2";"-0,0267";"0,0033";"0,2";"3,6258";"-15700"
"13/04/2026 15:14:33";"PRIO3";"PRIOD750";"C";"1000";"0,41";"0,3";"0,32";"0,1123";"0,0338";"0,3";"1,809";"-110"
"13/04/2026 15:14:33";"PRIO3";"PRIOE515";"V";"1700";"16,64";"16,6";"16,77";"0,9627";"0,0073";"16,66";"1,656";"-220,999999999998"
"13/04/2026 15:14:33";"PRIO3";"PRIOQ720";"V";"1700";"4,87";"6,96";"7,08";"-0,58";"0,0315";"7,17";"7,9477";"-3757"
"13/04/2026 15:14:33";"PRIO3";"PRIOP600";"C";"1700";"0,46";"0,31";"0,34";"-0,1064";"0,0277";"0,35";"1,74";"-255"
"13/04/2026 15:14:33";"SMAL11";"SMALD139";"C";"1800";"0,2158";"0,02";"0,05";"0,0084";"0,0042";"0,02";"0,3998";"-352,44"
"13/04/2026 15:14:33";"SMAL11";"SMALE119";"V";"1600";"7,56";"8,68";"8,77";"0,857";"0,0317";"7,72";"8,5003";"-1936"
"13/04/2026 15:14:33";"SMAL11";"SMALQ119";"V";"1600";"2,35";"2";"2,03";"-0,2611";"0,0259";"2,09";"12,2382";"512"
"13/04/2026 15:14:33";"SMAL11";"SMALP970";"C";"1800";"0,37";"0";"0";"-0,0017";"0,0005";"0,01";"0,098";"-666"
"13/04/2026 15:14:33";"SBSP3";"SBSPE175";"C";"2300";"1,48";"3,92";"4,05";"0,4243";"0,0287";"4,04";"20,0289";"5612"
"13/04/2026 15:14:33";"SBSP3";"SBSPE155";"V";"1200";"7,87";"17,1";"17,81";"1";"0";"16,1";"0";"-11928"
"13/04/2026 15:14:33";"SBSP3";"SBSPQ166";"V";"1200";"4,61";"3,39";"3,47";"-0,3381";"0,0235";"3,68";"18,6947";"1368"
"13/04/2026 15:14:33";"SBSP3";"SBSPQ131";"C";"2300";"0,96";"0,19";"0,38";"-0,0296";"0,0027";"0,31";"3,4459";"-1771"
"13/04/2026 15:19:39";"EMBJ3";"EMBJE868";"C";"7000";"1,38";"4,83";"4,93";"0,5897";"0,0397";"4,75";"10,2568";"24150"
"13/04/2026 15:19:39";"EMBJ3";"EMBJE704";"V";"4000";"8,35";"0";"20,88";"0,9733";"0,0056";"18,55";"1,627";"-50120"
"13/04/2026 15:19:39";"EMBJ3";"EMBJQ878";"V";"4000";"4,85";"3,78";"3,87";"-0,45";"0,031";"4,74";"10,4413";"3920"
"13/04/2026 15:19:39";"EMBJ3";"EMBJQ660";"C";"7000";"1,3";"0,14";"0,18";"-0,0324";"0,0048";"0,2";"1,9128";"-8120"
"13/04/2026 15:19:39";"BOVA11";"BOVAE195";"C";"5000";"1,74";"5,64";"5,67";"0,5718";"0,0329";"5,68";"23,0266";"19500"
"13/04/2026 15:19:39";"BOVA11";"BOVAE166";"V";"4000";"26,445";"30,22";"30,32";"1";"0";"30,26";"0";"-15500"
"13/04/2026 15:19:39";"BOVA11";"BOVAQ195";"V";"4000";"6,26";"4,24";"4,27";"-0,4313";"0,0307";"4,24";"23,0594";"7960"
"13/04/2026 15:19:39";"BOVA11";"BOVAQ164";"C";"10000";"1,75";"0,19";"0,21";"-0,0273";"0,0033";"0,2";"3,693";"-15600"
"13/04/2026 15:19:39";"PRIO3";"PRIOD750";"C";"1000";"0,41";"0,29";"0,31";"0,1116";"0,0332";"0,3";"1,7977";"-120"
"13/04/2026 15:19:39";"PRIO3";"PRIOE515";"V";"1700";"16,64";"16,46";"16,63";"0,9444";"0,009";"16,66";"2,2764";"17,0000000000027"
"13/04/2026 15:19:39";"PRIO3";"PRIOQ720";"V";"1700";"4,87";"7,05";"7,12";"-0,5895";"0,0324";"7,1";"7,89";"-3825"
"13/04/2026 15:19:39";"PRIO3";"PRIOP600";"C";"1700";"0,46";"0,32";"0,34";"-0,1028";"0,0281";"0,32";"1,6939";"-238"
"13/04/2026 15:19:39";"SMAL11";"SMALD139";"C";"1800";"0,2158";"0,02";"0,05";"0,0119";"0,0053";"0,02";"0,5426";"-352,44"
"13/04/2026 15:19:39";"SMAL11";"SMALE119";"V";"1600";"7,56";"8,66";"8,73";"0,8496";"0,032";"7,72";"8,7896";"-1872"
"13/04/2026 15:19:39";"SMAL11";"SMALQ119";"V";"1600";"2,35";"2,01";"2,05";"-0,262";"0,0261";"2,09";"12,2543";"480"
"13/04/2026 15:19:39";"SMAL11";"SMALP970";"C";"1800";"0,37";"0";"0";"-0,0018";"0,0005";"0,01";"0,0995";"-666"
"13/04/2026 15:19:39";"SBSP3";"SBSPE175";"C";"2300";"1,48";"3,84";"3,94";"0,4212";"0,0284";"4,04";"19,9807";"5428"
"13/04/2026 15:19:39";"SBSP3";"SBSPE155";"V";"1200";"7,87";"16,98";"17,86";"1";"0";"16,1";"0";"-11988"
"13/04/2026 15:19:39";"SBSP3";"SBSPQ166";"V";"1200";"4,61";"3,45";"3,56";"-0,3407";"0,0238";"3,68";"18,7329";"1260"
"13/04/2026 15:19:39";"SBSP3";"SBSPQ131";"C";"2300";"0,96";"0,19";"0,38";"-0,0302";"0,0027";"0,31";"3,4909";"-1771"
"13/04/2026 15:24:44";"EMBJ3";"EMBJE868";"C";"7000";"1,38";"4,88";"4,98";"0,5939";"0,0401";"4,75";"10,2416";"24500"
"13/04/2026 15:24:44";"EMBJ3";"EMBJE704";"V";"4000";"8,35";"0";"0";"0,9908";"0,0027";"18,55";"0,654";"33400"
"13/04/2026 15:24:44";"EMBJ3";"EMBJQ878";"V";"4000";"4,85";"3,71";"3,82";"-0,4471";"0,0307";"4,74";"10,4424";"4120"
"13/04/2026 15:24:44";"EMBJ3";"EMBJQ660";"C";"7000";"1,3";"0,14";"0,18";"-0,032";"0,0048";"0,2";"1,8959";"-8120"
"13/04/2026 15:24:44";"BOVA11";"BOVAE195";"C";"5000";"1,74";"5,56";"5,6";"0,5683";"0,0331";"5,6";"23,0498";"19100"
"13/04/2026 15:24:44";"BOVA11";"BOVAE166";"V";"4000";"26,445";"30,08";"30,18";"1";"0";"30,26";"0";"-14940"
"13/04/2026 15:24:44";"BOVA11";"BOVAQ195";"V";"4000";"6,26";"4,3";"4,34";"-0,4354";"0,0307";"4,3";"23,0838";"7680"
"13/04/2026 15:24:44";"BOVA11";"BOVAQ164";"C";"10000";"1,75";"0,19";"0,21";"-0,0269";"0,0033";"0,2";"3,6411";"-15600"
"13/04/2026 15:24:44";"PRIO3";"PRIOD750";"C";"1000";"0,41";"0,31";"0,33";"0,1113";"0,0331";"0,3";"1,7936";"-100"
"13/04/2026 15:24:44";"PRIO3";"PRIOE515";"V";"1700";"16,64";"16,46";"16,63";"0,9431";"0,0091";"16,66";"2,3193";"17,0000000000027"
"13/04/2026 15:24:44";"PRIO3";"PRIOQ720";"V";"1700";"4,87";"7,08";"7,18";"-0,5895";"0,0324";"7,1";"7,89";"-3927"
"13/04/2026 15:24:44";"PRIO3";"PRIOP600";"C";"1700";"0,46";"0,35";"0,36";"-0,1016";"0,0281";"0,32";"1,6788";"-187"
"13/04/2026 15:24:44";"SMAL11";"SMALD139";"C";"1800";"0,2158";"0,02";"0,04";"0,0109";"0,005";"0,02";"0,5049";"-352,44"
"13/04/2026 15:24:44";"SMAL11";"SMALE119";"V";"1600";"7,56";"8,53";"8,6";"0,8237";"0,0325";"7,72";"9,7315";"-1664"
"13/04/2026 15:24:44";"SMAL11";"SMALQ119";"V";"1600";"2,35";"2,06";"2,09";"-0,2648";"0,0265";"2,09";"12,3032";"416"
"13/04/2026 15:24:44";"SMAL11";"SMALP970";"C";"1800";"0,37";"0";"0";"-0,0019";"0,0005";"0,01";"0,1045";"-666"
"13/04/2026 15:24:44";"SBSP3";"SBSPE175";"C";"2300";"1,48";"3,72";"3,86";"0,4158";"0,0278";"4,04";"19,8903";"5152"
"13/04/2026 15:24:44";"SBSP3";"SBSPE155";"V";"1200";"7,87";"16,77";"17,29";"0,9978";"0,0012";"16,1";"0,3529";"-11304"
"13/04/2026 15:24:44";"SBSP3";"SBSPQ166";"V";"1200";"4,61";"3,55";"3,65";"-0,3454";"0,0244";"3,68";"18,7972";"1152"
"13/04/2026 15:24:44";"SBSP3";"SBSPQ131";"C";"2300";"0,96";"0,2";"0,38";"-0,0303";"0,0027";"0,31";"3,502";"-1748"
"13/04/2026 15:29:50";"EMBJ3";"EMBJE868";"C";"7000";"1,38";"4,83";"4,94";"0,5897";"0,0397";"4,75";"10,2568";"24150"
"13/04/2026 15:29:50";"EMBJ3";"EMBJE704";"V";"4000";"8,35";"0";"20,93";"0,9733";"0,0056";"18,55";"1,627";"-50320"
"13/04/2026 15:29:50";"EMBJ3";"EMBJQ878";"V";"4000";"4,85";"3,76";"3,82";"-0,45";"0,031";"4,74";"10,4413";"4120"
"13/04/2026 15:29:50";"EMBJ3";"EMBJQ660";"C";"7000";"1,3";"0,14";"0,18";"-0,0324";"0,0048";"0,2";"1,9149";"-8120"
"13/04/2026 15:29:50";"BOVA11";"BOVAE195";"C";"5000";"1,74";"5,58";"5,62";"0,5672";"0,0333";"5,59";"23,0574";"19200"
"13/04/2026 15:29:50";"BOVA11";"BOVAE166";"V";"4000";"26,445";"30,07";"30,16";"1";"0";"30,26";"0";"-14860"
"13/04/2026 15:29:50";"BOVA11";"BOVAQ195";"V";"4000";"6,26";"4,34";"4,33";"-0,4367";"0,0307";"4,3";"23,0917";"7720"
"13/04/2026 15:29:50";"BOVA11";"BOVAQ164";"C";"10000";"1,75";"0,2";"0,21";"-0,0269";"0,0033";"0,2";"3,6447";"-15500"
"13/04/2026 15:29:50";"PRIO3";"PRIOD750";"C";"1000";"0,41";"0,33";"0,35";"0,1123";"0,0335";"0,3";"1,8074";"-80"
"13/04/2026 15:29:50";"PRIO3";"PRIOE515";"V";"1700";"16,64";"16,49";"16,72";"0,9538";"0,0082";"16,66";"1,9672";"-135,999999999997"
"13/04/2026 15:29:50";"PRIO3";"PRIOQ720";"V";"1700";"4,87";"7,09";"7,16";"-0,5853";"0,0322";"7,1";"7,9182";"-3893"
"13/04/2026 15:29:50";"PRIO3";"PRIOP600";"C";"1700";"0,46";"0,36";"0,36";"-0,108";"0,0277";"0,32";"1,7581";"-170"
"13/04/2026 15:29:50";"SMAL11";"SMALD139";"C";"1800";"0,2158";"0,02";"0,04";"0,0111";"0,005";"0,02";"0,5111";"-352,44"
"13/04/2026 15:29:50";"SMAL11";"SMALE119";"V";"1600";"7,56";"8,55";"8,65";"0,8279";"0,0325";"7,72";"9,5845";"-1744"
"13/04/2026 15:29:50";"SMAL11";"SMALQ119";"V";"1600";"2,35";"2,05";"2,09";"-0,2644";"0,0264";"2,09";"12,295";"416"
"13/04/2026 15:29:50";"SMAL11";"SMALP970";"C";"1800";"0,37";"0";"0";"-0,0018";"0,0005";"0,01";"0,1034";"-666"
"13/04/2026 15:29:50";"SBSP3";"SBSPE175";"C";"2300";"1,48";"3,72";"3,86";"0,4176";"0,028";"4,04";"19,9224";"5152"
"13/04/2026 15:29:50";"SBSP3";"SBSPE155";"V";"1200";"7,87";"16,89";"17,48";"1";"0";"16,1";"0";"-11532"
"13/04/2026 15:29:50";"SBSP3";"SBSPQ166";"V";"1200";"4,61";"3,61";"3,69";"-0,3436";"0,0242";"3,68";"18,7731";"1104"
"13/04/2026 15:29:50";"SBSP3";"SBSPQ131";"C";"2300";"0,96";"0,2";"0,38";"-0,0301";"0,0027";"0,31";"3,478";"-1748"
"13/04/2026 15:40:15";"EMBJ3";"EMBJE868";"C";"7000";"1,38";"4,84";"4,94";"0,593";"0,04";"4,75";"10,2452";"24220"
"13/04/2026 15:40:15";"EMBJ3";"EMBJE704";"V";"4000";"8,35";"0";"20,93";"0,9853";"0,0038";"18,55";"0,9828";"-50320"
"13/04/2026 15:40:15";"EMBJ3";"EMBJQ878";"V";"4000";"4,85";"3,75";"3,84";"-0,4478";"0,0308";"4,74";"10,4422";"4040"
"13/04/2026 15:40:15";"EMBJ3";"EMBJQ660";"C";"7000";"1,3";"0,14";"0,18";"-0,0321";"0,0048";"0,2";"1,9001";"-8120"
"13/04/2026 15:40:15";"BOVA11";"BOVAE195";"C";"5000";"1,74";"5,6";"5,65";"0,5674";"0,0327";"5,66";"23,0577";"19300"
"13/04/2026 15:40:15";"BOVA11";"BOVAE166";"V";"4000";"26,445";"30,12";"30,2";"1";"0";"30,26";"0";"-15020"
"13/04/2026 15:40:15";"BOVA11";"BOVAQ195";"V";"4000";"6,26";"4,32";"4,35";"-0,4366";"0,0308";"4,32";"23,0907";"7640"
"13/04/2026 15:40:15";"BOVA11";"BOVAQ164";"C";"10000";"1,75";"0,2";"0,21";"-0,027";"0,0033";"0,2";"3,6554";"-15500"
"13/04/2026 15:40:15";"PRIO3";"PRIOD750";"C";"1000";"0,41";"0,35";"0,37";"0,1133";"0,0335";"0,3";"1,8182";"-60"
"13/04/2026 15:40:15";"PRIO3";"PRIOE515";"V";"1700";"16,64";"16,51";"16,68";"0,9498";"0,0085";"16,66";"2,0998";"-67,9999999999986"
"13/04/2026 15:40:15";"PRIO3";"PRIOQ720";"V";"1700";"4,87";"7,12";"7,18";"-0,5869";"0,0323";"7,1";"7,9076";"-3927"
"13/04/2026 15:40:15";"PRIO3";"PRIOP600";"C";"1700";"0,46";"0,37";"0,39";"-0,1118";"0,0284";"0,38";"1,8014";"-153"
"13/04/2026 15:40:15";"SMAL11";"SMALD139";"C";"1800";"0,2158";"0,02";"0,04";"0,0113";"0,0051";"0,02";"0,5193";"-352,44"
"13/04/2026 15:40:15";"SMAL11";"SMALE119";"V";"1600";"7,56";"8,57";"8,66";"0,8352";"0,0324";"7,72";"9,3258";"-1760"
"13/04/2026 15:40:15";"SMAL11";"SMALQ119";"V";"1600";"2,35";"2,04";"2,08";"-0,2636";"0,0264";"2,09";"12,2816";"432"
"13/04/2026 15:40:15";"SMAL11";"SMALP970";"C";"1800";"0,37";"0";"0";"-0,0018";"0,0005";"0,01";"0,1023";"-666"
"13/04/2026 15:40:15";"SBSP3";"SBSPE175";"C";"2300";"1,48";"3,66";"3,87";"0,4128";"0,0274";"4,04";"19,8384";"5014"
"13/04/2026 15:40:15";"SBSP3";"SBSPE155";"V";"1200";"7,87";"16,35";"17,2";"0,9584";"0,0091";"16,1";"4,5336";"-11196"
"13/04/2026 15:40:15";"SBSP3";"SBSPQ166";"V";"1200";"4,61";"3,63";"3,73";"-0,3483";"0,0247";"3,68";"18,8394";"1056"
"13/04/2026 15:40:15";"SBSP3";"SBSPQ131";"C";"2300";"0,96";"0,2";"0,38";"-0,0302";"0,0027";"0,31";"3,4843";"-1748"
"13/04/2026 15:45:21";"EMBJ3";"EMBJE868";"C";"7000";"1,38";"4,87";"4,97";"0,5935";"0,0401";"4,75";"10,2429";"24430"
"13/04/2026 15:45:21";"EMBJ3";"EMBJE704";"V";"4000";"8,35";"0";"20,93";"0,9891";"0,0031";"18,55";"0,7583";"-50320"
"13/04/2026 15:45:21";"EMBJ3";"EMBJQ878";"V";"4000";"4,85";"3,72";"3,83";"-0,4475";"0,0308";"4,74";"10,4423";"4080"
"13/04/2026 15:45:21";"EMBJ3";"EMBJQ660";"C";"7000";"1,3";"0,14";"0,18";"-0,0321";"0,0048";"0,2";"1,898";"-8120"
"13/04/2026 15:45:21";"BOVA11";"BOVAE195";"C";"5000";"1,74";"5,64";"5,69";"0,5694";"0,0329";"5,65";"23,0438";"19500"
"13/04/2026 15:45:21";"BOVA11";"BOVAE166";"V";"4000";"26,445";"30,2";"30,31";"1";"0";"30,2";"0";"-15460"
"13/04/2026 15:45:21";"BOVA11";"BOVAQ195";"V";"4000";"6,26";"4,27";"4,3";"-0,4337";"0,0306";"4,29";"23,0742";"7840"
"13/04/2026 15:45:21";"BOVA11";"BOVAQ164";"C";"10000";"1,75";"0,19";"0,21";"-0,0267";"0,0033";"0,2";"3,6198";"-15600"
"13/04/2026 15:45:21";"PRIO3";"PRIOD750";"C";"1000";"0,41";"0,35";"0,37";"0,112";"0,0332";"0,3";"1,8018";"-60"
"13/04/2026 15:45:21";"PRIO3";"PRIOE515";"V";"1700";"16,64";"16,51";"16,68";"0,9457";"0,0089";"16,66";"2,2332";"-67,9999999999986"
"13/04/2026 15:45:21";"PRIO3";"PRIOQ720";"V";"1700";"4,87";"7,14";"7,2";"-0,5888";"0,0324";"7,1";"7,8941";"-3961"
"13/04/2026 15:45:21";"PRIO3";"PRIOP600";"C";"1700";"0,46";"0,37";"0,4";"-0,113";"0,0286";"0,38";"1,8134";"-153"
"13/04/2026 15:45:21";"SMAL11";"SMALD139";"C";"1800";"0,2158";"0,02";"0,04";"0,0115";"0,0052";"0,02";"0,5277";"-352,44"
"13/04/2026 15:45:21";"SMAL11";"SMALE119";"V";"1600";"7,56";"8,61";"8,69";"0,8379";"0,0323";"7,72";"9,228";"-1808"
"13/04/2026 15:45:21";"SMAL11";"SMALQ119";"V";"1600";"2,35";"2,03";"2,07";"-0,2632";"0,0262";"2,09";"12,2758";"448"
"13/04/2026 15:45:21";"SMAL11";"SMALP970";"C";"1800";"0,37";"0";"0";"-0,0018";"0,0005";"0,01";"0,1013";"-666"
"13/04/2026 15:45:21";"SBSP3";"SBSPE175";"C";"2300";"1,48";"3,62";"3,84";"0,4108";"0,0271";"4,04";"19,8033";"4922"
"13/04/2026 15:45:21";"SBSP3";"SBSPE155";"V";"1200";"7,87";"16,52";"17,02";"0,9416";"0,0108";"16,1";"5,9373";"-10980"
"13/04/2026 15:45:21";"SBSP3";"SBSPQ166";"V";"1200";"4,61";"3,69";"3,77";"-0,3504";"0,0249";"3,68";"18,8672";"1008"
"13/04/2026 15:45:21";"SBSP3";"SBSPQ131";"C";"2300";"0,96";"0,21";"0,38";"-0,0305";"0,0028";"0,31";"3,5109";"-1725"
"13/04/2026 15:50:27";"EMBJ3";"EMBJE868";"C";"7000";"1,38";"4,83";"4,94";"0,5914";"0,039";"4,85";"10,2541";"24150"
"13/04/2026 15:50:27";"EMBJ3";"EMBJE704";"V";"4000";"8,35";"0";"21,03";"0,9832";"0,0042";"18,55";"1,1035";"-50720"
"13/04/2026 15:50:27";"EMBJ3";"EMBJQ878";"V";"4000";"4,85";"3,75";"3,84";"-0,4481";"0,0308";"4,74";"10,4421";"4040"
"13/04/2026 15:50:27";"EMBJ3";"EMBJQ660";"C";"7000";"1,3";"0,14";"0,18";"-0,0322";"0,0048";"0,2";"1,9022";"-8120"
"13/04/2026 15:50:27";"BOVA11";"BOVAE195";"C";"5000";"1,74";"5,72";"5,76";"0,5758";"0,0328";"5,75";"22,9978";"19900"
"13/04/2026 15:50:27";"BOVA11";"BOVAE166";"V";"4000";"26,445";"30,31";"30,42";"1";"0";"30,2";"0";"-15900"
"13/04/2026 15:50:27";"BOVA11";"BOVAQ195";"V";"4000";"6,26";"4,22";"4,25";"-0,4278";"0,0305";"4,21";"23,0373";"8040"
"13/04/2026 15:50:27";"BOVA11";"BOVAQ164";"C";"10000";"1,75";"0,19";"0,2";"-0,0269";"0,0033";"0,2";"3,6504";"-15600"
"13/04/2026 15:50:27";"PRIO3";"PRIOD750";"C";"1000";"0,41";"0,36";"0,38";"0,1136";"0,0338";"0,3";"1,824";"-50"
"13/04/2026 15:50:27";"PRIO3";"PRIOE515";"V";"1700";"16,64";"16,61";"16,77";"0,959";"0,0077";"16,66";"1,7885";"-220,999999999998"
"13/04/2026 15:50:27";"PRIO3";"PRIOQ720";"V";"1700";"4,87";"7,05";"7,11";"-0,5834";"0,032";"7,1";"7,9311";"-3808"
"13/04/2026 15:50:27";"PRIO3";"PRIOP600";"C";"1700";"0,46";"0,36";"0,39";"-0,1113";"0,0281";"0,38";"1,7973";"-170"
"13/04/2026 15:50:27";"SMAL11";"SMALD139";"C";"1800";"0,2158";"0,02";"0,04";"0,0084";"0,0042";"0,02";"0,4016";"-352,44"
"13/04/2026 15:50:27";"SMAL11";"SMALE119";"V";"1600";"7,56";"8,71";"8,8";"0,8591";"0,0316";"7,72";"8,4166";"-1984"
"13/04/2026 15:50:27";"SMAL11";"SMALQ119";"V";"1600";"2,35";"1,99";"2,03";"-0,2607";"0,0258";"2,09";"12,2326";"512"
"13/04/2026 15:50:27";"SMAL11";"SMALP970";"C";"1800";"0,37";"0";"0";"-0,0017";"0,0005";"0,01";"0,0975";"-666"
"13/04/2026 15:50:27";"SBSP3";"SBSPE175";"C";"2300";"1,48";"3,62";"3,83";"0,4103";"0,0271";"4,04";"19,7947";"4922"
"13/04/2026 15:50:27";"SBSP3";"SBSPE155";"V";"1200";"7,87";"16,39";"17,28";"0,9394";"0,011";"16,1";"6,1143";"-11292"
"13/04/2026 15:50:27";"SBSP3";"SBSPQ166";"V";"1200";"4,61";"3,68";"3,77";"-0,3507";"0,025";"3,68";"18,8703";"1008"
"13/04/2026 15:50:27";"SBSP3";"SBSPQ131";"C";"2300";"0,96";"0,21";"0,38";"-0,0305";"0,0028";"0,31";"3,5157";"-1725"
"13/04/2026 15:55:33";"EMBJ3";"EMBJE868";"C";"7000";"1,38";"4,98";"5,09";"0,6043";"0,0403";"4,85";"10,2007";"25200"
"13/04/2026 15:55:33";"EMBJ3";"EMBJE704";"V";"4000";"8,35";"0";"21,03";"1";"0";"18,55";"0";"-50720"
"13/04/2026 15:55:33";"EMBJ3";"EMBJQ878";"V";"4000";"4,85";"3,63";"3,73";"-0,4398";"0,0299";"4,74";"10,4435";"4480"
"13/04/2026 15:55:33";"EMBJ3";"EMBJQ660";"C";"7000";"1,3";"0,14";"0,17";"-0,0319";"0,0047";"0,2";"1,8957";"-8120"
"13/04/2026 15:55:33";"BOVA11";"BOVAE195";"C";"5000";"1,74";"5,78";"5,82";"0,5755";"0,0324";"5,81";"23,0021";"20200"
"13/04/2026 15:55:33";"BOVA11";"BOVAE166";"V";"4000";"26,445";"30,39";"30,5";"1";"0";"30,42";"0";"-16220"
"13/04/2026 15:55:33";"BOVA11";"BOVAQ195";"V";"4000";"6,26";"4,2";"4,23";"-0,4278";"0,0303";"4,23";"23,038";"8120"
"13/04/2026 15:55:33";"BOVA11";"BOVAQ164";"C";"10000";"1,75";"0,19";"0,2";"-0,0269";"0,0033";"0,2";"3,6469";"-15600"
"13/04/2026 15:55:33";"PRIO3";"PRIOD750";"C";"1000";"0,41";"0,35";"0,37";"0,11";"0,0322";"0,3";"1,7731";"-60"
"13/04/2026 15:55:33";"PRIO3";"PRIOE515";"V";"1700";"16,64";"16,26";"16,48";"0,9208";"0,0104";"16,66";"2,9819";"272"
"13/04/2026 15:55:33";"PRIO3";"PRIOQ720";"V";"1700";"4,87";"7,26";"7,36";"-0,6018";"0,0333";"7,1";"7,8027";"-4233"
"13/04/2026 15:55:33";"PRIO3";"PRIOP600";"C";"1700";"0,46";"0,41";"0,43";"-0,1215";"0,03";"0,42";"1,9023";"-85,0000000000001"
"13/04/2026 15:55:33";"SMAL11";"SMALD139";"C";"1800";"0,2158";"0,02";"0,04";"0,0086";"0,0042";"0,02";"0,4088";"-352,44"
"13/04/2026 15:55:33";"SMAL11";"SMALE119";"V";"1600";"7,56";"8,74";"8,83";"0,8664";"0,0313";"7,72";"8,121";"-2032"
"13/04/2026 15:55:33";"SMAL11";"SMALQ119";"V";"1600";"2,35";"2";"2,03";"-0,2602";"0,0258";"2,09";"12,2221";"512"
"13/04/2026 15:55:33";"SMAL11";"SMALP970";"C";"1800";"0,37";"0";"0";"-0,0017";"0,0005";"0,01";"0,0965";"-666"
"13/04/2026 15:55:33";"SBSP3";"SBSPE175";"C";"2300";"1,48";"3,64";"3,86";"0,4114";"0,0272";"4,04";"19,8131";"4968"
"13/04/2026 15:55:33";"SBSP3";"SBSPE155";"V";"1200";"7,87";"16,52";"17,16";"0,9459";"0,0104";"16,1";"5,5885";"-11148"
"13/04/2026 15:55:33";"SBSP3";"SBSPQ166";"V";"1200";"4,61";"3,68";"3,76";"-0,3499";"0,0248";"3,68";"18,8605";"1020"
"13/04/2026 15:55:33";"SBSP3";"SBSPQ131";"C";"2300";"0,96";"0,21";"0,38";"-0,0304";"0,0028";"0,31";"3,5036";"-1725"
"13/04/2026 16:00:38";"EMBJ3";"EMBJE868";"C";"7000";"1,38";"4,95";"5,04";"0,5998";"0,0398";"4,85";"10,2208";"24990"
"13/04/2026 16:00:38";"EMBJ3";"EMBJE704";"V";"4000";"8,35";"0";"21,03";"1";"0";"18,55";"0";"-50720"
"13/04/2026 16:00:38";"EMBJ3";"EMBJQ878";"V";"4000";"4,85";"3,66";"3,75";"-0,4425";"0,0302";"4,74";"10,4434";"4400"
"13/04/2026 16:00:38";"EMBJ3";"EMBJQ660";"C";"7000";"1,3";"0,14";"0,17";"-0,0313";"0,0047";"0,2";"1,8644";"-8120"
"13/04/2026 16:00:38";"BOVA11";"BOVAE195";"C";"5000";"1,74";"5,75";"5,78";"0,5742";"0,0325";"5,79";"23,0117";"20050"
"13/04/2026 16:00:38";"BOVA11";"BOVAE166";"V";"4000";"26,445";"30,36";"30,46";"1";"0";"30,42";"0";"-16060"
"13/04/2026 16:00:38";"BOVA11";"BOVAQ195";"V";"4000";"6,26";"4,21";"4,24";"-0,428";"0,0304";"4,22";"23,0387";"8080"
"13/04/2026 16:00:38";"BOVA11";"BOVAQ164";"C";"10000";"1,75";"0,19";"0,2";"-0,027";"0,0033";"0,2";"3,661";"-15600"
"13/04/2026 16:00:38";"PRIO3";"PRIOD750";"C";"1000";"0,41";"0,36";"0,38";"0,111";"0,0324";"0,3";"1,785";"-50"
"13/04/2026 16:00:38";"PRIO3";"PRIOE515";"V";"1700";"16,64";"16,29";"16,45";"0,9236";"0,0103";"16,66";"2,903";"323,000000000002"
"13/04/2026 16:00:38";"PRIO3";"PRIOQ720";"V";"1700";"4,87";"7,31";"7,37";"-0,6001";"0,0331";"7,1";"7,815";"-4250"
"13/04/2026 16:00:38";"PRIO3";"PRIOP600";"C";"1700";"0,46";"0,43";"0,45";"-0,1221";"0,0299";"0,43";"1,9094";"-51"
"13/04/2026 16:00:38";"SMAL11";"SMALD139";"C";"1800";"0,2158";"0,02";"0,04";"0,0122";"0,0054";"0,02";"0,5556";"-352,44"
"13/04/2026 16:00:38";"SMAL11";"SMALE119";"V";"1600";"7,56";"8,7";"8,78";"0,857";"0,0317";"7,72";"8,5003";"-1952"
"13/04/2026 16:00:38";"SMAL11";"SMALQ119";"V";"1600";"2,35";"2";"2,03";"-0,2611";"0,0259";"2,09";"12,2382";"512"
"13/04/2026 16:00:38";"SMAL11";"SMALP970";"C";"1800";"0,37";"0";"0";"-0,0017";"0,0005";"0,01";"0,098";"-666"
"13/04/2026 16:00:38";"SBSP3";"SBSPE175";"C";"2300";"1,48";"3,57";"3,78";"0,4073";"0,0268";"4,04";"19,7396";"4807"
"13/04/2026 16:00:38";"SBSP3";"SBSPE155";"V";"1200";"7,87";"16,15";"17,16";"0,9179";"0,0125";"16,1";"7,7094";"-11148"
"13/04/2026 16:00:38";"SBSP3";"SBSPQ166";"V";"1200";"4,61";"3,74";"3,84";"-0,3538";"0,0253";"3,68";"18,9117";"924,000000000001"
"13/04/2026 16:00:38";"SBSP3";"SBSPQ131";"C";"2300";"0,96";"0,21";"0,38";"-0,0304";"0,0028";"0,31";"3,5004";"-1725"
"13/04/2026 16:05:44";"BOVA11";"BOVAE195";"C";"5000";"1,74";"5,75";"5,77";"0,5734";"0,0326";"5,76";"23,0165";"20050"
"13/04/2026 16:05:44";"BOVA11";"BOVAE166";"V";"4000";"26,445";"30,31";"30,42";"1";"0";"30,42";"0";"-15900"
"13/04/2026 16:05:44";"BOVA11";"BOVAQ195";"V";"4000";"6,26";"4,23";"4,26";"-0,4298";"0,0305";"4,25";"23,0508";"8000"
"13/04/2026 16:05:44";"BOVA11";"BOVAQ164";"C";"10000";"1,75";"0,19";"0,21";"-0,0272";"0,0033";"0,2";"3,6752";"-15600"
"13/04/2026 16:05:44";"PRIO3";"PRIOD750";"C";"1000";"0,41";"0,36";"0,38";"0,1103";"0,0325";"0,3";"1,7785";"-50"
"13/04/2026 16:05:44";"PRIO3";"PRIOE515";"V";"1700";"16,64";"16,29";"16,45";"0,9278";"0,0101";"16,66";"2,7833";"323,000000000002"
"13/04/2026 16:05:44";"PRIO3";"PRIOQ720";"V";"1700";"4,87";"7,26";"7,32";"-0,5981";"0,033";"7,1";"7,83";"-4165"
"13/04/2026 16:05:44";"PRIO3";"PRIOP600";"C";"1700";"0,46";"0,42";"0,44";"-0,1223";"0,0297";"0,43";"1,9135";"-68,0000000000001"
"13/04/2026 16:05:44";"SMAL11";"SMALD139";"C";"1800";"0,2158";"0,02";"0,04";"0,0119";"0,0053";"0,02";"0,5447";"-352,44"
"13/04/2026 16:05:44";"SMAL11";"SMALE119";"V";"1600";"7,56";"8,68";"8,75";"0,8496";"0,032";"7,72";"8,7896";"-1904"
"13/04/2026 16:05:44";"SMAL11";"SMALQ119";"V";"1600";"2,35";"2,01";"2,04";"-0,2618";"0,0261";"2,09";"12,249";"496"
"13/04/2026 16:05:44";"SMAL11";"SMALP970";"C";"1800";"0,37";"0";"0";"-0,0018";"0,0005";"0,01";"0,0992";"-666"
"13/04/2026 16:05:44";"SBSP3";"SBSPE175";"C";"2300";"1,48";"3,54";"3,8";"0,407";"0,0268";"4,04";"19,734";"4738"
"13/04/2026 16:05:44";"SBSP3";"SBSPE155";"V";"1200";"7,87";"16,2";"17,12";"0,8701";"0,0139";"16,64";"10,7537";"-11100"
"13/04/2026 16:05:44";"SBSP3";"SBSPQ166";"V";"1200";"4,61";"3,74";"3,82";"-0,3543";"0,0253";"3,68";"18,9191";"948,000000000001"
"13/04/2026 16:05:44";"SBSP3";"SBSPQ131";"C";"2300";"0,96";"0,21";"0,38";"-0,0304";"0,0028";"0,31";"3,5053";"-1725"
"13/04/2026 16:11:14";"EMBJ3";"EMBJE868";"C";"7000";"1,38";"4,92";"5,03";"0,5974";"0,0396";"4,85";"10,231";"24780"
"13/04/2026 16:11:14";"EMBJ3";"EMBJE704";"V";"4000";"8,35";"0";"21,03";"1";"0";"18,55";"0";"-50720"
"13/04/2026 16:11:14";"EMBJ3";"EMBJQ878";"V";"4000";"4,85";"3,68";"3,78";"-0,4441";"0,0304";"4,74";"10,4432";"4280"
"13/04/2026 16:11:14";"EMBJ3";"EMBJQ660";"C";"7000";"1,3";"0,14";"0,17";"-0,0315";"0,0047";"0,2";"1,8748";"-8120"
"13/04/2026 16:11:14";"BOVA11";"BOVAE195";"C";"5000";"1,74";"5,67";"5,7";"0,5699";"0,0325";"5,72";"23,042";"19650"
"13/04/2026 16:11:14";"BOVA11";"BOVAE166";"V";"4000";"26,445";"30,23";"30,34";"0,9858";"0,0024";"30,42";"2,1145";"-15580"
"13/04/2026 16:11:14";"BOVA11";"BOVAQ195";"V";"4000";"6,26";"4,27";"4,3";"-0,4327";"0,0306";"4,28";"23,0687";"7840"
"13/04/2026 16:11:14";"BOVA11";"BOVAQ164";"C";"10000";"1,75";"0,19";"0,2";"-0,0266";"0,0033";"0,2";"3,6163";"-15600"
"13/04/2026 16:11:14";"PRIO3";"PRIOD750";"C";"1000";"0,41";"0,35";"0,37";"0,1242";"0,0332";"0,37";"1,9323";"-60"
"13/04/2026 16:11:14";"PRIO3";"PRIOE515";"V";"1700";"16,64";"16,28";"16,45";"0,9229";"0,0103";"16,66";"2,9235";"323,000000000002"
"13/04/2026 16:11:14";"PRIO3";"PRIOQ720";"V";"1700";"4,87";"7,3";"7,35";"-0,6008";"0,0332";"7,1";"7,8104";"-4216"
"13/04/2026 16:11:14";"PRIO3";"PRIOP600";"C";"1700";"0,46";"0,42";"0,44";"-0,1238";"0,03";"0,44";"1,9284";"-68,0000000000001"
"13/04/2026 16:11:14";"SMAL11";"SMALD139";"C";"1800";"0,2158";"0,02";"0,04";"0,012";"0,0054";"0,02";"0,549";"-352,44"
"13/04/2026 16:11:14";"SMAL11";"SMALE119";"V";"1600";"7,56";"8,67";"8,76";"0,8517";"0,0319";"7,72";"8,7098";"-1920"
"13/04/2026 16:11:14";"SMAL11";"SMALQ119";"V";"1600";"2,35";"2";"2,04";"-0,2616";"0,026";"2,09";"12,2462";"496"
"13/04/2026 16:11:14";"SMAL11";"SMALP970";"C";"1800";"0,37";"0";"0";"-0,0018";"0,0005";"0,01";"0,0987";"-666"
"13/04/2026 16:11:14";"SBSP3";"SBSPE175";"C";"2300";"1,48";"3,59";"3,8";"0,4081";"0,0269";"4,04";"19,755";"4853"
"13/04/2026 16:11:14";"SBSP3";"SBSPE155";"V";"1200";"7,87";"16,43";"17,01";"0,8774";"0,0138";"16,61";"10,3308";"-10968"
"13/04/2026 16:11:14";"SBSP3";"SBSPQ166";"V";"1200";"4,61";"3,73";"3,82";"-0,353";"0,0252";"3,68";"18,9018";"948,000000000001"
"13/04/2026 16:11:14";"SBSP3";"SBSPQ131";"C";"2300";"0,96";"0,21";"0,38";"-0,0303";"0,0028";"0,31";"3,4883";"-1725"
"13/04/2026 16:16:20";"EMBJ3";"EMBJE868";"C";"7000";"1,38";"4,83";"4,93";"0,5914";"0,039";"4,85";"10,2541";"24150"
"13/04/2026 16:16:20";"EMBJ3";"EMBJE704";"V";"4000";"8,35";"0";"21,03";"0,9908";"0,0027";"18,55";"0,654";"-50720"
"13/04/2026 16:16:20";"EMBJ3";"EMBJQ878";"V";"4000";"4,85";"3,72";"3,82";"-0,4471";"0,0307";"4,74";"10,4424";"4120"
"13/04/2026 16:16:20";"EMBJ3";"EMBJQ660";"C";"7000";"1,3";"0,14";"0,17";"-0,032";"0,0048";"0,2";"1,8959";"-8120"
"13/04/2026 16:16:20";"BOVA11";"BOVAE195";"C";"5000";"1,74";"5,69";"5,73";"0,5739";"0,033";"5,7";"23,0109";"19750"
"13/04/2026 16:16:20";"BOVA11";"BOVAE166";"V";"4000";"26,445";"30,27";"30,38";"0,9982";"0,0005";"30,42";"0,3338";"-15740"
"13/04/2026 16:16:20";"BOVA11";"BOVAQ195";"V";"4000";"6,26";"4,23";"4,26";"-0,4312";"0,0306";"4,26";"23,0593";"8000"
"13/04/2026 16:16:20";"BOVA11";"BOVAQ164";"C";"10000";"1,75";"0,19";"0,2";"-0,0273";"0,0033";"0,2";"3,6894";"-15600"
"13/04/2026 16:16:20";"PRIO3";"PRIOD750";"C";"1000";"0,41";"0,26";"0,37";"0,124";"0,0327";"0,37";"1,927";"-150"
"13/04/2026 16:16:20";"PRIO3";"PRIOE515";"V";"1700";"16,64";"16,16";"16,32";"0,9124";"0,0108";"16,66";"3,2125";"544"
"13/04/2026 16:16:20";"PRIO3";"PRIOQ720";"V";"1700";"4,87";"7,36";"7,49";"-0,608";"0,0337";"7,1";"7,7566";"-4454"
"13/04/2026 16:16:20";"PRIO3";"PRIOP600";"C";"1700";"0,46";"0,43";"0,46";"-0,1278";"0,0307";"0,45";"1,9673";"-51"
"13/04/2026 16:16:20";"SMAL11";"SMALD139";"C";"1800";"0,2158";"0,02";"0,04";"0,0084";"0,0042";"0,02";"0,3998";"-352,44"
"13/04/2026 16:16:20";"SMAL11";"SMALE119";"V";"1600";"7,56";"8,71";"8,79";"0,8573";"0,0317";"7,72";"8,4883";"-1968"
"13/04/2026 16:16:20";"SMAL11";"SMALQ119";"V";"1600";"2,35";"1,98";"2,01";"-0,2609";"0,0259";"2,09";"12,2329";"544"
"13/04/2026 16:16:20";"SMAL11";"SMALP970";"C";"1800";"0,37";"0";"0";"-0,0017";"0,0005";"0,01";"0,0977";"-666"
"13/04/2026 16:16:20";"SBSP3";"SBSPE175";"C";"2300";"1,48";"3,73";"3,94";"0,4128";"0,0274";"4,04";"19,8384";"5175"
"13/04/2026 16:16:20";"SBSP3";"SBSPE155";"V";"1200";"7,87";"16,35";"17,46";"0,8988";"0,0131";"16,61";"9,0217";"-11508"
"13/04/2026 16:16:20";"SBSP3";"SBSPQ166";"V";"1200";"4,61";"3,67";"3,78";"-0,3483";"0,0247";"3,68";"18,8394";"996,000000000001"
"13/04/2026 16:16:20";"SBSP3";"SBSPQ131";"C";"2300";"0,96";"0,21";"0,38";"-0,0302";"0,0027";"0,31";"3,4843";"-1725"
"14/04/2026 10:52:47";"EMBJ3";"EMBJE868";"C";"7000";"1,38";"4,84";"4,93";"0,5909";"0,039";"4,85";"10,2557";"24220"
"14/04/2026 10:52:47";"EMBJ3";"EMBJE704";"V";"4000";"8,35";"0";"21,03";"0,982";"0,0043";"18,55";"1,1667";"-50720"
"14/04/2026 10:52:47";"EMBJ3";"EMBJQ878";"V";"4000";"4,85";"3,72";"3,82";"-0,4484";"0,0308";"4,74";"10,442";"4120"
"14/04/2026 10:52:47";"EMBJ3";"EMBJQ660";"C";"7000";"1,3";"0,14";"0,17";"-0,0322";"0,0048";"0,2";"1,9043";"-8120"
"14/04/2026 10:52:47";"BOVA11";"BOVAE195";"C";"5000";"1,74";"5,69";"5,72";"0,5739";"0,033";"5,7";"23,0109";"19750"
"14/04/2026 10:52:47";"BOVA11";"BOVAE166";"V";"4000";"26,445";"30,27";"30,38";"1";"0";"30,42";"0";"-15740"
"14/04/2026 10:52:47";"BOVA11";"BOVAQ195";"V";"4000";"6,26";"4,23";"4,26";"-0,4315";"0,0306";"4,26";"23,0612";"8000"
"14/04/2026 10:52:47";"BOVA11";"BOVAQ164";"C";"10000";"1,75";"0,19";"0,2";"-0,0273";"0,0033";"0,2";"3,693";"-15600"
"14/04/2026 10:52:47";"PRIO3";"PRIOD750";"C";"1000";"0,41";"0,34";"0,37";"0,1243";"0,0328";"0,37";"1,9308";"-70"
"14/04/2026 10:52:47";"PRIO3";"PRIOE515";"V";"1700";"16,64";"16,16";"16,32";"0,9131";"0,0108";"16,66";"3,1934";"544"
"14/04/2026 10:52:47";"PRIO3";"PRIOQ720";"V";"1700";"4,87";"7,36";"7,48";"-0,6069";"0,0336";"7,1";"7,7646";"-4437"
"14/04/2026 10:52:47";"PRIO3";"PRIOP600";"C";"1700";"0,46";"0,43";"0,46";"-0,1271";"0,0306";"0,45";"1,9613";"-51"
"14/04/2026 10:52:47";"SMAL11";"SMALD139";"C";"1800";"0,2158";"0,02";"0,04";"0,0085";"0,0042";"0,02";"0,407";"-352,44"
"14/04/2026 10:52:47";"SMAL11";"SMALE119";"V";"1600";"7,56";"8,71";"8,79";"0,8645";"0,0314";"7,72";"8,1963";"-1968"
"14/04/2026 10:52:47";"SMAL11";"SMALQ119";"V";"1600";"2,35";"1,97";"2,01";"-0,2605";"0,0258";"2,09";"12,2274";"544"
"14/04/2026 10:52:47";"SMAL11";"SMALP970";"C";"1800";"0,37";"0";"0";"-0,0017";"0,0005";"0,01";"0,0967";"-666"
"14/04/2026 10:52:47";"SBSP3";"SBSPE175";"C";"2300";"1,48";"3,73";"3,94";"0,413";"0,0275";"4,04";"19,844";"5175"
"14/04/2026 10:52:47";"SBSP3";"SBSPE155";"V";"1200";"7,87";"16,35";"17,46";"0,9";"0,013";"16,61";"8,9426";"-11508"
"14/04/2026 10:52:47";"SBSP3";"SBSPQ166";"V";"1200";"4,61";"3,68";"3,79";"-0,3481";"0,0246";"3,68";"18,8364";"984"
"14/04/2026 10:52:47";"SBSP3";"SBSPQ131";"C";"2300";"0,96";"0,21";"0,38";"-0,0301";"0,0027";"0,31";"3,4794";"-1725"
"14/04/2026 10:57:53";"EMBJ3";"EMBJE868";"C";"7000";"1,38";"4,84";"4,93";"0,5909";"0,039";"4,85";"10,2557";"24220"
"14/04/2026 10:57:53";"EMBJ3";"EMBJE704";"V";"4000";"8,35";"0";"21,03";"0,982";"0,0043";"18,55";"1,1667";"-50720"
"14/04/2026 10:57:53";"EMBJ3";"EMBJQ878";"V";"4000";"4,85";"3,72";"3,82";"-0,4484";"0,0308";"4,74";"10,442";"4120"
"14/04/2026 10:57:53";"EMBJ3";"EMBJQ660";"C";"7000";"1,3";"0,14";"0,17";"-0,0322";"0,0048";"0,2";"1,9043";"-8120"
"14/04/2026 10:57:53";"BOVA11";"BOVAE195";"C";"5000";"1,74";"5,69";"5,72";"0,5739";"0,033";"5,7";"23,0109";"19750"
"14/04/2026 10:57:53";"BOVA11";"BOVAE166";"V";"4000";"26,445";"30,27";"30,38";"1";"0";"30,42";"0";"-15740"
"14/04/2026 10:57:53";"BOVA11";"BOVAQ195";"V";"4000";"6,26";"4,23";"4,26";"-0,4315";"0,0306";"4,26";"23,0612";"8000"
"14/04/2026 10:57:53";"BOVA11";"BOVAQ164";"C";"10000";"1,75";"0,19";"0,2";"-0,0273";"0,0033";"0,2";"3,693";"-15600"
"14/04/2026 10:57:53";"PRIO3";"PRIOD750";"C";"1000";"0,41";"0,34";"0,37";"0,1243";"0,0328";"0,37";"1,9308";"-70"
"14/04/2026 10:57:53";"PRIO3";"PRIOE515";"V";"1700";"16,64";"16,16";"16,32";"0,9131";"0,0108";"16,66";"3,1934";"544"
"14/04/2026 10:57:53";"PRIO3";"PRIOQ720";"V";"1700";"4,87";"7,36";"7,48";"-0,6069";"0,0336";"7,1";"7,7646";"-4437"
"14/04/2026 10:57:53";"PRIO3";"PRIOP600";"C";"1700";"0,46";"0,43";"0,46";"-0,1271";"0,0306";"0,45";"1,9613";"-51"
"14/04/2026 10:57:53";"SMAL11";"SMALD139";"C";"1800";"0,2158";"0,02";"0,04";"0,0085";"0,0042";"0,02";"0,407";"-352,44"
"14/04/2026 10:57:53";"SMAL11";"SMALE119";"V";"1600";"7,56";"8,71";"8,79";"0,8645";"0,0314";"7,72";"8,1963";"-1968"
"14/04/2026 10:57:53";"SMAL11";"SMALQ119";"V";"1600";"2,35";"1,97";"2,01";"-0,2605";"0,0258";"2,09";"12,2274";"544"
"14/04/2026 10:57:53";"SMAL11";"SMALP970";"C";"1800";"0,37";"0";"0";"-0,0017";"0,0005";"0,01";"0,0967";"-666"
"14/04/2026 10:57:53";"SBSP3";"SBSPE175";"C";"2300";"1,48";"3,73";"3,94";"0,413";"0,0275";"4,04";"19,844";"5175"
"14/04/2026 10:57:53";"SBSP3";"SBSPE155";"V";"1200";"7,87";"16,35";"17,46";"0,9";"0,013";"16,61";"8,9426";"-11508"
"14/04/2026 10:57:53";"SBSP3";"SBSPQ166";"V";"1200";"4,61";"3,68";"3,79";"-0,3481";"0,0246";"3,68";"18,8364";"984"
"14/04/2026 10:57:53";"SBSP3";"SBSPQ131";"C";"2300";"0,96";"0,21";"0,38";"-0,0301";"0,0027";"0,31";"3,4794";"-1725"
"14/04/2026 11:02:59";"EMBJ3";"EMBJE868";"C";"7000";"1,38";"4,84";"4,93";"0,5909";"0,039";"4,85";"10,2557";"24220"
"14/04/2026 11:02:59";"EMBJ3";"EMBJE704";"V";"4000";"8,35";"0";"21,03";"0,982";"0,0043";"18,55";"1,1667";"-50720"
"14/04/2026 11:02:59";"EMBJ3";"EMBJQ878";"V";"4000";"4,85";"3,72";"3,82";"-0,4484";"0,0308";"4,74";"10,442";"4120"
"14/04/2026 11:02:59";"EMBJ3";"EMBJQ660";"C";"7000";"1,3";"0,14";"0,17";"-0,0322";"0,0048";"0,2";"1,9043";"-8120"
"14/04/2026 11:02:59";"BOVA11";"BOVAE195";"C";"5000";"1,74";"5,69";"5,72";"0,5739";"0,033";"5,7";"23,0109";"19750"
"14/04/2026 11:02:59";"BOVA11";"BOVAE166";"V";"4000";"26,445";"30,27";"30,38";"1";"0";"30,42";"0";"-15740"
"14/04/2026 11:02:59";"BOVA11";"BOVAQ195";"V";"4000";"6,26";"4,23";"4,26";"-0,4315";"0,0306";"4,26";"23,0612";"8000"
"14/04/2026 11:02:59";"BOVA11";"BOVAQ164";"C";"10000";"1,75";"0,19";"0,2";"-0,0273";"0,0033";"0,2";"3,693";"-15600"
"14/04/2026 11:02:59";"PRIO3";"PRIOD750";"C";"1000";"0,41";"0,34";"0,37";"0,1243";"0,0328";"0,37";"1,9308";"-70"
"14/04/2026 11:02:59";"PRIO3";"PRIOE515";"V";"1700";"16,64";"16,16";"16,32";"0,9131";"0,0108";"16,66";"3,1934";"544"
"14/04/2026 11:02:59";"PRIO3";"PRIOQ720";"V";"1700";"4,87";"7,36";"7,48";"-0,6069";"0,0336";"7,1";"7,7646";"-4437"
"14/04/2026 11:02:59";"PRIO3";"PRIOP600";"C";"1700";"0,46";"0,43";"0,46";"-0,1271";"0,0306";"0,45";"1,9613";"-51"
"14/04/2026 11:02:59";"SMAL11";"SMALD139";"C";"1800";"0,2158";"0,02";"0,04";"0,0085";"0,0042";"0,02";"0,407";"-352,44"
"14/04/2026 11:02:59";"SMAL11";"SMALE119";"V";"1600";"7,56";"8,71";"8,79";"0,8645";"0,0314";"7,72";"8,1963";"-1968"
"14/04/2026 11:02:59";"SMAL11";"SMALQ119";"V";"1600";"2,35";"1,97";"2,01";"-0,2605";"0,0258";"2,09";"12,2274";"544"
"14/04/2026 11:02:59";"SMAL11";"SMALP970";"C";"1800";"0,37";"0";"0";"-0,0017";"0,0005";"0,01";"0,0967";"-666"
"14/04/2026 11:02:59";"SBSP3";"SBSPE175";"C";"2300";"1,48";"3,73";"3,94";"0,413";"0,0275";"4,04";"19,844";"5175"
"14/04/2026 11:02:59";"SBSP3";"SBSPE155";"V";"1200";"7,87";"16,35";"17,46";"0,9";"0,013";"16,61";"8,9426";"-11508"
"14/04/2026 11:02:59";"SBSP3";"SBSPQ166";"V";"1200";"4,61";"3,68";"3,79";"-0,3481";"0,0246";"3,68";"18,8364";"984"
"14/04/2026 11:02:59";"SBSP3";"SBSPQ131";"C";"2300";"0,96";"0,21";"0,38";"-0,0301";"0,0027";"0,31";"3,4794";"-1725"
"14/04/2026 11:08:05";"EMBJ3";"EMBJE868";"C";"7000";"1,38";"4,84";"4,93";"0,5909";"0,039";"4,85";"10,2557";"24220"
"14/04/2026 11:08:05";"EMBJ3";"EMBJE704";"V";"4000";"8,35";"0";"21,03";"0,982";"0,0043";"18,55";"1,1667";"-50720"
"14/04/2026 11:08:05";"EMBJ3";"EMBJQ878";"V";"4000";"4,85";"3,72";"3,82";"-0,4484";"0,0308";"4,74";"10,442";"4120"
"14/04/2026 11:08:05";"EMBJ3";"EMBJQ660";"C";"7000";"1,3";"0,14";"0,17";"-0,0322";"0,0048";"0,2";"1,9043";"-8120"
"14/04/2026 11:08:05";"BOVA11";"BOVAE195";"C";"5000";"1,74";"5,69";"5,72";"0,5739";"0,033";"5,7";"23,0109";"19750"
"14/04/2026 11:08:05";"BOVA11";"BOVAE166";"V";"4000";"26,445";"30,27";"30,38";"1";"0";"30,42";"0";"-15740"
"14/04/2026 11:08:05";"BOVA11";"BOVAQ195";"V";"4000";"6,26";"4,23";"4,26";"-0,4315";"0,0306";"4,26";"23,0612";"8000"
"14/04/2026 11:08:05";"BOVA11";"BOVAQ164";"C";"10000";"1,75";"0,19";"0,2";"-0,0273";"0,0033";"0,2";"3,693";"-15600"
"14/04/2026 11:08:05";"PRIO3";"PRIOD750";"C";"1000";"0,41";"0,34";"0,37";"0,1243";"0,0328";"0,37";"1,9308";"-70"
"14/04/2026 11:08:05";"PRIO3";"PRIOE515";"V";"1700";"16,64";"16,16";"16,32";"0,9131";"0,0108";"16,66";"3,1934";"544"
"14/04/2026 11:08:05";"PRIO3";"PRIOQ720";"V";"1700";"4,87";"7,36";"7,48";"-0,6069";"0,0336";"7,1";"7,7646";"-4437"
"14/04/2026 11:08:05";"PRIO3";"PRIOP600";"C";"1700";"0,46";"0,43";"0,46";"-0,1271";"0,0306";"0,45";"1,9613";"-51"
"14/04/2026 11:08:05";"SMAL11";"SMALD139";"C";"1800";"0,2158";"0,02";"0,04";"0,0085";"0,0042";"0,02";"0,407";"-352,44"
"14/04/2026 11:08:05";"SMAL11";"SMALE119";"V";"1600";"7,56";"8,71";"8,79";"0,8645";"0,0314";"7,72";"8,1963";"-1968"
"14/04/2026 11:08:05";"SMAL11";"SMALQ119";"V";"1600";"2,35";"1,97";"2,01";"-0,2605";"0,0258";"2,09";"12,2274";"544"
"14/04/2026 11:08:05";"SMAL11";"SMALP970";"C";"1800";"0,37";"0";"0";"-0,0017";"0,0005";"0,01";"0,0967";"-666"
"14/04/2026 11:08:05";"SBSP3";"SBSPE175";"C";"2300";"1,48";"3,73";"3,94";"0,413";"0,0275";"4,04";"19,844";"5175"
"14/04/2026 11:08:05";"SBSP3";"SBSPE155";"V";"1200";"7,87";"16,35";"17,46";"0,9";"0,013";"16,61";"8,9426";"-11508"
"14/04/2026 11:08:05";"SBSP3";"SBSPQ166";"V";"1200";"4,61";"3,68";"3,79";"-0,3481";"0,0246";"3,68";"18,8364";"984"
"14/04/2026 11:08:05";"SBSP3";"SBSPQ131";"C";"2300";"0,96";"0,21";"0,38";"-0,0301";"0,0027";"0,31";"3,4794";"-1725"
"14/04/2026 11:13:11";"EMBJ3";"EMBJE868";"C";"7000";"1,38";"4,84";"4,93";"0,5909";"0,039";"4,85";"10,2557";"24220"
"14/04/2026 11:13:11";"EMBJ3";"EMBJE704";"V";"4000";"8,35";"0";"21,03";"0,982";"0,0043";"18,55";"1,1667";"-50720"
"14/04/2026 11:13:11";"EMBJ3";"EMBJQ878";"V";"4000";"4,85";"3,72";"3,82";"-0,4484";"0,0308";"4,74";"10,442";"4120"
"14/04/2026 11:13:11";"EMBJ3";"EMBJQ660";"C";"7000";"1,3";"0,14";"0,17";"-0,0322";"0,0048";"0,2";"1,9043";"-8120"
"14/04/2026 11:13:11";"BOVA11";"BOVAE195";"C";"5000";"1,74";"5,69";"5,72";"0,5739";"0,033";"5,7";"23,0109";"19750"
"14/04/2026 11:13:11";"BOVA11";"BOVAE166";"V";"4000";"26,445";"30,27";"30,38";"1";"0";"30,42";"0";"-15740"
"14/04/2026 11:13:11";"BOVA11";"BOVAQ195";"V";"4000";"6,26";"4,23";"4,26";"-0,4315";"0,0306";"4,26";"23,0612";"8000"
"14/04/2026 11:13:11";"BOVA11";"BOVAQ164";"C";"10000";"1,75";"0,19";"0,2";"-0,0273";"0,0033";"0,2";"3,693";"-15600"
"14/04/2026 11:13:11";"PRIO3";"PRIOD750";"C";"1000";"0,41";"0,34";"0,37";"0,1243";"0,0328";"0,37";"1,9308";"-70"
"14/04/2026 11:13:11";"PRIO3";"PRIOE515";"V";"1700";"16,64";"16,16";"16,32";"0,9131";"0,0108";"16,66";"3,1934";"544"
"14/04/2026 11:13:11";"PRIO3";"PRIOQ720";"V";"1700";"4,87";"7,36";"7,48";"-0,6069";"0,0336";"7,1";"7,7646";"-4437"
"14/04/2026 11:13:11";"PRIO3";"PRIOP600";"C";"1700";"0,46";"0,43";"0,46";"-0,1271";"0,0306";"0,45";"1,9613";"-51"
"14/04/2026 11:13:11";"SMAL11";"SMALD139";"C";"1800";"0,2158";"0,02";"0,04";"0,0085";"0,0042";"0,02";"0,407";"-352,44"
"14/04/2026 11:13:11";"SMAL11";"SMALE119";"V";"1600";"7,56";"8,71";"8,79";"0,8645";"0,0314";"7,72";"8,1963";"-1968"
"14/04/2026 11:13:11";"SMAL11";"SMALQ119";"V";"1600";"2,35";"1,97";"2,01";"-0,2605";"0,0258";"2,09";"12,2274";"544"
"14/04/2026 11:13:11";"SMAL11";"SMALP970";"C";"1800";"0,37";"0";"0";"-0,0017";"0,0005";"0,01";"0,0967";"-666"
"14/04/2026 11:13:11";"SBSP3";"SBSPE175";"C";"2300";"1,48";"3,73";"3,94";"0,413";"0,0275";"4,04";"19,844";"5175"
"14/04/2026 11:13:11";"SBSP3";"SBSPE155";"V";"1200";"7,87";"16,35";"17,46";"0,9";"0,013";"16,61";"8,9426";"-11508"
"14/04/2026 11:13:11";"SBSP3";"SBSPQ166";"V";"1200";"4,61";"3,68";"3,79";"-0,3481";"0,0246";"3,68";"18,8364";"984"
"14/04/2026 11:13:11";"SBSP3";"SBSPQ131";"C";"2300";"0,96";"0,21";"0,38";"-0,0301";"0,0027";"0,31";"3,4794";"-1725"
"14/04/2026 11:18:17";"EMBJ3";"EMBJE868";"C";"7000";"1,38";"4,84";"4,93";"0,5909";"0,039";"4,85";"10,2557";"24220"
"14/04/2026 11:18:17";"EMBJ3";"EMBJE704";"V";"4000";"8,35";"0";"21,03";"0,982";"0,0043";"18,55";"1,1667";"-50720"
"14/04/2026 11:18:17";"EMBJ3";"EMBJQ878";"V";"4000";"4,85";"3,72";"3,82";"-0,4484";"0,0308";"4,74";"10,442";"4120"
"14/04/2026 11:18:17";"EMBJ3";"EMBJQ660";"C";"7000";"1,3";"0,14";"0,17";"-0,0322";"0,0048";"0,2";"1,9043";"-8120"
"14/04/2026 11:18:17";"BOVA11";"BOVAE195";"C";"5000";"1,74";"5,69";"5,72";"0,5739";"0,033";"5,7";"23,0109";"19750"
"14/04/2026 11:18:17";"BOVA11";"BOVAE166";"V";"4000";"26,445";"30,27";"30,38";"1";"0";"30,42";"0";"-15740"
"14/04/2026 11:18:17";"BOVA11";"BOVAQ195";"V";"4000";"6,26";"4,23";"4,26";"-0,4315";"0,0306";"4,26";"23,0612";"8000"
"14/04/2026 11:18:17";"BOVA11";"BOVAQ164";"C";"10000";"1,75";"0,19";"0,2";"-0,0273";"0,0033";"0,2";"3,693";"-15600"
"14/04/2026 11:18:17";"PRIO3";"PRIOD750";"C";"1000";"0,41";"0,34";"0,37";"0,1243";"0,0328";"0,37";"1,9308";"-70"
"14/04/2026 11:18:17";"PRIO3";"PRIOE515";"V";"1700";"16,64";"16,16";"16,32";"0,9131";"0,0108";"16,66";"3,1934";"544"
"14/04/2026 11:18:17";"PRIO3";"PRIOQ720";"V";"1700";"4,87";"7,36";"7,48";"-0,6069";"0,0336";"7,1";"7,7646";"-4437"
"14/04/2026 11:18:17";"PRIO3";"PRIOP600";"C";"1700";"0,46";"0,43";"0,46";"-0,1271";"0,0306";"0,45";"1,9613";"-51"
"14/04/2026 11:18:17";"SMAL11";"SMALD139";"C";"1800";"0,2158";"0,02";"0,04";"0,0085";"0,0042";"0,02";"0,407";"-352,44"
"14/04/2026 11:18:17";"SMAL11";"SMALE119";"V";"1600";"7,56";"8,71";"8,79";"0,8645";"0,0314";"7,72";"8,1963";"-1968"
"14/04/2026 11:18:17";"SMAL11";"SMALQ119";"V";"1600";"2,35";"1,97";"2,01";"-0,2605";"0,0258";"2,09";"12,2274";"544"
"14/04/2026 11:18:17";"SMAL11";"SMALP970";"C";"1800";"0,37";"0";"0";"-0,0017";"0,0005";"0,01";"0,0967";"-666"
"14/04/2026 11:18:17";"SBSP3";"SBSPE175";"C";"2300";"1,48";"3,73";"3,94";"0,413";"0,0275";"4,04";"19,844";"5175"
"14/04/2026 11:18:17";"SBSP3";"SBSPE155";"V";"1200";"7,87";"16,35";"17,46";"0,9";"0,013";"16,61";"8,9426";"-11508"
"14/04/2026 11:18:17";"SBSP3";"SBSPQ166";"V";"1200";"4,61";"3,68";"3,79";"-0,3481";"0,0246";"3,68";"18,8364";"984"
"14/04/2026 11:18:17";"SBSP3";"SBSPQ131";"C";"2300";"0,96";"0,21";"0,38";"-0,0301";"0,0027";"0,31";"3,4794";"-1725"
"14/04/2026 11:23:22";"EMBJ3";"EMBJE868";"C";"7000";"1,38";"4,84";"4,93";"0,5909";"0,039";"4,85";"10,2557";"24220"
"14/04/2026 11:23:22";"EMBJ3";"EMBJE704";"V";"4000";"8,35";"0";"21,03";"0,982";"0,0043";"18,55";"1,1667";"-50720"
"14/04/2026 11:23:22";"EMBJ3";"EMBJQ878";"V";"4000";"4,85";"3,72";"3,82";"-0,4484";"0,0308";"4,74";"10,442";"4120"
"14/04/2026 11:23:22";"EMBJ3";"EMBJQ660";"C";"7000";"1,3";"0,14";"0,17";"-0,0322";"0,0048";"0,2";"1,9043";"-8120"
"14/04/2026 11:23:22";"BOVA11";"BOVAE195";"C";"5000";"1,74";"5,69";"5,72";"0,5739";"0,033";"5,7";"23,0109";"19750"
"14/04/2026 11:23:22";"BOVA11";"BOVAE166";"V";"4000";"26,445";"30,27";"30,38";"1";"0";"30,42";"0";"-15740"
"14/04/2026 11:23:22";"BOVA11";"BOVAQ195";"V";"4000";"6,26";"4,23";"4,26";"-0,4315";"0,0306";"4,26";"23,0612";"8000"
"14/04/2026 11:23:22";"BOVA11";"BOVAQ164";"C";"10000";"1,75";"0,19";"0,2";"-0,0273";"0,0033";"0,2";"3,693";"-15600"
"14/04/2026 11:23:22";"PRIO3";"PRIOD750";"C";"1000";"0,41";"0,34";"0,37";"0,1243";"0,0328";"0,37";"1,9308";"-70"
"14/04/2026 11:23:22";"PRIO3";"PRIOE515";"V";"1700";"16,64";"16,16";"16,32";"0,9131";"0,0108";"16,66";"3,1934";"544"
"14/04/2026 11:23:22";"PRIO3";"PRIOQ720";"V";"1700";"4,87";"7,36";"7,48";"-0,6069";"0,0336";"7,1";"7,7646";"-4437"
"14/04/2026 11:23:22";"PRIO3";"PRIOP600";"C";"1700";"0,46";"0,43";"0,46";"-0,1271";"0,0306";"0,45";"1,9613";"-51"
"14/04/2026 11:23:22";"SMAL11";"SMALD139";"C";"1800";"0,2158";"0,02";"0,04";"0,0085";"0,0042";"0,02";"0,407";"-352,44"
"14/04/2026 11:23:22";"SMAL11";"SMALE119";"V";"1600";"7,56";"8,71";"8,79";"0,8645";"0,0314";"7,72";"8,1963";"-1968"
"14/04/2026 11:23:22";"SMAL11";"SMALQ119";"V";"1600";"2,35";"1,97";"2,01";"-0,2605";"0,0258";"2,09";"12,2274";"544"
"14/04/2026 11:23:22";"SMAL11";"SMALP970";"C";"1800";"0,37";"0";"0";"-0,0017";"0,0005";"0,01";"0,0967";"-666"
"14/04/2026 11:23:22";"SBSP3";"SBSPE175";"C";"2300";"1,48";"3,73";"3,94";"0,413";"0,0275";"4,04";"19,844";"5175"
"14/04/2026 11:23:22";"SBSP3";"SBSPE155";"V";"1200";"7,87";"16,35";"17,46";"0,9";"0,013";"16,61";"8,9426";"-11508"
"14/04/2026 11:23:22";"SBSP3";"SBSPQ166";"V";"1200";"4,61";"3,68";"3,79";"-0,3481";"0,0246";"3,68";"18,8364";"984"
"14/04/2026 11:23:22";"SBSP3";"SBSPQ131";"C";"2300";"0,96";"0,21";"0,38";"-0,0301";"0,0027";"0,31";"3,4794";"-1725"
"14/04/2026 11:28:28";"EMBJ3";"EMBJE868";"C";"7000";"1,38";"4,84";"4,93";"0,5909";"0,039";"4,85";"10,2557";"24220"
"14/04/2026 11:28:28";"EMBJ3";"EMBJE704";"V";"4000";"8,35";"0";"21,03";"0,982";"0,0043";"18,55";"1,1667";"-50720"
"14/04/2026 11:28:28";"EMBJ3";"EMBJQ878";"V";"4000";"4,85";"3,72";"3,82";"-0,4484";"0,0308";"4,74";"10,442";"4120"
"14/04/2026 11:28:28";"EMBJ3";"EMBJQ660";"C";"7000";"1,3";"0,14";"0,17";"-0,0322";"0,0048";"0,2";"1,9043";"-8120"
"14/04/2026 11:28:28";"BOVA11";"BOVAE195";"C";"5000";"1,74";"5,69";"5,72";"0,5739";"0,033";"5,7";"23,0109";"19750"
"14/04/2026 11:28:28";"BOVA11";"BOVAE166";"V";"4000";"26,445";"30,27";"30,38";"1";"0";"30,42";"0";"-15740"
"14/04/2026 11:28:28";"BOVA11";"BOVAQ195";"V";"4000";"6,26";"4,23";"4,26";"-0,4315";"0,0306";"4,26";"23,0612";"8000"
"14/04/2026 11:28:28";"BOVA11";"BOVAQ164";"C";"10000";"1,75";"0,19";"0,2";"-0,0273";"0,0033";"0,2";"3,693";"-15600"
"14/04/2026 11:28:28";"PRIO3";"PRIOD750";"C";"1000";"0,41";"0,34";"0,37";"0,1243";"0,0328";"0,37";"1,9308";"-70"
"14/04/2026 11:28:28";"PRIO3";"PRIOE515";"V";"1700";"16,64";"16,16";"16,32";"0,9131";"0,0108";"16,66";"3,1934";"544"
"14/04/2026 11:28:28";"PRIO3";"PRIOQ720";"V";"1700";"4,87";"7,36";"7,48";"-0,6069";"0,0336";"7,1";"7,7646";"-4437"
"14/04/2026 11:28:28";"PRIO3";"PRIOP600";"C";"1700";"0,46";"0,43";"0,46";"-0,1271";"0,0306";"0,45";"1,9613";"-51"
"14/04/2026 11:28:28";"SMAL11";"SMALD139";"C";"1800";"0,2158";"0,02";"0,04";"0,0085";"0,0042";"0,02";"0,407";"-352,44"
"14/04/2026 11:28:28";"SMAL11";"SMALE119";"V";"1600";"7,56";"8,71";"8,79";"0,8645";"0,0314";"7,72";"8,1963";"-1968"
"14/04/2026 11:28:28";"SMAL11";"SMALQ119";"V";"1600";"2,35";"1,97";"2,01";"-0,2605";"0,0258";"2,09";"12,2274";"544"
"14/04/2026 11:28:28";"SMAL11";"SMALP970";"C";"1800";"0,37";"0";"0";"-0,0017";"0,0005";"0,01";"0,0967";"-666"
"14/04/2026 11:28:28";"SBSP3";"SBSPE175";"C";"2300";"1,48";"3,73";"3,94";"0,413";"0,0275";"4,04";"19,844";"5175"
"14/04/2026 11:28:28";"SBSP3";"SBSPE155";"V";"1200";"7,87";"16,35";"17,46";"0,9";"0,013";"16,61";"8,9426";"-11508"
"14/04/2026 11:28:28";"SBSP3";"SBSPQ166";"V";"1200";"4,61";"3,68";"3,79";"-0,3481";"0,0246";"3,68";"18,8364";"984"
"14/04/2026 11:28:28";"SBSP3";"SBSPQ131";"C";"2300";"0,96";"0,21";"0,38";"-0,0301";"0,0027";"0,31";"3,4794";"-1725"
"14/04/2026 11:33:34";"EMBJ3";"EMBJE868";"C";"7000";"1,38";"4,84";"4,93";"0,5909";"0,039";"4,85";"10,2557";"24220"
"14/04/2026 11:33:34";"EMBJ3";"EMBJE704";"V";"4000";"8,35";"0";"21,03";"0,982";"0,0043";"18,55";"1,1667";"-50720"
"14/04/2026 11:33:34";"EMBJ3";"EMBJQ878";"V";"4000";"4,85";"3,72";"3,82";"-0,4484";"0,0308";"4,74";"10,442";"4120"
"14/04/2026 11:33:34";"EMBJ3";"EMBJQ660";"C";"7000";"1,3";"0,14";"0,17";"-0,0322";"0,0048";"0,2";"1,9043";"-8120"
"14/04/2026 11:33:34";"BOVA11";"BOVAE195";"C";"5000";"1,74";"5,69";"5,72";"0,5739";"0,033";"5,7";"23,0109";"19750"
"14/04/2026 11:33:34";"BOVA11";"BOVAE166";"V";"4000";"26,445";"30,27";"30,38";"1";"0";"30,42";"0";"-15740"
"14/04/2026 11:33:34";"BOVA11";"BOVAQ195";"V";"4000";"6,26";"4,23";"4,26";"-0,4315";"0,0306";"4,26";"23,0612";"8000"
"14/04/2026 11:33:34";"BOVA11";"BOVAQ164";"C";"10000";"1,75";"0,19";"0,2";"-0,0273";"0,0033";"0,2";"3,693";"-15600"
"14/04/2026 11:33:34";"PRIO3";"PRIOD750";"C";"1000";"0,41";"0,34";"0,37";"0,1243";"0,0328";"0,37";"1,9308";"-70"
"14/04/2026 11:33:34";"PRIO3";"PRIOE515";"V";"1700";"16,64";"16,16";"16,32";"0,9131";"0,0108";"16,66";"3,1934";"544"
"14/04/2026 11:33:34";"PRIO3";"PRIOQ720";"V";"1700";"4,87";"7,36";"7,48";"-0,6069";"0,0336";"7,1";"7,7646";"-4437"
"14/04/2026 11:33:34";"PRIO3";"PRIOP600";"C";"1700";"0,46";"0,43";"0,46";"-0,1271";"0,0306";"0,45";"1,9613";"-51"
"14/04/2026 11:33:34";"SMAL11";"SMALD139";"C";"1800";"0,2158";"0,02";"0,04";"0,0085";"0,0042";"0,02";"0,407";"-352,44"
"14/04/2026 11:33:34";"SMAL11";"SMALE119";"V";"1600";"7,56";"8,71";"8,79";"0,8645";"0,0314";"7,72";"8,1963";"-1968"
"14/04/2026 11:33:34";"SMAL11";"SMALQ119";"V";"1600";"2,35";"1,97";"2,01";"-0,2605";"0,0258";"2,09";"12,2274";"544"
"14/04/2026 11:33:34";"SMAL11";"SMALP970";"C";"1800";"0,37";"0";"0";"-0,0017";"0,0005";"0,01";"0,0967";"-666"
"14/04/2026 11:33:34";"SBSP3";"SBSPE175";"C";"2300";"1,48";"3,73";"3,94";"0,413";"0,0275";"4,04";"19,844";"5175"
"14/04/2026 11:33:34";"SBSP3";"SBSPE155";"V";"1200";"7,87";"16,35";"17,46";"0,9";"0,013";"16,61";"8,9426";"-11508"
"14/04/2026 11:33:34";"SBSP3";"SBSPQ166";"V";"1200";"4,61";"3,68";"3,79";"-0,3481";"0,0246";"3,68";"18,8364";"984"
"14/04/2026 11:33:34";"SBSP3";"SBSPQ131";"C";"2300";"0,96";"0,21";"0,38";"-0,0301";"0,0027";"0,31";"3,4794";"-1725"
"14/04/2026 11:38:40";"EMBJ3";"EMBJE868";"C";"7000";"1,38";"4,84";"4,93";"0,5909";"0,039";"4,85";"10,2557";"24220"
"14/04/2026 11:38:40";"EMBJ3";"EMBJE704";"V";"4000";"8,35";"0";"21,03";"0,982";"0,0043";"18,55";"1,1667";"-50720"
"14/04/2026 11:38:40";"EMBJ3";"EMBJQ878";"V";"4000";"4,85";"3,72";"3,82";"-0,4484";"0,0308";"4,74";"10,442";"4120"
"14/04/2026 11:38:40";"EMBJ3";"EMBJQ660";"C";"7000";"1,3";"0,14";"0,17";"-0,0322";"0,0048";"0,2";"1,9043";"-8120"
"14/04/2026 11:38:40";"BOVA11";"BOVAE195";"C";"5000";"1,74";"5,69";"5,72";"0,5739";"0,033";"5,7";"23,0109";"19750"
"14/04/2026 11:38:40";"BOVA11";"BOVAE166";"V";"4000";"26,445";"30,27";"30,38";"1";"0";"30,42";"0";"-15740"
"14/04/2026 11:38:40";"BOVA11";"BOVAQ195";"V";"4000";"6,26";"4,23";"4,26";"-0,4315";"0,0306";"4,26";"23,0612";"8000"
"14/04/2026 11:38:40";"BOVA11";"BOVAQ164";"C";"10000";"1,75";"0,19";"0,2";"-0,0273";"0,0033";"0,2";"3,693";"-15600"
"14/04/2026 11:38:40";"PRIO3";"PRIOD750";"C";"1000";"0,41";"0,34";"0,37";"0,1243";"0,0328";"0,37";"1,9308";"-70"
"14/04/2026 11:38:40";"PRIO3";"PRIOE515";"V";"1700";"16,64";"16,16";"16,32";"0,9131";"0,0108";"16,66";"3,1934";"544"
"14/04/2026 11:38:40";"PRIO3";"PRIOQ720";"V";"1700";"4,87";"7,36";"7,48";"-0,6069";"0,0336";"7,1";"7,7646";"-4437"
"14/04/2026 11:38:40";"PRIO3";"PRIOP600";"C";"1700";"0,46";"0,43";"0,46";"-0,1271";"0,0306";"0,45";"1,9613";"-51"
"14/04/2026 11:38:40";"SMAL11";"SMALD139";"C";"1800";"0,2158";"0,02";"0,04";"0,0085";"0,0042";"0,02";"0,407";"-352,44"
"14/04/2026 11:38:40";"SMAL11";"SMALE119";"V";"1600";"7,56";"8,71";"8,79";"0,8645";"0,0314";"7,72";"8,1963";"-1968"
"14/04/2026 11:38:40";"SMAL11";"SMALQ119";"V";"1600";"2,35";"1,97";"2,01";"-0,2605";"0,0258";"2,09";"12,2274";"544"
"14/04/2026 11:38:40";"SMAL11";"SMALP970";"C";"1800";"0,37";"0";"0";"-0,0017";"0,0005";"0,01";"0,0967";"-666"
"14/04/2026 11:38:40";"SBSP3";"SBSPE175";"C";"2300";"1,48";"3,73";"3,94";"0,413";"0,0275";"4,04";"19,844";"5175"
"14/04/2026 11:38:40";"SBSP3";"SBSPE155";"V";"1200";"7,87";"16,35";"17,46";"0,9";"0,013";"16,61";"8,9426";"-11508"
"14/04/2026 11:38:40";"SBSP3";"SBSPQ166";"V";"1200";"4,61";"3,68";"3,79";"-0,3481";"0,0246";"3,68";"18,8364";"984"
"14/04/2026 11:38:40";"SBSP3";"SBSPQ131";"C";"2300";"0,96";"0,21";"0,38";"-0,0301";"0,0027";"0,31";"3,4794";"-1725"
"14/04/2026 11:43:45";"EMBJ3";"EMBJE868";"C";"7000";"1,38";"4,84";"4,93";"0,5909";"0,039";"4,85";"10,2557";"24220"
"14/04/2026 11:43:45";"EMBJ3";"EMBJE704";"V";"4000";"8,35";"0";"21,03";"0,982";"0,0043";"18,55";"1,1667";"-50720"
"14/04/2026 11:43:45";"EMBJ3";"EMBJQ878";"V";"4000";"4,85";"3,72";"3,82";"-0,4484";"0,0308";"4,74";"10,442";"4120"
"14/04/2026 11:43:45";"EMBJ3";"EMBJQ660";"C";"7000";"1,3";"0,14";"0,17";"-0,0322";"0,0048";"0,2";"1,9043";"-8120"
"14/04/2026 11:43:45";"BOVA11";"BOVAE195";"C";"5000";"1,74";"5,69";"5,72";"0,5739";"0,033";"5,7";"23,0109";"19750"
"14/04/2026 11:43:45";"BOVA11";"BOVAE166";"V";"4000";"26,445";"30,27";"30,38";"1";"0";"30,42";"0";"-15740"
"14/04/2026 11:43:45";"BOVA11";"BOVAQ195";"V";"4000";"6,26";"4,23";"4,26";"-0,4315";"0,0306";"4,26";"23,0612";"8000"
"14/04/2026 11:43:45";"BOVA11";"BOVAQ164";"C";"10000";"1,75";"0,19";"0,2";"-0,0273";"0,0033";"0,2";"3,693";"-15600"
"14/04/2026 11:43:45";"PRIO3";"PRIOD750";"C";"1000";"0,41";"0,34";"0,37";"0,1243";"0,0328";"0,37";"1,9308";"-70"
"14/04/2026 11:43:45";"PRIO3";"PRIOE515";"V";"1700";"16,64";"16,16";"16,32";"0,9131";"0,0108";"16,66";"3,1934";"544"
"14/04/2026 11:43:45";"PRIO3";"PRIOQ720";"V";"1700";"4,87";"7,36";"7,48";"-0,6069";"0,0336";"7,1";"7,7646";"-4437"
"14/04/2026 11:43:45";"PRIO3";"PRIOP600";"C";"1700";"0,46";"0,43";"0,46";"-0,1271";"0,0306";"0,45";"1,9613";"-51"
"14/04/2026 11:43:45";"SMAL11";"SMALD139";"C";"1800";"0,2158";"0,02";"0,04";"0,0085";"0,0042";"0,02";"0,407";"-352,44"
"14/04/2026 11:43:45";"SMAL11";"SMALE119";"V";"1600";"7,56";"8,71";"8,79";"0,8645";"0,0314";"7,72";"8,1963";"-1968"
"14/04/2026 11:43:45";"SMAL11";"SMALQ119";"V";"1600";"2,35";"1,97";"2,01";"-0,2605";"0,0258";"2,09";"12,2274";"544"
"14/04/2026 11:43:45";"SMAL11";"SMALP970";"C";"1800";"0,37";"0";"0";"-0,0017";"0,0005";"0,01";"0,0967";"-666"
"14/04/2026 11:43:45";"SBSP3";"SBSPE175";"C";"2300";"1,48";"3,73";"3,94";"0,413";"0,0275";"4,04";"19,844";"5175"
"14/04/2026 11:43:45";"SBSP3";"SBSPE155";"V";"1200";"7,87";"16,35";"17,46";"0,9";"0,013";"16,61";"8,9426";"-11508"
"14/04/2026 11:43:45";"SBSP3";"SBSPQ166";"V";"1200";"4,61";"3,68";"3,79";"-0,3481";"0,0246";"3,68";"18,8364";"984"
"14/04/2026 11:43:45";"SBSP3";"SBSPQ131";"C";"2300";"0,96";"0,21";"0,38";"-0,0301";"0,0027";"0,31";"3,4794";"-1725"
"14/04/2026 11:48:51";"EMBJ3";"EMBJE868";"C";"7000";"1,38";"4,84";"4,93";"0,5909";"0,039";"4,85";"10,2557";"24220"
"14/04/2026 11:48:51";"EMBJ3";"EMBJE704";"V";"4000";"8,35";"0";"21,03";"0,982";"0,0043";"18,55";"1,1667";"-50720"
"14/04/2026 11:48:51";"EMBJ3";"EMBJQ878";"V";"4000";"4,85";"3,72";"3,82";"-0,4484";"0,0308";"4,74";"10,442";"4120"
"14/04/2026 11:48:51";"EMBJ3";"EMBJQ660";"C";"7000";"1,3";"0,14";"0,17";"-0,0322";"0,0048";"0,2";"1,9043";"-8120"
"14/04/2026 11:48:51";"BOVA11";"BOVAE195";"C";"5000";"1,74";"5,69";"5,72";"0,5739";"0,033";"5,7";"23,0109";"19750"
"14/04/2026 11:48:51";"BOVA11";"BOVAE166";"V";"4000";"26,445";"30,27";"30,38";"1";"0";"30,42";"0";"-15740"
"14/04/2026 11:48:51";"BOVA11";"BOVAQ195";"V";"4000";"6,26";"4,23";"4,26";"-0,4315";"0,0306";"4,26";"23,0612";"8000"
"14/04/2026 11:48:51";"BOVA11";"BOVAQ164";"C";"10000";"1,75";"0,19";"0,2";"-0,0273";"0,0033";"0,2";"3,693";"-15600"
"14/04/2026 11:48:51";"PRIO3";"PRIOD750";"C";"1000";"0,41";"0,34";"0,37";"0,1243";"0,0328";"0,37";"1,9308";"-70"
"14/04/2026 11:48:51";"PRIO3";"PRIOE515";"V";"1700";"16,64";"16,16";"16,32";"0,9131";"0,0108";"16,66";"3,1934";"544"
"14/04/2026 11:48:51";"PRIO3";"PRIOQ720";"V";"1700";"4,87";"7,36";"7,48";"-0,6069";"0,0336";"7,1";"7,7646";"-4437"
"14/04/2026 11:48:51";"PRIO3";"PRIOP600";"C";"1700";"0,46";"0,43";"0,46";"-0,1271";"0,0306";"0,45";"1,9613";"-51"
"14/04/2026 11:48:51";"SMAL11";"SMALD139";"C";"1800";"0,2158";"0,02";"0,04";"0,0085";"0,0042";"0,02";"0,407";"-352,44"
"14/04/2026 11:48:51";"SMAL11";"SMALE119";"V";"1600";"7,56";"8,71";"8,79";"0,8645";"0,0314";"7,72";"8,1963";"-1968"
"14/04/2026 11:48:51";"SMAL11";"SMALQ119";"V";"1600";"2,35";"1,97";"2,01";"-0,2605";"0,0258";"2,09";"12,2274";"544"
"14/04/2026 11:48:51";"SMAL11";"SMALP970";"C";"1800";"0,37";"0";"0";"-0,0017";"0,0005";"0,01";"0,0967";"-666"
"14/04/2026 11:48:51";"SBSP3";"SBSPE175";"C";"2300";"1,48";"3,73";"3,94";"0,413";"0,0275";"4,04";"19,844";"5175"
"14/04/2026 11:48:51";"SBSP3";"SBSPE155";"V";"1200";"7,87";"16,35";"17,46";"0,9";"0,013";"16,61";"8,9426";"-11508"
"14/04/2026 11:48:51";"SBSP3";"SBSPQ166";"V";"1200";"4,61";"3,68";"3,79";"-0,3481";"0,0246";"3,68";"18,8364";"984"
"14/04/2026 11:48:51";"SBSP3";"SBSPQ131";"C";"2300";"0,96";"0,21";"0,38";"-0,0301";"0,0027";"0,31";"3,4794";"-1725"
"14/04/2026 11:53:57";"EMBJ3";"EMBJE868";"C";"7000";"1,38";"4,84";"4,93";"0,5909";"0,039";"4,85";"10,2557";"24220"
"14/04/2026 11:53:57";"EMBJ3";"EMBJE704";"V";"4000";"8,35";"0";"21,03";"0,982";"0,0043";"18,55";"1,1667";"-50720"
"14/04/2026 11:53:57";"EMBJ3";"EMBJQ878";"V";"4000";"4,85";"3,72";"3,82";"-0,4484";"0,0308";"4,74";"10,442";"4120"
"14/04/2026 11:53:57";"EMBJ3";"EMBJQ660";"C";"7000";"1,3";"0,14";"0,17";"-0,0322";"0,0048";"0,2";"1,9043";"-8120"
"14/04/2026 11:53:57";"BOVA11";"BOVAE195";"C";"5000";"1,74";"5,69";"5,72";"0,5739";"0,033";"5,7";"23,0109";"19750"
"14/04/2026 11:53:57";"BOVA11";"BOVAE166";"V";"4000";"26,445";"30,27";"30,38";"1";"0";"30,42";"0";"-15740"
"14/04/2026 11:53:57";"BOVA11";"BOVAQ195";"V";"4000";"6,26";"4,23";"4,26";"-0,4315";"0,0306";"4,26";"23,0612";"8000"
"14/04/2026 11:53:57";"BOVA11";"BOVAQ164";"C";"10000";"1,75";"0,19";"0,2";"-0,0273";"0,0033";"0,2";"3,693";"-15600"
"14/04/2026 11:53:57";"PRIO3";"PRIOD750";"C";"1000";"0,41";"0,34";"0,37";"0,1243";"0,0328";"0,37";"1,9308";"-70"
"14/04/2026 11:53:57";"PRIO3";"PRIOE515";"V";"1700";"16,64";"16,16";"16,32";"0,9131";"0,0108";"16,66";"3,1934";"544"
"14/04/2026 11:53:57";"PRIO3";"PRIOQ720";"V";"1700";"4,87";"7,36";"7,48";"-0,6069";"0,0336";"7,1";"7,7646";"-4437"
"14/04/2026 11:53:57";"PRIO3";"PRIOP600";"C";"1700";"0,46";"0,43";"0,46";"-0,1271";"0,0306";"0,45";"1,9613";"-51"
"14/04/2026 11:53:57";"SMAL11";"SMALD139";"C";"1800";"0,2158";"0,02";"0,04";"0,0085";"0,0042";"0,02";"0,407";"-352,44"
"14/04/2026 11:53:57";"SMAL11";"SMALE119";"V";"1600";"7,56";"8,71";"8,79";"0,8645";"0,0314";"7,72";"8,1963";"-1968"
"14/04/2026 11:53:57";"SMAL11";"SMALQ119";"V";"1600";"2,35";"1,97";"2,01";"-0,2605";"0,0258";"2,09";"12,2274";"544"
"14/04/2026 11:53:57";"SMAL11";"SMALP970";"C";"1800";"0,37";"0";"0";"-0,0017";"0,0005";"0,01";"0,0967";"-666"
"14/04/2026 11:53:57";"SBSP3";"SBSPE175";"C";"2300";"1,48";"3,73";"3,94";"0,413";"0,0275";"4,04";"19,844";"5175"
"14/04/2026 11:53:57";"SBSP3";"SBSPE155";"V";"1200";"7,87";"16,35";"17,46";"0,9";"0,013";"16,61";"8,9426";"-11508"
"14/04/2026 11:53:57";"SBSP3";"SBSPQ166";"V";"1200";"4,61";"3,68";"3,79";"-0,3481";"0,0246";"3,68";"18,8364";"984"
"14/04/2026 11:53:57";"SBSP3";"SBSPQ131";"C";"2300";"0,96";"0,21";"0,38";"-0,0301";"0,0027";"0,31";"3,4794";"-1725"
"14/04/2026 11:59:03";"EMBJ3";"EMBJE868";"C";"7000";"1,38";"4,84";"4,93";"0,5909";"0,039";"4,85";"10,2557";"24220"
"14/04/2026 11:59:03";"EMBJ3";"EMBJE704";"V";"4000";"8,35";"0";"21,03";"0,982";"0,0043";"18,55";"1,1667";"-50720"
"14/04/2026 11:59:03";"EMBJ3";"EMBJQ878";"V";"4000";"4,85";"3,72";"3,82";"-0,4484";"0,0308";"4,74";"10,442";"4120"
"14/04/2026 11:59:03";"EMBJ3";"EMBJQ660";"C";"7000";"1,3";"0,14";"0,17";"-0,0322";"0,0048";"0,2";"1,9043";"-8120"
"14/04/2026 11:59:03";"BOVA11";"BOVAE195";"C";"5000";"1,74";"5,69";"5,72";"0,5739";"0,033";"5,7";"23,0109";"19750"
"14/04/2026 11:59:03";"BOVA11";"BOVAE166";"V";"4000";"26,445";"30,27";"30,38";"1";"0";"30,42";"0";"-15740"
"14/04/2026 11:59:03";"BOVA11";"BOVAQ195";"V";"4000";"6,26";"4,23";"4,26";"-0,4315";"0,0306";"4,26";"23,0612";"8000"
"14/04/2026 11:59:03";"BOVA11";"BOVAQ164";"C";"10000";"1,75";"0,19";"0,2";"-0,0273";"0,0033";"0,2";"3,693";"-15600"
"14/04/2026 11:59:03";"PRIO3";"PRIOD750";"C";"1000";"0,41";"0,34";"0,37";"0,1243";"0,0328";"0,37";"1,9308";"-70"
"14/04/2026 11:59:03";"PRIO3";"PRIOE515";"V";"1700";"16,64";"16,16";"16,32";"0,9131";"0,0108";"16,66";"3,1934";"544"
"14/04/2026 11:59:03";"PRIO3";"PRIOQ720";"V";"1700";"4,87";"7,36";"7,48";"-0,6069";"0,0336";"7,1";"7,7646";"-4437"
"14/04/2026 11:59:03";"PRIO3";"PRIOP600";"C";"1700";"0,46";"0,43";"0,46";"-0,1271";"0,0306";"0,45";"1,9613";"-51"
"14/04/2026 11:59:03";"SMAL11";"SMALD139";"C";"1800";"0,2158";"0,02";"0,04";"0,0085";"0,0042";"0,02";"0,407";"-352,44"
"14/04/2026 11:59:03";"SMAL11";"SMALE119";"V";"1600";"7,56";"8,71";"8,79";"0,8645";"0,0314";"7,72";"8,1963";"-1968"
"14/04/2026 11:59:03";"SMAL11";"SMALQ119";"V";"1600";"2,35";"1,97";"2,01";"-0,2605";"0,0258";"2,09";"12,2274";"544"
"14/04/2026 11:59:03";"SMAL11";"SMALP970";"C";"1800";"0,37";"0";"0";"-0,0017";"0,0005";"0,01";"0,0967";"-666"
"14/04/2026 11:59:03";"SBSP3";"SBSPE175";"C";"2300";"1,48";"3,73";"3,94";"0,413";"0,0275";"4,04";"19,844";"5175"
"14/04/2026 11:59:03";"SBSP3";"SBSPE155";"V";"1200";"7,87";"16,35";"17,46";"0,9";"0,013";"16,61";"8,9426";"-11508"
"14/04/2026 11:59:03";"SBSP3";"SBSPQ166";"V";"1200";"4,61";"3,68";"3,79";"-0,3481";"0,0246";"3,68";"18,8364";"984"
"14/04/2026 11:59:03";"SBSP3";"SBSPQ131";"C";"2300";"0,96";"0,21";"0,38";"-0,0301";"0,0027";"0,31";"3,4794";"-1725"
"14/04/2026 12:04:08";"EMBJ3";"EMBJE868";"C";"7000";"1,38";"4,84";"4,93";"0,5909";"0,039";"4,85";"10,2557";"24220"
"14/04/2026 12:04:08";"EMBJ3";"EMBJE704";"V";"4000";"8,35";"0";"21,03";"0,982";"0,0043";"18,55";"1,1667";"-50720"
"14/04/2026 12:04:08";"EMBJ3";"EMBJQ878";"V";"4000";"4,85";"3,72";"3,82";"-0,4484";"0,0308";"4,74";"10,442";"4120"
"14/04/2026 12:04:08";"EMBJ3";"EMBJQ660";"C";"7000";"1,3";"0,14";"0,17";"-0,0322";"0,0048";"0,2";"1,9043";"-8120"
"14/04/2026 12:04:08";"BOVA11";"BOVAE195";"C";"5000";"1,74";"5,69";"5,72";"0,5739";"0,033";"5,7";"23,0109";"19750"
"14/04/2026 12:04:08";"BOVA11";"BOVAE166";"V";"4000";"26,445";"30,27";"30,38";"1";"0";"30,42";"0";"-15740"
"14/04/2026 12:04:08";"BOVA11";"BOVAQ195";"V";"4000";"6,26";"4,23";"4,26";"-0,4315";"0,0306";"4,26";"23,0612";"8000"
"14/04/2026 12:04:08";"BOVA11";"BOVAQ164";"C";"10000";"1,75";"0,19";"0,2";"-0,0273";"0,0033";"0,2";"3,693";"-15600"
"14/04/2026 12:04:08";"PRIO3";"PRIOD750";"C";"1000";"0,41";"0,34";"0,37";"0,1243";"0,0328";"0,37";"1,9308";"-70"
"14/04/2026 12:04:08";"PRIO3";"PRIOE515";"V";"1700";"16,64";"16,16";"16,32";"0,9131";"0,0108";"16,66";"3,1934";"544"
"14/04/2026 12:04:08";"PRIO3";"PRIOQ720";"V";"1700";"4,87";"7,36";"7,48";"-0,6069";"0,0336";"7,1";"7,7646";"-4437"
"14/04/2026 12:04:08";"PRIO3";"PRIOP600";"C";"1700";"0,46";"0,43";"0,46";"-0,1271";"0,0306";"0,45";"1,9613";"-51"
"14/04/2026 12:04:08";"SMAL11";"SMALD139";"C";"1800";"0,2158";"0,02";"0,04";"0,0085";"0,0042";"0,02";"0,407";"-352,44"
"14/04/2026 12:04:08";"SMAL11";"SMALE119";"V";"1600";"7,56";"8,71";"8,79";"0,8645";"0,0314";"7,72";"8,1963";"-1968"
"14/04/2026 12:04:08";"SMAL11";"SMALQ119";"V";"1600";"2,35";"1,97";"2,01";"-0,2605";"0,0258";"2,09";"12,2274";"544"
"14/04/2026 12:04:08";"SMAL11";"SMALP970";"C";"1800";"0,37";"0";"0";"-0,0017";"0,0005";"0,01";"0,0967";"-666"
"14/04/2026 12:04:08";"SBSP3";"SBSPE175";"C";"2300";"1,48";"3,73";"3,94";"0,413";"0,0275";"4,04";"19,844";"5175"
"14/04/2026 12:04:08";"SBSP3";"SBSPE155";"V";"1200";"7,87";"16,35";"17,46";"0,9";"0,013";"16,61";"8,9426";"-11508"
"14/04/2026 12:04:08";"SBSP3";"SBSPQ166";"V";"1200";"4,61";"3,68";"3,79";"-0,3481";"0,0246";"3,68";"18,8364";"984"
"14/04/2026 12:04:08";"SBSP3";"SBSPQ131";"C";"2300";"0,96";"0,21";"0,38";"-0,0301";"0,0027";"0,31";"3,4794";"-1725"
"14/04/2026 12:09:14";"EMBJ3";"EMBJE868";"C";"7000";"1,38";"4,84";"4,93";"0,5909";"0,039";"4,85";"10,2557";"24220"
"14/04/2026 12:09:14";"EMBJ3";"EMBJE704";"V";"4000";"8,35";"0";"21,03";"0,982";"0,0043";"18,55";"1,1667";"-50720"
"14/04/2026 12:09:14";"EMBJ3";"EMBJQ878";"V";"4000";"4,85";"3,72";"3,82";"-0,4484";"0,0308";"4,74";"10,442";"4120"
"14/04/2026 12:09:14";"EMBJ3";"EMBJQ660";"C";"7000";"1,3";"0,14";"0,17";"-0,0322";"0,0048";"0,2";"1,9043";"-8120"
"14/04/2026 12:09:14";"BOVA11";"BOVAE195";"C";"5000";"1,74";"5,69";"5,72";"0,5739";"0,033";"5,7";"23,0109";"19750"
"14/04/2026 12:09:14";"BOVA11";"BOVAE166";"V";"4000";"26,445";"30,27";"30,38";"1";"0";"30,42";"0";"-15740"
"14/04/2026 12:09:14";"BOVA11";"BOVAQ195";"V";"4000";"6,26";"4,23";"4,26";"-0,4315";"0,0306";"4,26";"23,0612";"8000"
"14/04/2026 12:09:14";"BOVA11";"BOVAQ164";"C";"10000";"1,75";"0,19";"0,2";"-0,0273";"0,0033";"0,2";"3,693";"-15600"
"14/04/2026 12:09:14";"PRIO3";"PRIOD750";"C";"1000";"0,41";"0,34";"0,37";"0,1243";"0,0328";"0,37";"1,9308";"-70"
"14/04/2026 12:09:14";"PRIO3";"PRIOE515";"V";"1700";"16,64";"16,16";"16,32";"0,9131";"0,0108";"16,66";"3,1934";"544"
"14/04/2026 12:09:14";"PRIO3";"PRIOQ720";"V";"1700";"4,87";"7,36";"7,48";"-0,6069";"0,0336";"7,1";"7,7646";"-4437"
"14/04/2026 12:09:14";"PRIO3";"PRIOP600";"C";"1700";"0,46";"0,43";"0,46";"-0,1271";"0,0306";"0,45";"1,9613";"-51"
"14/04/2026 12:09:14";"SMAL11";"SMALD139";"C";"1800";"0,2158";"0,02";"0,04";"0,0085";"0,0042";"0,02";"0,407";"-352,44"
"14/04/2026 12:09:14";"SMAL11";"SMALE119";"V";"1600";"7,56";"8,71";"8,79";"0,8645";"0,0314";"7,72";"8,1963";"-1968"
"14/04/2026 12:09:14";"SMAL11";"SMALQ119";"V";"1600";"2,35";"1,97";"2,01";"-0,2605";"0,0258";"2,09";"12,2274";"544"
"14/04/2026 12:09:14";"SMAL11";"SMALP970";"C";"1800";"0,37";"0";"0";"-0,0017";"0,0005";"0,01";"0,0967";"-666"
"14/04/2026 12:09:14";"SBSP3";"SBSPE175";"C";"2300";"1,48";"3,73";"3,94";"0,413";"0,0275";"4,04";"19,844";"5175"
"14/04/2026 12:09:14";"SBSP3";"SBSPE155";"V";"1200";"7,87";"16,35";"17,46";"0,9";"0,013";"16,61";"8,9426";"-11508"
"14/04/2026 12:09:14";"SBSP3";"SBSPQ166";"V";"1200";"4,61";"3,68";"3,79";"-0,3481";"0,0246";"3,68";"18,8364";"984"
"14/04/2026 12:09:14";"SBSP3";"SBSPQ131";"C";"2300";"0,96";"0,21";"0,38";"-0,0301";"0,0027";"0,31";"3,4794";"-1725"
"14/04/2026 12:14:20";"EMBJ3";"EMBJE868";"C";"7000";"1,38";"4,84";"4,93";"0,5909";"0,039";"4,85";"10,2557";"24220"
"14/04/2026 12:14:20";"EMBJ3";"EMBJE704";"V";"4000";"8,35";"0";"21,03";"0,982";"0,0043";"18,55";"1,1667";"-50720"
"14/04/2026 12:14:20";"EMBJ3";"EMBJQ878";"V";"4000";"4,85";"3,72";"3,82";"-0,4484";"0,0308";"4,74";"10,442";"4120"
"14/04/2026 12:14:20";"EMBJ3";"EMBJQ660";"C";"7000";"1,3";"0,14";"0,17";"-0,0322";"0,0048";"0,2";"1,9043";"-8120"
"14/04/2026 12:14:20";"BOVA11";"BOVAE195";"C";"5000";"1,74";"5,69";"5,72";"0,5739";"0,033";"5,7";"23,0109";"19750"
"14/04/2026 12:14:20";"BOVA11";"BOVAE166";"V";"4000";"26,445";"30,27";"30,38";"1";"0";"30,42";"0";"-15740"
"14/04/2026 12:14:20";"BOVA11";"BOVAQ195";"V";"4000";"6,26";"4,23";"4,26";"-0,4315";"0,0306";"4,26";"23,0612";"8000"
"14/04/2026 12:14:20";"BOVA11";"BOVAQ164";"C";"10000";"1,75";"0,19";"0,2";"-0,0273";"0,0033";"0,2";"3,693";"-15600"
"14/04/2026 12:14:20";"PRIO3";"PRIOD750";"C";"1000";"0,41";"0,34";"0,37";"0,1243";"0,0328";"0,37";"1,9308";"-70"
"14/04/2026 12:14:20";"PRIO3";"PRIOE515";"V";"1700";"16,64";"16,16";"16,32";"0,9131";"0,0108";"16,66";"3,1934";"544"
"14/04/2026 12:14:20";"PRIO3";"PRIOQ720";"V";"1700";"4,87";"7,36";"7,48";"-0,6069";"0,0336";"7,1";"7,7646";"-4437"
"14/04/2026 12:14:20";"PRIO3";"PRIOP600";"C";"1700";"0,46";"0,43";"0,46";"-0,1271";"0,0306";"0,45";"1,9613";"-51"
"14/04/2026 12:14:20";"SMAL11";"SMALD139";"C";"1800";"0,2158";"0,02";"0,04";"0,0085";"0,0042";"0,02";"0,407";"-352,44"
"14/04/2026 12:14:20";"SMAL11";"SMALE119";"V";"1600";"7,56";"8,71";"8,79";"0,8645";"0,0314";"7,72";"8,1963";"-1968"
"14/04/2026 12:14:20";"SMAL11";"SMALQ119";"V";"1600";"2,35";"1,97";"2,01";"-0,2605";"0,0258";"2,09";"12,2274";"544"
"14/04/2026 12:14:20";"SMAL11";"SMALP970";"C";"1800";"0,37";"0";"0";"-0,0017";"0,0005";"0,01";"0,0967";"-666"
"14/04/2026 12:14:20";"SBSP3";"SBSPE175";"C";"2300";"1,48";"3,73";"3,94";"0,413";"0,0275";"4,04";"19,844";"5175"
"14/04/2026 12:14:20";"SBSP3";"SBSPE155";"V";"1200";"7,87";"16,35";"17,46";"0,9";"0,013";"16,61";"8,9426";"-11508"
"14/04/2026 12:14:20";"SBSP3";"SBSPQ166";"V";"1200";"4,61";"3,68";"3,79";"-0,3481";"0,0246";"3,68";"18,8364";"984"
"14/04/2026 12:14:20";"SBSP3";"SBSPQ131";"C";"2300";"0,96";"0,21";"0,38";"-0,0301";"0,0027";"0,31";"3,4794";"-1725"
"14/04/2026 12:19:26";"EMBJ3";"EMBJE868";"C";"7000";"1,38";"4,84";"4,93";"0,5909";"0,039";"4,85";"10,2557";"24220"
"14/04/2026 12:19:26";"EMBJ3";"EMBJE704";"V";"4000";"8,35";"0";"21,03";"0,982";"0,0043";"18,55";"1,1667";"-50720"
"14/04/2026 12:19:26";"EMBJ3";"EMBJQ878";"V";"4000";"4,85";"3,72";"3,82";"-0,4484";"0,0308";"4,74";"10,442";"4120"
"14/04/2026 12:19:26";"EMBJ3";"EMBJQ660";"C";"7000";"1,3";"0,14";"0,17";"-0,0322";"0,0048";"0,2";"1,9043";"-8120"
"14/04/2026 12:19:26";"BOVA11";"BOVAE195";"C";"5000";"1,74";"5,69";"5,72";"0,5739";"0,033";"5,7";"23,0109";"19750"
"14/04/2026 12:19:26";"BOVA11";"BOVAE166";"V";"4000";"26,445";"30,27";"30,38";"1";"0";"30,42";"0";"-15740"
"14/04/2026 12:19:26";"BOVA11";"BOVAQ195";"V";"4000";"6,26";"4,23";"4,26";"-0,4315";"0,0306";"4,26";"23,0612";"8000"
"14/04/2026 12:19:26";"BOVA11";"BOVAQ164";"C";"10000";"1,75";"0,19";"0,2";"-0,0273";"0,0033";"0,2";"3,693";"-15600"
"14/04/2026 12:19:26";"PRIO3";"PRIOD750";"C";"1000";"0,41";"0,34";"0,37";"0,1243";"0,0328";"0,37";"1,9308";"-70"
"14/04/2026 12:19:26";"PRIO3";"PRIOE515";"V";"1700";"16,64";"16,16";"16,32";"0,9131";"0,0108";"16,66";"3,1934";"544"
"14/04/2026 12:19:26";"PRIO3";"PRIOQ720";"V";"1700";"4,87";"7,36";"7,48";"-0,6069";"0,0336";"7,1";"7,7646";"-4437"
"14/04/2026 12:19:26";"PRIO3";"PRIOP600";"C";"1700";"0,46";"0,43";"0,46";"-0,1271";"0,0306";"0,45";"1,9613";"-51"
"14/04/2026 12:19:26";"SMAL11";"SMALD139";"C";"1800";"0,2158";"0,02";"0,04";"0,0085";"0,0042";"0,02";"0,407";"-352,44"
"14/04/2026 12:19:26";"SMAL11";"SMALE119";"V";"1600";"7,56";"8,71";"8,79";"0,8645";"0,0314";"7,72";"8,1963";"-1968"
"14/04/2026 12:19:26";"SMAL11";"SMALQ119";"V";"1600";"2,35";"1,97";"2,01";"-0,2605";"0,0258";"2,09";"12,2274";"544"
"14/04/2026 12:19:26";"SMAL11";"SMALP970";"C";"1800";"0,37";"0";"0";"-0,0017";"0,0005";"0,01";"0,0967";"-666"
"14/04/2026 12:19:26";"SBSP3";"SBSPE175";"C";"2300";"1,48";"3,73";"3,94";"0,413";"0,0275";"4,04";"19,844";"5175"
"14/04/2026 12:19:26";"SBSP3";"SBSPE155";"V";"1200";"7,87";"16,35";"17,46";"0,9";"0,013";"16,61";"8,9426";"-11508"
"14/04/2026 12:19:26";"SBSP3";"SBSPQ166";"V";"1200";"4,61";"3,68";"3,79";"-0,3481";"0,0246";"3,68";"18,8364";"984"
"14/04/2026 12:19:26";"SBSP3";"SBSPQ131";"C";"2300";"0,96";"0,21";"0,38";"-0,0301";"0,0027";"0,31";"3,4794";"-1725"
"14/04/2026 12:24:32";"EMBJ3";"EMBJE868";"C";"7000";"1,38";"4,84";"4,93";"0,5909";"0,039";"4,85";"10,2557";"24220"
"14/04/2026 12:24:32";"EMBJ3";"EMBJE704";"V";"4000";"8,35";"0";"21,03";"0,982";"0,0043";"18,55";"1,1667";"-50720"
"14/04/2026 12:24:32";"EMBJ3";"EMBJQ878";"V";"4000";"4,85";"3,72";"3,82";"-0,4484";"0,0308";"4,74";"10,442";"4120"
"14/04/2026 12:24:32";"EMBJ3";"EMBJQ660";"C";"7000";"1,3";"0,14";"0,17";"-0,0322";"0,0048";"0,2";"1,9043";"-8120"
"14/04/2026 12:24:32";"BOVA11";"BOVAE195";"C";"5000";"1,74";"5,69";"5,72";"0,5739";"0,033";"5,7";"23,0109";"19750"
"14/04/2026 12:24:32";"BOVA11";"BOVAE166";"V";"4000";"26,445";"30,27";"30,38";"1";"0";"30,42";"0";"-15740"
"14/04/2026 12:24:32";"BOVA11";"BOVAQ195";"V";"4000";"6,26";"4,23";"4,26";"-0,4315";"0,0306";"4,26";"23,0612";"8000"
"14/04/2026 12:24:32";"BOVA11";"BOVAQ164";"C";"10000";"1,75";"0,19";"0,2";"-0,0273";"0,0033";"0,2";"3,693";"-15600"
"14/04/2026 12:24:32";"PRIO3";"PRIOD750";"C";"1000";"0,41";"0,34";"0,37";"0,1243";"0,0328";"0,37";"1,9308";"-70"
"14/04/2026 12:24:32";"PRIO3";"PRIOE515";"V";"1700";"16,64";"16,16";"16,32";"0,9131";"0,0108";"16,66";"3,1934";"544"
"14/04/2026 12:24:32";"PRIO3";"PRIOQ720";"V";"1700";"4,87";"7,36";"7,48";"-0,6069";"0,0336";"7,1";"7,7646";"-4437"
"14/04/2026 12:24:32";"PRIO3";"PRIOP600";"C";"1700";"0,46";"0,43";"0,46";"-0,1271";"0,0306";"0,45";"1,9613";"-51"
"14/04/2026 12:24:32";"SMAL11";"SMALD139";"C";"1800";"0,2158";"0,02";"0,04";"0,0085";"0,0042";"0,02";"0,407";"-352,44"
"14/04/2026 12:24:32";"SMAL11";"SMALE119";"V";"1600";"7,56";"8,71";"8,79";"0,8645";"0,0314";"7,72";"8,1963";"-1968"
"14/04/2026 12:24:32";"SMAL11";"SMALQ119";"V";"1600";"2,35";"1,97";"2,01";"-0,2605";"0,0258";"2,09";"12,2274";"544"
"14/04/2026 12:24:32";"SMAL11";"SMALP970";"C";"1800";"0,37";"0";"0";"-0,0017";"0,0005";"0,01";"0,0967";"-666"
"14/04/2026 12:24:32";"SBSP3";"SBSPE175";"C";"2300";"1,48";"3,73";"3,94";"0,413";"0,0275";"4,04";"19,844";"5175"
"14/04/2026 12:24:32";"SBSP3";"SBSPE155";"V";"1200";"7,87";"16,35";"17,46";"0,9";"0,013";"16,61";"8,9426";"-11508"
"14/04/2026 12:24:32";"SBSP3";"SBSPQ166";"V";"1200";"4,61";"3,68";"3,79";"-0,3481";"0,0246";"3,68";"18,8364";"984"
"14/04/2026 12:24:32";"SBSP3";"SBSPQ131";"C";"2300";"0,96";"0,21";"0,38";"-0,0301";"0,0027";"0,31";"3,4794";"-1725"
"14/04/2026 12:29:38";"EMBJ3";"EMBJE868";"C";"7000";"1,38";"4,84";"4,93";"0,5909";"0,039";"4,85";"10,2557";"24220"
"14/04/2026 12:29:38";"EMBJ3";"EMBJE704";"V";"4000";"8,35";"0";"21,03";"0,982";"0,0043";"18,55";"1,1667";"-50720"
"14/04/2026 12:29:38";"EMBJ3";"EMBJQ878";"V";"4000";"4,85";"3,72";"3,82";"-0,4484";"0,0308";"4,74";"10,442";"4120"
"14/04/2026 12:29:38";"EMBJ3";"EMBJQ660";"C";"7000";"1,3";"0,14";"0,17";"-0,0322";"0,0048";"0,2";"1,9043";"-8120"
"14/04/2026 12:29:38";"BOVA11";"BOVAE195";"C";"5000";"1,74";"5,69";"5,72";"0,5739";"0,033";"5,7";"23,0109";"19750"
"14/04/2026 12:29:38";"BOVA11";"BOVAE166";"V";"4000";"26,445";"30,27";"30,38";"1";"0";"30,42";"0";"-15740"
"14/04/2026 12:29:38";"BOVA11";"BOVAQ195";"V";"4000";"6,26";"4,23";"4,26";"-0,4315";"0,0306";"4,26";"23,0612";"8000"
"14/04/2026 12:29:38";"BOVA11";"BOVAQ164";"C";"10000";"1,75";"0,19";"0,2";"-0,0273";"0,0033";"0,2";"3,693";"-15600"
"14/04/2026 12:29:38";"PRIO3";"PRIOD750";"C";"1000";"0,41";"0,34";"0,37";"0,1243";"0,0328";"0,37";"1,9308";"-70"
"14/04/2026 12:29:38";"PRIO3";"PRIOE515";"V";"1700";"16,64";"16,16";"16,32";"0,9131";"0,0108";"16,66";"3,1934";"544"
"14/04/2026 12:29:38";"PRIO3";"PRIOQ720";"V";"1700";"4,87";"7,36";"7,48";"-0,6069";"0,0336";"7,1";"7,7646";"-4437"
"14/04/2026 12:29:38";"PRIO3";"PRIOP600";"C";"1700";"0,46";"0,43";"0,46";"-0,1271";"0,0306";"0,45";"1,9613";"-51"
"14/04/2026 12:29:38";"SMAL11";"SMALD139";"C";"1800";"0,2158";"0,02";"0,04";"0,0085";"0,0042";"0,02";"0,407";"-352,44"
"14/04/2026 12:29:38";"SMAL11";"SMALE119";"V";"1600";"7,56";"8,71";"8,79";"0,8645";"0,0314";"7,72";"8,1963";"-1968"
"14/04/2026 12:29:38";"SMAL11";"SMALQ119";"V";"1600";"2,35";"1,97";"2,01";"-0,2605";"0,0258";"2,09";"12,2274";"544"
"14/04/2026 12:29:38";"SMAL11";"SMALP970";"C";"1800";"0,37";"0";"0";"-0,0017";"0,0005";"0,01";"0,0967";"-666"
"14/04/2026 12:29:38";"SBSP3";"SBSPE175";"C";"2300";"1,48";"3,73";"3,94";"0,413";"0,0275";"4,04";"19,844";"5175"
"14/04/2026 12:29:38";"SBSP3";"SBSPE155";"V";"1200";"7,87";"16,35";"17,46";"0,9";"0,013";"16,61";"8,9426";"-11508"
"14/04/2026 12:29:38";"SBSP3";"SBSPQ166";"V";"1200";"4,61";"3,68";"3,79";"-0,3481";"0,0246";"3,68";"18,8364";"984"
"14/04/2026 12:29:38";"SBSP3";"SBSPQ131";"C";"2300";"0,96";"0,21";"0,38";"-0,0301";"0,0027";"0,31";"3,4794";"-1725"
"14/04/2026 12:34:43";"EMBJ3";"EMBJE868";"C";"7000";"1,38";"4,84";"4,93";"0,5909";"0,039";"4,85";"10,2557";"24220"
"14/04/2026 12:34:43";"EMBJ3";"EMBJE704";"V";"4000";"8,35";"0";"21,03";"0,982";"0,0043";"18,55";"1,1667";"-50720"
"14/04/2026 12:34:43";"EMBJ3";"EMBJQ878";"V";"4000";"4,85";"3,72";"3,82";"-0,4484";"0,0308";"4,74";"10,442";"4120"
"14/04/2026 12:34:43";"EMBJ3";"EMBJQ660";"C";"7000";"1,3";"0,14";"0,17";"-0,0322";"0,0048";"0,2";"1,9043";"-8120"
"14/04/2026 12:34:43";"BOVA11";"BOVAE195";"C";"5000";"1,74";"5,69";"5,72";"0,5739";"0,033";"5,7";"23,0109";"19750"
"14/04/2026 12:34:43";"BOVA11";"BOVAE166";"V";"4000";"26,445";"30,27";"30,38";"1";"0";"30,42";"0";"-15740"
"14/04/2026 12:34:43";"BOVA11";"BOVAQ195";"V";"4000";"6,26";"4,23";"4,26";"-0,4315";"0,0306";"4,26";"23,0612";"8000"
"14/04/2026 12:34:43";"BOVA11";"BOVAQ164";"C";"10000";"1,75";"0,19";"0,2";"-0,0273";"0,0033";"0,2";"3,693";"-15600"
"14/04/2026 12:34:43";"PRIO3";"PRIOD750";"C";"1000";"0,41";"0,34";"0,37";"0,1243";"0,0328";"0,37";"1,9308";"-70"
"14/04/2026 12:34:43";"PRIO3";"PRIOE515";"V";"1700";"16,64";"16,16";"16,32";"0,9131";"0,0108";"16,66";"3,1934";"544"
"14/04/2026 12:34:43";"PRIO3";"PRIOQ720";"V";"1700";"4,87";"7,36";"7,48";"-0,6069";"0,0336";"7,1";"7,7646";"-4437"
"14/04/2026 12:34:43";"PRIO3";"PRIOP600";"C";"1700";"0,46";"0,43";"0,46";"-0,1271";"0,0306";"0,45";"1,9613";"-51"
"14/04/2026 12:34:43";"SMAL11";"SMALD139";"C";"1800";"0,2158";"0,02";"0,04";"0,0085";"0,0042";"0,02";"0,407";"-352,44"
"14/04/2026 12:34:43";"SMAL11";"SMALE119";"V";"1600";"7,56";"8,71";"8,79";"0,8645";"0,0314";"7,72";"8,1963";"-1968"
"14/04/2026 12:34:43";"SMAL11";"SMALQ119";"V";"1600";"2,35";"1,97";"2,01";"-0,2605";"0,0258";"2,09";"12,2274";"544"
"14/04/2026 12:34:43";"SMAL11";"SMALP970";"C";"1800";"0,37";"0";"0";"-0,0017";"0,0005";"0,01";"0,0967";"-666"
"14/04/2026 12:34:43";"SBSP3";"SBSPE175";"C";"2300";"1,48";"3,73";"3,94";"0,413";"0,0275";"4,04";"19,844";"5175"
"14/04/2026 12:34:43";"SBSP3";"SBSPE155";"V";"1200";"7,87";"16,35";"17,46";"0,9";"0,013";"16,61";"8,9426";"-11508"
"14/04/2026 12:34:43";"SBSP3";"SBSPQ166";"V";"1200";"4,61";"3,68";"3,79";"-0,3481";"0,0246";"3,68";"18,8364";"984"
"14/04/2026 12:34:43";"SBSP3";"SBSPQ131";"C";"2300";"0,96";"0,21";"0,38";"-0,0301";"0,0027";"0,31";"3,4794";"-1725"
"14/04/2026 12:39:49";"EMBJ3";"EMBJE868";"C";"7000";"1,38";"4,84";"4,93";"0,5909";"0,039";"4,85";"10,2557";"24220"
"14/04/2026 12:39:49";"EMBJ3";"EMBJE704";"V";"4000";"8,35";"0";"21,03";"0,982";"0,0043";"18,55";"1,1667";"-50720"
"14/04/2026 12:39:49";"EMBJ3";"EMBJQ878";"V";"4000";"4,85";"3,72";"3,82";"-0,4484";"0,0308";"4,74";"10,442";"4120"
"14/04/2026 12:39:49";"EMBJ3";"EMBJQ660";"C";"7000";"1,3";"0,14";"0,17";"-0,0322";"0,0048";"0,2";"1,9043";"-8120"
"14/04/2026 12:39:49";"BOVA11";"BOVAE195";"C";"5000";"1,74";"5,69";"5,72";"0,5739";"0,033";"5,7";"23,0109";"19750"
"14/04/2026 12:39:49";"BOVA11";"BOVAE166";"V";"4000";"26,445";"30,27";"30,38";"1";"0";"30,42";"0";"-15740"
"14/04/2026 12:39:49";"BOVA11";"BOVAQ195";"V";"4000";"6,26";"4,23";"4,26";"-0,4315";"0,0306";"4,26";"23,0612";"8000"
"14/04/2026 12:39:49";"BOVA11";"BOVAQ164";"C";"10000";"1,75";"0,19";"0,2";"-0,0273";"0,0033";"0,2";"3,693";"-15600"
"14/04/2026 12:39:49";"PRIO3";"PRIOD750";"C";"1000";"0,41";"0,34";"0,37";"0,1243";"0,0328";"0,37";"1,9308";"-70"
"14/04/2026 12:39:49";"PRIO3";"PRIOE515";"V";"1700";"16,64";"16,16";"16,32";"0,9131";"0,0108";"16,66";"3,1934";"544"
"14/04/2026 12:39:49";"PRIO3";"PRIOQ720";"V";"1700";"4,87";"7,36";"7,48";"-0,6069";"0,0336";"7,1";"7,7646";"-4437"
"14/04/2026 12:39:49";"PRIO3";"PRIOP600";"C";"1700";"0,46";"0,43";"0,46";"-0,1271";"0,0306";"0,45";"1,9613";"-51"
"14/04/2026 12:39:49";"SMAL11";"SMALD139";"C";"1800";"0,2158";"0,02";"0,04";"0,0085";"0,0042";"0,02";"0,407";"-352,44"
"14/04/2026 12:39:49";"SMAL11";"SMALE119";"V";"1600";"7,56";"8,71";"8,79";"0,8645";"0,0314";"7,72";"8,1963";"-1968"
"14/04/2026 12:39:49";"SMAL11";"SMALQ119";"V";"1600";"2,35";"1,97";"2,01";"-0,2605";"0,0258";"2,09";"12,2274";"544"
"14/04/2026 12:39:49";"SMAL11";"SMALP970";"C";"1800";"0,37";"0";"0";"-0,0017";"0,0005";"0,01";"0,0967";"-666"
"14/04/2026 12:39:49";"SBSP3";"SBSPE175";"C";"2300";"1,48";"3,73";"3,94";"0,413";"0,0275";"4,04";"19,844";"5175"
"14/04/2026 12:39:49";"SBSP3";"SBSPE155";"V";"1200";"7,87";"16,35";"17,46";"0,9";"0,013";"16,61";"8,9426";"-11508"
"14/04/2026 12:39:49";"SBSP3";"SBSPQ166";"V";"1200";"4,61";"3,68";"3,79";"-0,3481";"0,0246";"3,68";"18,8364";"984"
"14/04/2026 12:39:49";"SBSP3";"SBSPQ131";"C";"2300";"0,96";"0,21";"0,38";"-0,0301";"0,0027";"0,31";"3,4794";"-1725"
"14/04/2026 12:44:55";"EMBJ3";"EMBJE868";"C";"7000";"1,38";"4,84";"4,93";"0,5909";"0,039";"4,85";"10,2557";"24220"
"14/04/2026 12:44:55";"EMBJ3";"EMBJE704";"V";"4000";"8,35";"0";"21,03";"0,982";"0,0043";"18,55";"1,1667";"-50720"
"14/04/2026 12:44:55";"EMBJ3";"EMBJQ878";"V";"4000";"4,85";"3,72";"3,82";"-0,4484";"0,0308";"4,74";"10,442";"4120"
"14/04/2026 12:44:55";"EMBJ3";"EMBJQ660";"C";"7000";"1,3";"0,14";"0,17";"-0,0322";"0,0048";"0,2";"1,9043";"-8120"
"14/04/2026 12:44:55";"BOVA11";"BOVAE195";"C";"5000";"1,74";"5,69";"5,72";"0,5739";"0,033";"5,7";"23,0109";"19750"
"14/04/2026 12:44:55";"BOVA11";"BOVAE166";"V";"4000";"26,445";"30,27";"30,38";"1";"0";"30,42";"0";"-15740"
"14/04/2026 12:44:55";"BOVA11";"BOVAQ195";"V";"4000";"6,26";"4,23";"4,26";"-0,4315";"0,0306";"4,26";"23,0612";"8000"
"14/04/2026 12:44:55";"BOVA11";"BOVAQ164";"C";"10000";"1,75";"0,19";"0,2";"-0,0273";"0,0033";"0,2";"3,693";"-15600"
"14/04/2026 12:44:55";"PRIO3";"PRIOD750";"C";"1000";"0,41";"0,34";"0,37";"0,1243";"0,0328";"0,37";"1,9308";"-70"
"14/04/2026 12:44:55";"PRIO3";"PRIOE515";"V";"1700";"16,64";"16,16";"16,32";"0,9131";"0,0108";"16,66";"3,1934";"544"
"14/04/2026 12:44:55";"PRIO3";"PRIOQ720";"V";"1700";"4,87";"7,36";"7,48";"-0,6069";"0,0336";"7,1";"7,7646";"-4437"
"14/04/2026 12:44:55";"PRIO3";"PRIOP600";"C";"1700";"0,46";"0,43";"0,46";"-0,1271";"0,0306";"0,45";"1,9613";"-51"
"14/04/2026 12:44:55";"SMAL11";"SMALD139";"C";"1800";"0,2158";"0,02";"0,04";"0,0085";"0,0042";"0,02";"0,407";"-352,44"
"14/04/2026 12:44:55";"SMAL11";"SMALE119";"V";"1600";"7,56";"8,71";"8,79";"0,8645";"0,0314";"7,72";"8,1963";"-1968"
"14/04/2026 12:44:55";"SMAL11";"SMALQ119";"V";"1600";"2,35";"1,97";"2,01";"-0,2605";"0,0258";"2,09";"12,2274";"544"
"14/04/2026 12:44:55";"SMAL11";"SMALP970";"C";"1800";"0,37";"0";"0";"-0,0017";"0,0005";"0,01";"0,0967";"-666"
"14/04/2026 12:44:55";"SBSP3";"SBSPE175";"C";"2300";"1,48";"3,73";"3,94";"0,413";"0,0275";"4,04";"19,844";"5175"
"14/04/2026 12:44:55";"SBSP3";"SBSPE155";"V";"1200";"7,87";"16,35";"17,46";"0,9";"0,013";"16,61";"8,9426";"-11508"
"14/04/2026 12:44:55";"SBSP3";"SBSPQ166";"V";"1200";"4,61";"3,68";"3,79";"-0,3481";"0,0246";"3,68";"18,8364";"984"
"14/04/2026 12:44:55";"SBSP3";"SBSPQ131";"C";"2300";"0,96";"0,21";"0,38";"-0,0301";"0,0027";"0,31";"3,4794";"-1725"
"14/04/2026 12:50:01";"EMBJ3";"EMBJE868";"C";"7000";"1,38";"4,84";"4,93";"0,5909";"0,039";"4,85";"10,2557";"24220"
"14/04/2026 12:50:01";"EMBJ3";"EMBJE704";"V";"4000";"8,35";"0";"21,03";"0,982";"0,0043";"18,55";"1,1667";"-50720"
"14/04/2026 12:50:01";"EMBJ3";"EMBJQ878";"V";"4000";"4,85";"3,72";"3,82";"-0,4484";"0,0308";"4,74";"10,442";"4120"
"14/04/2026 12:50:01";"EMBJ3";"EMBJQ660";"C";"7000";"1,3";"0,14";"0,17";"-0,0322";"0,0048";"0,2";"1,9043";"-8120"
"14/04/2026 12:50:01";"BOVA11";"BOVAE195";"C";"5000";"1,74";"5,69";"5,72";"0,5739";"0,033";"5,7";"23,0109";"19750"
"14/04/2026 12:50:01";"BOVA11";"BOVAE166";"V";"4000";"26,445";"30,27";"30,38";"1";"0";"30,42";"0";"-15740"
"14/04/2026 12:50:01";"BOVA11";"BOVAQ195";"V";"4000";"6,26";"4,23";"4,26";"-0,4315";"0,0306";"4,26";"23,0612";"8000"
"14/04/2026 12:50:01";"BOVA11";"BOVAQ164";"C";"10000";"1,75";"0,19";"0,2";"-0,0273";"0,0033";"0,2";"3,693";"-15600"
"14/04/2026 12:50:01";"PRIO3";"PRIOD750";"C";"1000";"0,41";"0,34";"0,37";"0,1243";"0,0328";"0,37";"1,9308";"-70"
"14/04/2026 12:50:01";"PRIO3";"PRIOE515";"V";"1700";"16,64";"16,16";"16,32";"0,9131";"0,0108";"16,66";"3,1934";"544"
"14/04/2026 12:50:01";"PRIO3";"PRIOQ720";"V";"1700";"4,87";"7,36";"7,48";"-0,6069";"0,0336";"7,1";"7,7646";"-4437"
"14/04/2026 12:50:01";"PRIO3";"PRIOP600";"C";"1700";"0,46";"0,43";"0,46";"-0,1271";"0,0306";"0,45";"1,9613";"-51"
"14/04/2026 12:50:01";"SMAL11";"SMALD139";"C";"1800";"0,2158";"0,02";"0,04";"0,0085";"0,0042";"0,02";"0,407";"-352,44"
"14/04/2026 12:50:01";"SMAL11";"SMALE119";"V";"1600";"7,56";"8,71";"8,79";"0,8645";"0,0314";"7,72";"8,1963";"-1968"
"14/04/2026 12:50:01";"SMAL11";"SMALQ119";"V";"1600";"2,35";"1,97";"2,01";"-0,2605";"0,0258";"2,09";"12,2274";"544"
"14/04/2026 12:50:01";"SMAL11";"SMALP970";"C";"1800";"0,37";"0";"0";"-0,0017";"0,0005";"0,01";"0,0967";"-666"
"14/04/2026 12:50:01";"SBSP3";"SBSPE175";"C";"2300";"1,48";"3,73";"3,94";"0,413";"0,0275";"4,04";"19,844";"5175"
"14/04/2026 12:50:01";"SBSP3";"SBSPE155";"V";"1200";"7,87";"16,35";"17,46";"0,9";"0,013";"16,61";"8,9426";"-11508"
"14/04/2026 12:50:01";"SBSP3";"SBSPQ166";"V";"1200";"4,61";"3,68";"3,79";"-0,3481";"0,0246";"3,68";"18,8364";"984"
"14/04/2026 12:50:01";"SBSP3";"SBSPQ131";"C";"2300";"0,96";"0,21";"0,38";"-0,0301";"0,0027";"0,31";"3,4794";"-1725"
"14/04/2026 12:55:07";"EMBJ3";"EMBJE868";"C";"7000";"1,38";"4,84";"4,93";"0,5909";"0,039";"4,85";"10,2557";"24220"
"14/04/2026 12:55:07";"EMBJ3";"EMBJE704";"V";"4000";"8,35";"0";"21,03";"0,982";"0,0043";"18,55";"1,1667";"-50720"
"14/04/2026 12:55:07";"EMBJ3";"EMBJQ878";"V";"4000";"4,85";"3,72";"3,82";"-0,4484";"0,0308";"4,74";"10,442";"4120"
"14/04/2026 12:55:07";"EMBJ3";"EMBJQ660";"C";"7000";"1,3";"0,14";"0,17";"-0,0322";"0,0048";"0,2";"1,9043";"-8120"
"14/04/2026 12:55:07";"BOVA11";"BOVAE195";"C";"5000";"1,74";"5,69";"5,72";"0,5739";"0,033";"5,7";"23,0109";"19750"
"14/04/2026 12:55:07";"BOVA11";"BOVAE166";"V";"4000";"26,445";"30,27";"30,38";"1";"0";"30,42";"0";"-15740"
"14/04/2026 12:55:07";"BOVA11";"BOVAQ195";"V";"4000";"6,26";"4,23";"4,26";"-0,4315";"0,0306";"4,26";"23,0612";"8000"
"14/04/2026 12:55:07";"BOVA11";"BOVAQ164";"C";"10000";"1,75";"0,19";"0,2";"-0,0273";"0,0033";"0,2";"3,693";"-15600"
"14/04/2026 12:55:07";"PRIO3";"PRIOD750";"C";"1000";"0,41";"0,34";"0,37";"0,1243";"0,0328";"0,37";"1,9308";"-70"
"14/04/2026 12:55:07";"PRIO3";"PRIOE515";"V";"1700";"16,64";"16,16";"16,32";"0,9131";"0,0108";"16,66";"3,1934";"544"
"14/04/2026 12:55:07";"PRIO3";"PRIOQ720";"V";"1700";"4,87";"7,36";"7,48";"-0,6069";"0,0336";"7,1";"7,7646";"-4437"
"14/04/2026 12:55:07";"PRIO3";"PRIOP600";"C";"1700";"0,46";"0,43";"0,46";"-0,1271";"0,0306";"0,45";"1,9613";"-51"
"14/04/2026 12:55:07";"SMAL11";"SMALD139";"C";"1800";"0,2158";"0,02";"0,04";"0,0085";"0,0042";"0,02";"0,407";"-352,44"
"14/04/2026 12:55:07";"SMAL11";"SMALE119";"V";"1600";"7,56";"8,71";"8,79";"0,8645";"0,0314";"7,72";"8,1963";"-1968"
"14/04/2026 12:55:07";"SMAL11";"SMALQ119";"V";"1600";"2,35";"1,97";"2,01";"-0,2605";"0,0258";"2,09";"12,2274";"544"
"14/04/2026 12:55:07";"SMAL11";"SMALP970";"C";"1800";"0,37";"0";"0";"-0,0017";"0,0005";"0,01";"0,0967";"-666"
"14/04/2026 12:55:07";"SBSP3";"SBSPE175";"C";"2300";"1,48";"3,73";"3,94";"0,413";"0,0275";"4,04";"19,844";"5175"
"14/04/2026 12:55:07";"SBSP3";"SBSPE155";"V";"1200";"7,87";"16,35";"17,46";"0,9";"0,013";"16,61";"8,9426";"-11508"
"14/04/2026 12:55:07";"SBSP3";"SBSPQ166";"V";"1200";"4,61";"3,68";"3,79";"-0,3481";"0,0246";"3,68";"18,8364";"984"
"14/04/2026 12:55:07";"SBSP3";"SBSPQ131";"C";"2300";"0,96";"0,21";"0,38";"-0,0301";"0,0027";"0,31";"3,4794";"-1725"
"14/04/2026 13:00:12";"EMBJ3";"EMBJE868";"C";"7000";"1,38";"4,84";"4,93";"0,5909";"0,039";"4,85";"10,2557";"24220"
"14/04/2026 13:00:12";"EMBJ3";"EMBJE704";"V";"4000";"8,35";"0";"21,03";"0,982";"0,0043";"18,55";"1,1667";"-50720"
"14/04/2026 13:00:12";"EMBJ3";"EMBJQ878";"V";"4000";"4,85";"3,72";"3,82";"-0,4484";"0,0308";"4,74";"10,442";"4120"
"14/04/2026 13:00:12";"EMBJ3";"EMBJQ660";"C";"7000";"1,3";"0,14";"0,17";"-0,0322";"0,0048";"0,2";"1,9043";"-8120"
"14/04/2026 13:00:12";"BOVA11";"BOVAE195";"C";"5000";"1,74";"5,69";"5,72";"0,5739";"0,033";"5,7";"23,0109";"19750"
"14/04/2026 13:00:12";"BOVA11";"BOVAE166";"V";"4000";"26,445";"30,27";"30,38";"1";"0";"30,42";"0";"-15740"
"14/04/2026 13:00:12";"BOVA11";"BOVAQ195";"V";"4000";"6,26";"4,23";"4,26";"-0,4315";"0,0306";"4,26";"23,0612";"8000"
"14/04/2026 13:00:12";"BOVA11";"BOVAQ164";"C";"10000";"1,75";"0,19";"0,2";"-0,0273";"0,0033";"0,2";"3,693";"-15600"
"14/04/2026 13:00:12";"PRIO3";"PRIOD750";"C";"1000";"0,41";"0,34";"0,37";"0,1243";"0,0328";"0,37";"1,9308";"-70"
"14/04/2026 13:00:12";"PRIO3";"PRIOE515";"V";"1700";"16,64";"16,16";"16,32";"0,9131";"0,0108";"16,66";"3,1934";"544"
"14/04/2026 13:00:12";"PRIO3";"PRIOQ720";"V";"1700";"4,87";"7,36";"7,48";"-0,6069";"0,0336";"7,1";"7,7646";"-4437"
"14/04/2026 13:00:12";"PRIO3";"PRIOP600";"C";"1700";"0,46";"0,43";"0,46";"-0,1271";"0,0306";"0,45";"1,9613";"-51"
"14/04/2026 13:00:12";"SMAL11";"SMALD139";"C";"1800";"0,2158";"0,02";"0,04";"0,0085";"0,0042";"0,02";"0,407";"-352,44"
"14/04/2026 13:00:12";"SMAL11";"SMALE119";"V";"1600";"7,56";"8,71";"8,79";"0,8645";"0,0314";"7,72";"8,1963";"-1968"
"14/04/2026 13:00:12";"SMAL11";"SMALQ119";"V";"1600";"2,35";"1,97";"2,01";"-0,2605";"0,0258";"2,09";"12,2274";"544"
"14/04/2026 13:00:12";"SMAL11";"SMALP970";"C";"1800";"0,37";"0";"0";"-0,0017";"0,0005";"0,01";"0,0967";"-666"
"14/04/2026 13:00:12";"SBSP3";"SBSPE175";"C";"2300";"1,48";"3,73";"3,94";"0,413";"0,0275";"4,04";"19,844";"5175"
"14/04/2026 13:00:12";"SBSP3";"SBSPE155";"V";"1200";"7,87";"16,35";"17,46";"0,9";"0,013";"16,61";"8,9426";"-11508"
"14/04/2026 13:00:12";"SBSP3";"SBSPQ166";"V";"1200";"4,61";"3,68";"3,79";"-0,3481";"0,0246";"3,68";"18,8364";"984"
"14/04/2026 13:00:12";"SBSP3";"SBSPQ131";"C";"2300";"0,96";"0,21";"0,38";"-0,0301";"0,0027";"0,31";"3,4794";"-1725"
"14/04/2026 13:05:18";"EMBJ3";"EMBJE868";"C";"7000";"1,38";"4,84";"4,93";"0,5909";"0,039";"4,85";"10,2557";"24220"
"14/04/2026 13:05:18";"EMBJ3";"EMBJE704";"V";"4000";"8,35";"0";"21,03";"0,982";"0,0043";"18,55";"1,1667";"-50720"
"14/04/2026 13:05:18";"EMBJ3";"EMBJQ878";"V";"4000";"4,85";"3,72";"3,82";"-0,4484";"0,0308";"4,74";"10,442";"4120"
"14/04/2026 13:05:18";"EMBJ3";"EMBJQ660";"C";"7000";"1,3";"0,14";"0,17";"-0,0322";"0,0048";"0,2";"1,9043";"-8120"
"14/04/2026 13:05:18";"BOVA11";"BOVAE195";"C";"5000";"1,74";"5,69";"5,72";"0,5739";"0,033";"5,7";"23,0109";"19750"
"14/04/2026 13:05:18";"BOVA11";"BOVAE166";"V";"4000";"26,445";"30,27";"30,38";"1";"0";"30,42";"0";"-15740"
"14/04/2026 13:05:18";"BOVA11";"BOVAQ195";"V";"4000";"6,26";"4,23";"4,26";"-0,4315";"0,0306";"4,26";"23,0612";"8000"
"14/04/2026 13:05:18";"BOVA11";"BOVAQ164";"C";"10000";"1,75";"0,19";"0,2";"-0,0273";"0,0033";"0,2";"3,693";"-15600"
"14/04/2026 13:05:18";"PRIO3";"PRIOD750";"C";"1000";"0,41";"0,34";"0,37";"0,1243";"0,0328";"0,37";"1,9308";"-70"
"14/04/2026 13:05:18";"PRIO3";"PRIOE515";"V";"1700";"16,64";"16,16";"16,32";"0,9131";"0,0108";"16,66";"3,1934";"544"
"14/04/2026 13:05:18";"PRIO3";"PRIOQ720";"V";"1700";"4,87";"7,36";"7,48";"-0,6069";"0,0336";"7,1";"7,7646";"-4437"
"14/04/2026 13:05:18";"PRIO3";"PRIOP600";"C";"1700";"0,46";"0,43";"0,46";"-0,1271";"0,0306";"0,45";"1,9613";"-51"
"14/04/2026 13:05:18";"SMAL11";"SMALD139";"C";"1800";"0,2158";"0,02";"0,04";"0,0085";"0,0042";"0,02";"0,407";"-352,44"
"14/04/2026 13:05:18";"SMAL11";"SMALE119";"V";"1600";"7,56";"8,71";"8,79";"0,8645";"0,0314";"7,72";"8,1963";"-1968"
"14/04/2026 13:05:18";"SMAL11";"SMALQ119";"V";"1600";"2,35";"1,97";"2,01";"-0,2605";"0,0258";"2,09";"12,2274";"544"
"14/04/2026 13:05:18";"SMAL11";"SMALP970";"C";"1800";"0,37";"0";"0";"-0,0017";"0,0005";"0,01";"0,0967";"-666"
"14/04/2026 13:05:18";"SBSP3";"SBSPE175";"C";"2300";"1,48";"3,73";"3,94";"0,413";"0,0275";"4,04";"19,844";"5175"
"14/04/2026 13:05:18";"SBSP3";"SBSPE155";"V";"1200";"7,87";"16,35";"17,46";"0,9";"0,013";"16,61";"8,9426";"-11508"
"14/04/2026 13:05:18";"SBSP3";"SBSPQ166";"V";"1200";"4,61";"3,68";"3,79";"-0,3481";"0,0246";"3,68";"18,8364";"984"
"14/04/2026 13:05:18";"SBSP3";"SBSPQ131";"C";"2300";"0,96";"0,21";"0,38";"-0,0301";"0,0027";"0,31";"3,4794";"-1725"
"14/04/2026 13:10:24";"EMBJ3";"EMBJE868";"C";"7000";"1,38";"4,84";"4,93";"0,5909";"0,039";"4,85";"10,2557";"24220"
"14/04/2026 13:10:24";"EMBJ3";"EMBJE704";"V";"4000";"8,35";"0";"21,03";"0,982";"0,0043";"18,55";"1,1667";"-50720"
"14/04/2026 13:10:24";"EMBJ3";"EMBJQ878";"V";"4000";"4,85";"3,72";"3,82";"-0,4484";"0,0308";"4,74";"10,442";"4120"
"14/04/2026 13:10:24";"EMBJ3";"EMBJQ660";"C";"7000";"1,3";"0,14";"0,17";"-0,0322";"0,0048";"0,2";"1,9043";"-8120"
"14/04/2026 13:10:24";"BOVA11";"BOVAE195";"C";"5000";"1,74";"5,69";"5,72";"0,5739";"0,033";"5,7";"23,0109";"19750"
"14/04/2026 13:10:24";"BOVA11";"BOVAE166";"V";"4000";"26,445";"30,27";"30,38";"1";"0";"30,42";"0";"-15740"
"14/04/2026 13:10:24";"BOVA11";"BOVAQ195";"V";"4000";"6,26";"4,23";"4,26";"-0,4315";"0,0306";"4,26";"23,0612";"8000"
"14/04/2026 13:10:24";"BOVA11";"BOVAQ164";"C";"10000";"1,75";"0,19";"0,2";"-0,0273";"0,0033";"0,2";"3,693";"-15600"
"14/04/2026 13:10:24";"PRIO3";"PRIOD750";"C";"1000";"0,41";"0,34";"0,37";"0,1243";"0,0328";"0,37";"1,9308";"-70"
"14/04/2026 13:10:24";"PRIO3";"PRIOE515";"V";"1700";"16,64";"16,16";"16,32";"0,9131";"0,0108";"16,66";"3,1934";"544"
"14/04/2026 13:10:24";"PRIO3";"PRIOQ720";"V";"1700";"4,87";"7,36";"7,48";"-0,6069";"0,0336";"7,1";"7,7646";"-4437"
"14/04/2026 13:10:24";"PRIO3";"PRIOP600";"C";"1700";"0,46";"0,43";"0,46";"-0,1271";"0,0306";"0,45";"1,9613";"-51"
"14/04/2026 13:10:24";"SMAL11";"SMALD139";"C";"1800";"0,2158";"0,02";"0,04";"0,0085";"0,0042";"0,02";"0,407";"-352,44"
"14/04/2026 13:10:24";"SMAL11";"SMALE119";"V";"1600";"7,56";"8,71";"8,79";"0,8645";"0,0314";"7,72";"8,1963";"-1968"
"14/04/2026 13:10:24";"SMAL11";"SMALQ119";"V";"1600";"2,35";"1,97";"2,01";"-0,2605";"0,0258";"2,09";"12,2274";"544"
"14/04/2026 13:10:24";"SMAL11";"SMALP970";"C";"1800";"0,37";"0";"0";"-0,0017";"0,0005";"0,01";"0,0967";"-666"
"14/04/2026 13:10:24";"SBSP3";"SBSPE175";"C";"2300";"1,48";"3,73";"3,94";"0,413";"0,0275";"4,04";"19,844";"5175"
"14/04/2026 13:10:24";"SBSP3";"SBSPE155";"V";"1200";"7,87";"16,35";"17,46";"0,9";"0,013";"16,61";"8,9426";"-11508"
"14/04/2026 13:10:24";"SBSP3";"SBSPQ166";"V";"1200";"4,61";"3,68";"3,79";"-0,3481";"0,0246";"3,68";"18,8364";"984"
"14/04/2026 13:10:24";"SBSP3";"SBSPQ131";"C";"2300";"0,96";"0,21";"0,38";"-0,0301";"0,0027";"0,31";"3,4794";"-1725"
"14/04/2026 13:15:30";"EMBJ3";"EMBJE868";"C";"7000";"1,38";"4,84";"4,93";"0,5909";"0,039";"4,85";"10,2557";"24220"
"14/04/2026 13:15:30";"EMBJ3";"EMBJE704";"V";"4000";"8,35";"0";"21,03";"0,982";"0,0043";"18,55";"1,1667";"-50720"
"14/04/2026 13:15:30";"EMBJ3";"EMBJQ878";"V";"4000";"4,85";"3,72";"3,82";"-0,4484";"0,0308";"4,74";"10,442";"4120"
"14/04/2026 13:15:30";"EMBJ3";"EMBJQ660";"C";"7000";"1,3";"0,14";"0,17";"-0,0322";"0,0048";"0,2";"1,9043";"-8120"
"14/04/2026 13:15:30";"BOVA11";"BOVAE195";"C";"5000";"1,74";"5,69";"5,72";"0,5739";"0,033";"5,7";"23,0109";"19750"
"14/04/2026 13:15:30";"BOVA11";"BOVAE166";"V";"4000";"26,445";"30,27";"30,38";"1";"0";"30,42";"0";"-15740"
"14/04/2026 13:15:30";"BOVA11";"BOVAQ195";"V";"4000";"6,26";"4,23";"4,26";"-0,4315";"0,0306";"4,26";"23,0612";"8000"
"14/04/2026 13:15:30";"BOVA11";"BOVAQ164";"C";"10000";"1,75";"0,19";"0,2";"-0,0273";"0,0033";"0,2";"3,693";"-15600"
"14/04/2026 13:15:30";"PRIO3";"PRIOD750";"C";"1000";"0,41";"0,34";"0,37";"0,1243";"0,0328";"0,37";"1,9308";"-70"
"14/04/2026 13:15:30";"PRIO3";"PRIOE515";"V";"1700";"16,64";"16,16";"16,32";"0,9131";"0,0108";"16,66";"3,1934";"544"
"14/04/2026 13:15:30";"PRIO3";"PRIOQ720";"V";"1700";"4,87";"7,36";"7,48";"-0,6069";"0,0336";"7,1";"7,7646";"-4437"
"14/04/2026 13:15:30";"PRIO3";"PRIOP600";"C";"1700";"0,46";"0,43";"0,46";"-0,1271";"0,0306";"0,45";"1,9613";"-51"
"14/04/2026 13:15:30";"SMAL11";"SMALD139";"C";"1800";"0,2158";"0,02";"0,04";"0,0085";"0,0042";"0,02";"0,407";"-352,44"
"14/04/2026 13:15:30";"SMAL11";"SMALE119";"V";"1600";"7,56";"8,71";"8,79";"0,8645";"0,0314";"7,72";"8,1963";"-1968"
"14/04/2026 13:15:30";"SMAL11";"SMALQ119";"V";"1600";"2,35";"1,97";"2,01";"-0,2605";"0,0258";"2,09";"12,2274";"544"
"14/04/2026 13:15:30";"SMAL11";"SMALP970";"C";"1800";"0,37";"0";"0";"-0,0017";"0,0005";"0,01";"0,0967";"-666"
"14/04/2026 13:15:30";"SBSP3";"SBSPE175";"C";"2300";"1,48";"3,73";"3,94";"0,413";"0,0275";"4,04";"19,844";"5175"
"14/04/2026 13:15:30";"SBSP3";"SBSPE155";"V";"1200";"7,87";"16,35";"17,46";"0,9";"0,013";"16,61";"8,9426";"-11508"
"14/04/2026 13:15:30";"SBSP3";"SBSPQ166";"V";"1200";"4,61";"3,68";"3,79";"-0,3481";"0,0246";"3,68";"18,8364";"984"
"14/04/2026 13:15:30";"SBSP3";"SBSPQ131";"C";"2300";"0,96";"0,21";"0,38";"-0,0301";"0,0027";"0,31";"3,4794";"-1725"
"14/04/2026 13:20:36";"EMBJ3";"EMBJE868";"C";"7000";"1,38";"4,84";"4,93";"0,5909";"0,039";"4,85";"10,2557";"24220"
"14/04/2026 13:20:36";"EMBJ3";"EMBJE704";"V";"4000";"8,35";"0";"21,03";"0,982";"0,0043";"18,55";"1,1667";"-50720"
"14/04/2026 13:20:36";"EMBJ3";"EMBJQ878";"V";"4000";"4,85";"3,72";"3,82";"-0,4484";"0,0308";"4,74";"10,442";"4120"
"14/04/2026 13:20:36";"EMBJ3";"EMBJQ660";"C";"7000";"1,3";"0,14";"0,17";"-0,0322";"0,0048";"0,2";"1,9043";"-8120"
"14/04/2026 13:20:36";"BOVA11";"BOVAE195";"C";"5000";"1,74";"5,69";"5,72";"0,5739";"0,033";"5,7";"23,0109";"19750"
"14/04/2026 13:20:36";"BOVA11";"BOVAE166";"V";"4000";"26,445";"30,27";"30,38";"1";"0";"30,42";"0";"-15740"
"14/04/2026 13:20:36";"BOVA11";"BOVAQ195";"V";"4000";"6,26";"4,23";"4,26";"-0,4315";"0,0306";"4,26";"23,0612";"8000"
"14/04/2026 13:20:36";"BOVA11";"BOVAQ164";"C";"10000";"1,75";"0,19";"0,2";"-0,0273";"0,0033";"0,2";"3,693";"-15600"
"14/04/2026 13:20:36";"PRIO3";"PRIOD750";"C";"1000";"0,41";"0,34";"0,37";"0,1243";"0,0328";"0,37";"1,9308";"-70"
"14/04/2026 13:20:36";"PRIO3";"PRIOE515";"V";"1700";"16,64";"16,16";"16,32";"0,9131";"0,0108";"16,66";"3,1934";"544"
"14/04/2026 13:20:36";"PRIO3";"PRIOQ720";"V";"1700";"4,87";"7,36";"7,48";"-0,6069";"0,0336";"7,1";"7,7646";"-4437"
"14/04/2026 13:20:36";"PRIO3";"PRIOP600";"C";"1700";"0,46";"0,43";"0,46";"-0,1271";"0,0306";"0,45";"1,9613";"-51"
"14/04/2026 13:20:36";"SMAL11";"SMALD139";"C";"1800";"0,2158";"0,02";"0,04";"0,0085";"0,0042";"0,02";"0,407";"-352,44"
"14/04/2026 13:20:36";"SMAL11";"SMALE119";"V";"1600";"7,56";"8,71";"8,79";"0,8645";"0,0314";"7,72";"8,1963";"-1968"
"14/04/2026 13:20:36";"SMAL11";"SMALQ119";"V";"1600";"2,35";"1,97";"2,01";"-0,2605";"0,0258";"2,09";"12,2274";"544"
"14/04/2026 13:20:36";"SMAL11";"SMALP970";"C";"1800";"0,37";"0";"0";"-0,0017";"0,0005";"0,01";"0,0967";"-666"
"14/04/2026 13:20:36";"SBSP3";"SBSPE175";"C";"2300";"1,48";"3,73";"3,94";"0,413";"0,0275";"4,04";"19,844";"5175"
"14/04/2026 13:20:36";"SBSP3";"SBSPE155";"V";"1200";"7,87";"16,35";"17,46";"0,9";"0,013";"16,61";"8,9426";"-11508"
"14/04/2026 13:20:36";"SBSP3";"SBSPQ166";"V";"1200";"4,61";"3,68";"3,79";"-0,3481";"0,0246";"3,68";"18,8364";"984"
"14/04/2026 13:20:36";"SBSP3";"SBSPQ131";"C";"2300";"0,96";"0,21";"0,38";"-0,0301";"0,0027";"0,31";"3,4794";"-1725"
"14/04/2026 13:25:41";"EMBJ3";"EMBJE868";"C";"7000";"1,38";"4,84";"4,93";"0,5909";"0,039";"4,85";"10,2557";"24220"
"14/04/2026 13:25:41";"EMBJ3";"EMBJE704";"V";"4000";"8,35";"0";"21,03";"0,982";"0,0043";"18,55";"1,1667";"-50720"
"14/04/2026 13:25:41";"EMBJ3";"EMBJQ878";"V";"4000";"4,85";"3,72";"3,82";"-0,4484";"0,0308";"4,74";"10,442";"4120"
"14/04/2026 13:25:41";"EMBJ3";"EMBJQ660";"C";"7000";"1,3";"0,14";"0,17";"-0,0322";"0,0048";"0,2";"1,9043";"-8120"
"14/04/2026 13:25:41";"BOVA11";"BOVAE195";"C";"5000";"1,74";"5,69";"5,72";"0,5739";"0,033";"5,7";"23,0109";"19750"
"14/04/2026 13:25:41";"BOVA11";"BOVAE166";"V";"4000";"26,445";"30,27";"30,38";"1";"0";"30,42";"0";"-15740"
"14/04/2026 13:25:41";"BOVA11";"BOVAQ195";"V";"4000";"6,26";"4,23";"4,26";"-0,4315";"0,0306";"4,26";"23,0612";"8000"
"14/04/2026 13:25:41";"BOVA11";"BOVAQ164";"C";"10000";"1,75";"0,19";"0,2";"-0,0273";"0,0033";"0,2";"3,693";"-15600"
"14/04/2026 13:25:41";"PRIO3";"PRIOD750";"C";"1000";"0,41";"0,34";"0,37";"0,1243";"0,0328";"0,37";"1,9308";"-70"
"14/04/2026 13:25:41";"PRIO3";"PRIOE515";"V";"1700";"16,64";"16,16";"16,32";"0,9131";"0,0108";"16,66";"3,1934";"544"
"14/04/2026 13:25:41";"PRIO3";"PRIOQ720";"V";"1700";"4,87";"7,36";"7,48";"-0,6069";"0,0336";"7,1";"7,7646";"-4437"
"14/04/2026 13:25:41";"PRIO3";"PRIOP600";"C";"1700";"0,46";"0,43";"0,46";"-0,1271";"0,0306";"0,45";"1,9613";"-51"
"14/04/2026 13:25:41";"SMAL11";"SMALD139";"C";"1800";"0,2158";"0,02";"0,04";"0,0085";"0,0042";"0,02";"0,407";"-352,44"
"14/04/2026 13:25:41";"SMAL11";"SMALE119";"V";"1600";"7,56";"8,71";"8,79";"0,8645";"0,0314";"7,72";"8,1963";"-1968"
"14/04/2026 13:25:41";"SMAL11";"SMALQ119";"V";"1600";"2,35";"1,97";"2,01";"-0,2605";"0,0258";"2,09";"12,2274";"544"
"14/04/2026 13:25:41";"SMAL11";"SMALP970";"C";"1800";"0,37";"0";"0";"-0,0017";"0,0005";"0,01";"0,0967";"-666"
"14/04/2026 13:25:41";"SBSP3";"SBSPE175";"C";"2300";"1,48";"3,73";"3,94";"0,413";"0,0275";"4,04";"19,844";"5175"
"14/04/2026 13:25:41";"SBSP3";"SBSPE155";"V";"1200";"7,87";"16,35";"17,46";"0,9";"0,013";"16,61";"8,9426";"-11508"
"14/04/2026 13:25:41";"SBSP3";"SBSPQ166";"V";"1200";"4,61";"3,68";"3,79";"-0,3481";"0,0246";"3,68";"18,8364";"984"
"14/04/2026 13:25:41";"SBSP3";"SBSPQ131";"C";"2300";"0,96";"0,21";"0,38";"-0,0301";"0,0027";"0,31";"3,4794";"-1725"
"14/04/2026 13:30:47";"EMBJ3";"EMBJE868";"C";"7000";"1,38";"4,84";"4,93";"0,5909";"0,039";"4,85";"10,2557";"24220"
"14/04/2026 13:30:47";"EMBJ3";"EMBJE704";"V";"4000";"8,35";"0";"21,03";"0,982";"0,0043";"18,55";"1,1667";"-50720"
"14/04/2026 13:30:47";"EMBJ3";"EMBJQ878";"V";"4000";"4,85";"3,72";"3,82";"-0,4484";"0,0308";"4,74";"10,442";"4120"
"14/04/2026 13:30:47";"EMBJ3";"EMBJQ660";"C";"7000";"1,3";"0,14";"0,17";"-0,0322";"0,0048";"0,2";"1,9043";"-8120"
"14/04/2026 13:30:47";"BOVA11";"BOVAE195";"C";"5000";"1,74";"5,69";"5,72";"0,5739";"0,033";"5,7";"23,0109";"19750"
"14/04/2026 13:30:47";"BOVA11";"BOVAE166";"V";"4000";"26,445";"30,27";"30,38";"1";"0";"30,42";"0";"-15740"
"14/04/2026 13:30:47";"BOVA11";"BOVAQ195";"V";"4000";"6,26";"4,23";"4,26";"-0,4315";"0,0306";"4,26";"23,0612";"8000"
"14/04/2026 13:30:47";"BOVA11";"BOVAQ164";"C";"10000";"1,75";"0,19";"0,2";"-0,0273";"0,0033";"0,2";"3,693";"-15600"
"14/04/2026 13:30:47";"PRIO3";"PRIOD750";"C";"1000";"0,41";"0,34";"0,37";"0,1243";"0,0328";"0,37";"1,9308";"-70"
"14/04/2026 13:30:47";"PRIO3";"PRIOE515";"V";"1700";"16,64";"16,16";"16,32";"0,9131";"0,0108";"16,66";"3,1934";"544"
"14/04/2026 13:30:47";"PRIO3";"PRIOQ720";"V";"1700";"4,87";"7,36";"7,48";"-0,6069";"0,0336";"7,1";"7,7646";"-4437"
"14/04/2026 13:30:47";"PRIO3";"PRIOP600";"C";"1700";"0,46";"0,43";"0,46";"-0,1271";"0,0306";"0,45";"1,9613";"-51"
"14/04/2026 13:30:47";"SMAL11";"SMALD139";"C";"1800";"0,2158";"0,02";"0,04";"0,0085";"0,0042";"0,02";"0,407";"-352,44"
"14/04/2026 13:30:47";"SMAL11";"SMALE119";"V";"1600";"7,56";"8,71";"8,79";"0,8645";"0,0314";"7,72";"8,1963";"-1968"
"14/04/2026 13:30:47";"SMAL11";"SMALQ119";"V";"1600";"2,35";"1,97";"2,01";"-0,2605";"0,0258";"2,09";"12,2274";"544"
"14/04/2026 13:30:47";"SMAL11";"SMALP970";"C";"1800";"0,37";"0";"0";"-0,0017";"0,0005";"0,01";"0,0967";"-666"
"14/04/2026 13:30:47";"SBSP3";"SBSPE175";"C";"2300";"1,48";"3,73";"3,94";"0,413";"0,0275";"4,04";"19,844";"5175"
"14/04/2026 13:30:47";"SBSP3";"SBSPE155";"V";"1200";"7,87";"16,35";"17,46";"0,9";"0,013";"16,61";"8,9426";"-11508"
"14/04/2026 13:30:47";"SBSP3";"SBSPQ166";"V";"1200";"4,61";"3,68";"3,79";"-0,3481";"0,0246";"3,68";"18,8364";"984"
"14/04/2026 13:30:47";"SBSP3";"SBSPQ131";"C";"2300";"0,96";"0,21";"0,38";"-0,0301";"0,0027";"0,31";"3,4794";"-1725"
"14/04/2026 13:35:53";"EMBJ3";"EMBJE868";"C";"7000";"1,38";"4,84";"4,93";"0,5909";"0,039";"4,85";"10,2557";"24220"
"14/04/2026 13:35:53";"EMBJ3";"EMBJE704";"V";"4000";"8,35";"0";"21,03";"0,982";"0,0043";"18,55";"1,1667";"-50720"
"14/04/2026 13:35:53";"EMBJ3";"EMBJQ878";"V";"4000";"4,85";"3,72";"3,82";"-0,4484";"0,0308";"4,74";"10,442";"4120"
"14/04/2026 13:35:53";"EMBJ3";"EMBJQ660";"C";"7000";"1,3";"0,14";"0,17";"-0,0322";"0,0048";"0,2";"1,9043";"-8120"
"14/04/2026 13:35:53";"BOVA11";"BOVAE195";"C";"5000";"1,74";"5,69";"5,72";"0,5739";"0,033";"5,7";"23,0109";"19750"
"14/04/2026 13:35:53";"BOVA11";"BOVAE166";"V";"4000";"26,445";"30,27";"30,38";"1";"0";"30,42";"0";"-15740"
"14/04/2026 13:35:53";"BOVA11";"BOVAQ195";"V";"4000";"6,26";"4,23";"4,26";"-0,4315";"0,0306";"4,26";"23,0612";"8000"
"14/04/2026 13:35:53";"BOVA11";"BOVAQ164";"C";"10000";"1,75";"0,19";"0,2";"-0,0273";"0,0033";"0,2";"3,693";"-15600"
"14/04/2026 13:35:53";"PRIO3";"PRIOD750";"C";"1000";"0,41";"0,34";"0,37";"0,1243";"0,0328";"0,37";"1,9308";"-70"
"14/04/2026 13:35:53";"PRIO3";"PRIOE515";"V";"1700";"16,64";"16,16";"16,32";"0,9131";"0,0108";"16,66";"3,1934";"544"
"14/04/2026 13:35:53";"PRIO3";"PRIOQ720";"V";"1700";"4,87";"7,36";"7,48";"-0,6069";"0,0336";"7,1";"7,7646";"-4437"
"14/04/2026 13:35:53";"PRIO3";"PRIOP600";"C";"1700";"0,46";"0,43";"0,46";"-0,1271";"0,0306";"0,45";"1,9613";"-51"
"14/04/2026 13:35:53";"SMAL11";"SMALD139";"C";"1800";"0,2158";"0,02";"0,04";"0,0085";"0,0042";"0,02";"0,407";"-352,44"
"14/04/2026 13:35:53";"SMAL11";"SMALE119";"V";"1600";"7,56";"8,71";"8,79";"0,8645";"0,0314";"7,72";"8,1963";"-1968"
"14/04/2026 13:35:53";"SMAL11";"SMALQ119";"V";"1600";"2,35";"1,97";"2,01";"-0,2605";"0,0258";"2,09";"12,2274";"544"
"14/04/2026 13:35:53";"SMAL11";"SMALP970";"C";"1800";"0,37";"0";"0";"-0,0017";"0,0005";"0,01";"0,0967";"-666"
"14/04/2026 13:35:53";"SBSP3";"SBSPE175";"C";"2300";"1,48";"3,73";"3,94";"0,413";"0,0275";"4,04";"19,844";"5175"
"14/04/2026 13:35:53";"SBSP3";"SBSPE155";"V";"1200";"7,87";"16,35";"17,46";"0,9";"0,013";"16,61";"8,9426";"-11508"
"14/04/2026 13:35:53";"SBSP3";"SBSPQ166";"V";"1200";"4,61";"3,68";"3,79";"-0,3481";"0,0246";"3,68";"18,8364";"984"
"14/04/2026 13:35:53";"SBSP3";"SBSPQ131";"C";"2300";"0,96";"0,21";"0,38";"-0,0301";"0,0027";"0,31";"3,4794";"-1725"
"14/04/2026 13:40:59";"EMBJ3";"EMBJE868";"C";"7000";"1,38";"4,84";"4,93";"0,5909";"0,039";"4,85";"10,2557";"24220"
"14/04/2026 13:40:59";"EMBJ3";"EMBJE704";"V";"4000";"8,35";"0";"21,03";"0,982";"0,0043";"18,55";"1,1667";"-50720"
"14/04/2026 13:40:59";"EMBJ3";"EMBJQ878";"V";"4000";"4,85";"3,72";"3,82";"-0,4484";"0,0308";"4,74";"10,442";"4120"
"14/04/2026 13:40:59";"EMBJ3";"EMBJQ660";"C";"7000";"1,3";"0,14";"0,17";"-0,0322";"0,0048";"0,2";"1,9043";"-8120"
"14/04/2026 13:40:59";"BOVA11";"BOVAE195";"C";"5000";"1,74";"5,69";"5,72";"0,5739";"0,033";"5,7";"23,0109";"19750"
"14/04/2026 13:40:59";"BOVA11";"BOVAE166";"V";"4000";"26,445";"30,27";"30,38";"1";"0";"30,42";"0";"-15740"
"14/04/2026 13:40:59";"BOVA11";"BOVAQ195";"V";"4000";"6,26";"4,23";"4,26";"-0,4315";"0,0306";"4,26";"23,0612";"8000"
"14/04/2026 13:40:59";"BOVA11";"BOVAQ164";"C";"10000";"1,75";"0,19";"0,2";"-0,0273";"0,0033";"0,2";"3,693";"-15600"
"14/04/2026 13:40:59";"PRIO3";"PRIOD750";"C";"1000";"0,41";"0,34";"0,37";"0,1243";"0,0328";"0,37";"1,9308";"-70"
"14/04/2026 13:40:59";"PRIO3";"PRIOE515";"V";"1700";"16,64";"16,16";"16,32";"0,9131";"0,0108";"16,66";"3,1934";"544"
"14/04/2026 13:40:59";"PRIO3";"PRIOQ720";"V";"1700";"4,87";"7,36";"7,48";"-0,6069";"0,0336";"7,1";"7,7646";"-4437"
"14/04/2026 13:40:59";"PRIO3";"PRIOP600";"C";"1700";"0,46";"0,43";"0,46";"-0,1271";"0,0306";"0,45";"1,9613";"-51"
"14/04/2026 13:40:59";"SMAL11";"SMALD139";"C";"1800";"0,2158";"0,02";"0,04";"0,0085";"0,0042";"0,02";"0,407";"-352,44"
"14/04/2026 13:40:59";"SMAL11";"SMALE119";"V";"1600";"7,56";"8,71";"8,79";"0,8645";"0,0314";"7,72";"8,1963";"-1968"
"14/04/2026 13:40:59";"SMAL11";"SMALQ119";"V";"1600";"2,35";"1,97";"2,01";"-0,2605";"0,0258";"2,09";"12,2274";"544"
"14/04/2026 13:40:59";"SMAL11";"SMALP970";"C";"1800";"0,37";"0";"0";"-0,0017";"0,0005";"0,01";"0,0967";"-666"
"14/04/2026 13:40:59";"SBSP3";"SBSPE175";"C";"2300";"1,48";"3,73";"3,94";"0,413";"0,0275";"4,04";"19,844";"5175"
"14/04/2026 13:40:59";"SBSP3";"SBSPE155";"V";"1200";"7,87";"16,35";"17,46";"0,9";"0,013";"16,61";"8,9426";"-11508"
"14/04/2026 13:40:59";"SBSP3";"SBSPQ166";"V";"1200";"4,61";"3,68";"3,79";"-0,3481";"0,0246";"3,68";"18,8364";"984"
"14/04/2026 13:40:59";"SBSP3";"SBSPQ131";"C";"2300";"0,96";"0,21";"0,38";"-0,0301";"0,0027";"0,31";"3,4794";"-1725"
"14/04/2026 13:46:05";"EMBJ3";"EMBJE868";"C";"7000";"1,38";"4,84";"4,93";"0,5909";"0,039";"4,85";"10,2557";"24220"
"14/04/2026 13:46:05";"EMBJ3";"EMBJE704";"V";"4000";"8,35";"0";"21,03";"0,982";"0,0043";"18,55";"1,1667";"-50720"
"14/04/2026 13:46:05";"EMBJ3";"EMBJQ878";"V";"4000";"4,85";"3,72";"3,82";"-0,4484";"0,0308";"4,74";"10,442";"4120"
"14/04/2026 13:46:05";"EMBJ3";"EMBJQ660";"C";"7000";"1,3";"0,14";"0,17";"-0,0322";"0,0048";"0,2";"1,9043";"-8120"
"14/04/2026 13:46:05";"BOVA11";"BOVAE195";"C";"5000";"1,74";"5,69";"5,72";"0,5739";"0,033";"5,7";"23,0109";"19750"
"14/04/2026 13:46:05";"BOVA11";"BOVAE166";"V";"4000";"26,445";"30,27";"30,38";"1";"0";"30,42";"0";"-15740"
"14/04/2026 13:46:05";"BOVA11";"BOVAQ195";"V";"4000";"6,26";"4,23";"4,26";"-0,4315";"0,0306";"4,26";"23,0612";"8000"
"14/04/2026 13:46:05";"BOVA11";"BOVAQ164";"C";"10000";"1,75";"0,19";"0,2";"-0,0273";"0,0033";"0,2";"3,693";"-15600"
"14/04/2026 13:46:05";"PRIO3";"PRIOD750";"C";"1000";"0,41";"0,34";"0,37";"0,1243";"0,0328";"0,37";"1,9308";"-70"
"14/04/2026 13:46:05";"PRIO3";"PRIOE515";"V";"1700";"16,64";"16,16";"16,32";"0,9131";"0,0108";"16,66";"3,1934";"544"
"14/04/2026 13:46:05";"PRIO3";"PRIOQ720";"V";"1700";"4,87";"7,36";"7,48";"-0,6069";"0,0336";"7,1";"7,7646";"-4437"
"14/04/2026 13:46:05";"PRIO3";"PRIOP600";"C";"1700";"0,46";"0,43";"0,46";"-0,1271";"0,0306";"0,45";"1,9613";"-51"
"14/04/2026 13:46:05";"SMAL11";"SMALD139";"C";"1800";"0,2158";"0,02";"0,04";"0,0085";"0,0042";"0,02";"0,407";"-352,44"
"14/04/2026 13:46:05";"SMAL11";"SMALE119";"V";"1600";"7,56";"8,71";"8,79";"0,8645";"0,0314";"7,72";"8,1963";"-1968"
"14/04/2026 13:46:05";"SMAL11";"SMALQ119";"V";"1600";"2,35";"1,97";"2,01";"-0,2605";"0,0258";"2,09";"12,2274";"544"
"14/04/2026 13:46:05";"SMAL11";"SMALP970";"C";"1800";"0,37";"0";"0";"-0,0017";"0,0005";"0,01";"0,0967";"-666"
"14/04/2026 13:46:05";"SBSP3";"SBSPE175";"C";"2300";"1,48";"3,73";"3,94";"0,413";"0,0275";"4,04";"19,844";"5175"
"14/04/2026 13:46:05";"SBSP3";"SBSPE155";"V";"1200";"7,87";"16,35";"17,46";"0,9";"0,013";"16,61";"8,9426";"-11508"
"14/04/2026 13:46:05";"SBSP3";"SBSPQ166";"V";"1200";"4,61";"3,68";"3,79";"-0,3481";"0,0246";"3,68";"18,8364";"984"
"14/04/2026 13:46:05";"SBSP3";"SBSPQ131";"C";"2300";"0,96";"0,21";"0,38";"-0,0301";"0,0027";"0,31";"3,4794";"-1725"
"14/04/2026 13:51:10";"EMBJ3";"EMBJE868";"C";"7000";"1,38";"4,84";"4,93";"0,5909";"0,039";"4,85";"10,2557";"24220"
"14/04/2026 13:51:10";"EMBJ3";"EMBJE704";"V";"4000";"8,35";"0";"21,03";"0,982";"0,0043";"18,55";"1,1667";"-50720"
"14/04/2026 13:51:10";"EMBJ3";"EMBJQ878";"V";"4000";"4,85";"3,72";"3,82";"-0,4484";"0,0308";"4,74";"10,442";"4120"
"14/04/2026 13:51:10";"EMBJ3";"EMBJQ660";"C";"7000";"1,3";"0,14";"0,17";"-0,0322";"0,0048";"0,2";"1,9043";"-8120"
"14/04/2026 13:51:10";"BOVA11";"BOVAE195";"C";"5000";"1,74";"5,69";"5,72";"0,5739";"0,033";"5,7";"23,0109";"19750"
"14/04/2026 13:51:10";"BOVA11";"BOVAE166";"V";"4000";"26,445";"30,27";"30,38";"1";"0";"30,42";"0";"-15740"
"14/04/2026 13:51:10";"BOVA11";"BOVAQ195";"V";"4000";"6,26";"4,23";"4,26";"-0,4315";"0,0306";"4,26";"23,0612";"8000"
"14/04/2026 13:51:10";"BOVA11";"BOVAQ164";"C";"10000";"1,75";"0,19";"0,2";"-0,0273";"0,0033";"0,2";"3,693";"-15600"
"14/04/2026 13:51:10";"PRIO3";"PRIOD750";"C";"1000";"0,41";"0,34";"0,37";"0,1243";"0,0328";"0,37";"1,9308";"-70"
"14/04/2026 13:51:10";"PRIO3";"PRIOE515";"V";"1700";"16,64";"16,16";"16,32";"0,9131";"0,0108";"16,66";"3,1934";"544"
"14/04/2026 13:51:10";"PRIO3";"PRIOQ720";"V";"1700";"4,87";"7,36";"7,48";"-0,6069";"0,0336";"7,1";"7,7646";"-4437"
"14/04/2026 13:51:10";"PRIO3";"PRIOP600";"C";"1700";"0,46";"0,43";"0,46";"-0,1271";"0,0306";"0,45";"1,9613";"-51"
"14/04/2026 13:51:10";"SMAL11";"SMALD139";"C";"1800";"0,2158";"0,02";"0,04";"0,0085";"0,0042";"0,02";"0,407";"-352,44"
"14/04/2026 13:51:10";"SMAL11";"SMALE119";"V";"1600";"7,56";"8,71";"8,79";"0,8645";"0,0314";"7,72";"8,1963";"-1968"
"14/04/2026 13:51:10";"SMAL11";"SMALQ119";"V";"1600";"2,35";"1,97";"2,01";"-0,2605";"0,0258";"2,09";"12,2274";"544"
"14/04/2026 13:51:10";"SMAL11";"SMALP970";"C";"1800";"0,37";"0";"0";"-0,0017";"0,0005";"0,01";"0,0967";"-666"
"14/04/2026 13:51:10";"SBSP3";"SBSPE175";"C";"2300";"1,48";"3,73";"3,94";"0,413";"0,0275";"4,04";"19,844";"5175"
"14/04/2026 13:51:10";"SBSP3";"SBSPE155";"V";"1200";"7,87";"16,35";"17,46";"0,9";"0,013";"16,61";"8,9426";"-11508"
"14/04/2026 13:51:10";"SBSP3";"SBSPQ166";"V";"1200";"4,61";"3,68";"3,79";"-0,3481";"0,0246";"3,68";"18,8364";"984"
"14/04/2026 13:51:10";"SBSP3";"SBSPQ131";"C";"2300";"0,96";"0,21";"0,38";"-0,0301";"0,0027";"0,31";"3,4794";"-1725"
"14/04/2026 13:56:16";"EMBJ3";"EMBJE868";"C";"7000";"1,38";"4,84";"4,93";"0,5909";"0,039";"4,85";"10,2557";"24220"
"14/04/2026 13:56:16";"EMBJ3";"EMBJE704";"V";"4000";"8,35";"0";"21,03";"0,982";"0,0043";"18,55";"1,1667";"-50720"
"14/04/2026 13:56:16";"EMBJ3";"EMBJQ878";"V";"4000";"4,85";"3,72";"3,82";"-0,4484";"0,0308";"4,74";"10,442";"4120"
"14/04/2026 13:56:16";"EMBJ3";"EMBJQ660";"C";"7000";"1,3";"0,14";"0,17";"-0,0322";"0,0048";"0,2";"1,9043";"-8120"
"14/04/2026 13:56:16";"BOVA11";"BOVAE195";"C";"5000";"1,74";"5,69";"5,72";"0,5739";"0,033";"5,7";"23,0109";"19750"
"14/04/2026 13:56:16";"BOVA11";"BOVAE166";"V";"4000";"26,445";"30,27";"30,38";"1";"0";"30,42";"0";"-15740"
"14/04/2026 13:56:16";"BOVA11";"BOVAQ195";"V";"4000";"6,26";"4,23";"4,26";"-0,4315";"0,0306";"4,26";"23,0612";"8000"
"14/04/2026 13:56:16";"BOVA11";"BOVAQ164";"C";"10000";"1,75";"0,19";"0,2";"-0,0273";"0,0033";"0,2";"3,693";"-15600"
"14/04/2026 13:56:16";"PRIO3";"PRIOD750";"C";"1000";"0,41";"0,34";"0,37";"0,1243";"0,0328";"0,37";"1,9308";"-70"
"14/04/2026 13:56:16";"PRIO3";"PRIOE515";"V";"1700";"16,64";"16,16";"16,32";"0,9131";"0,0108";"16,66";"3,1934";"544"
"14/04/2026 13:56:16";"PRIO3";"PRIOQ720";"V";"1700";"4,87";"7,36";"7,48";"-0,6069";"0,0336";"7,1";"7,7646";"-4437"
"14/04/2026 13:56:16";"PRIO3";"PRIOP600";"C";"1700";"0,46";"0,43";"0,46";"-0,1271";"0,0306";"0,45";"1,9613";"-51"
"14/04/2026 13:56:16";"SMAL11";"SMALD139";"C";"1800";"0,2158";"0,02";"0,04";"0,0085";"0,0042";"0,02";"0,407";"-352,44"
"14/04/2026 13:56:16";"SMAL11";"SMALE119";"V";"1600";"7,56";"8,71";"8,79";"0,8645";"0,0314";"7,72";"8,1963";"-1968"
"14/04/2026 13:56:16";"SMAL11";"SMALQ119";"V";"1600";"2,35";"1,97";"2,01";"-0,2605";"0,0258";"2,09";"12,2274";"544"
"14/04/2026 13:56:16";"SMAL11";"SMALP970";"C";"1800";"0,37";"0";"0";"-0,0017";"0,0005";"0,01";"0,0967";"-666"
"14/04/2026 13:56:16";"SBSP3";"SBSPE175";"C";"2300";"1,48";"3,73";"3,94";"0,413";"0,0275";"4,04";"19,844";"5175"
"14/04/2026 13:56:16";"SBSP3";"SBSPE155";"V";"1200";"7,87";"16,35";"17,46";"0,9";"0,013";"16,61";"8,9426";"-11508"
"14/04/2026 13:56:16";"SBSP3";"SBSPQ166";"V";"1200";"4,61";"3,68";"3,79";"-0,3481";"0,0246";"3,68";"18,8364";"984"
"14/04/2026 13:56:16";"SBSP3";"SBSPQ131";"C";"2300";"0,96";"0,21";"0,38";"-0,0301";"0,0027";"0,31";"3,4794";"-1725"
"14/04/2026 14:01:22";"EMBJ3";"EMBJE868";"C";"7000";"1,38";"4,84";"4,93";"0,5909";"0,039";"4,85";"10,2557";"24220"
"14/04/2026 14:01:22";"EMBJ3";"EMBJE704";"V";"4000";"8,35";"0";"21,03";"0,982";"0,0043";"18,55";"1,1667";"-50720"
"14/04/2026 14:01:22";"EMBJ3";"EMBJQ878";"V";"4000";"4,85";"3,72";"3,82";"-0,4484";"0,0308";"4,74";"10,442";"4120"
"14/04/2026 14:01:22";"EMBJ3";"EMBJQ660";"C";"7000";"1,3";"0,14";"0,17";"-0,0322";"0,0048";"0,2";"1,9043";"-8120"
"14/04/2026 14:01:22";"BOVA11";"BOVAE195";"C";"5000";"1,74";"5,69";"5,72";"0,5739";"0,033";"5,7";"23,0109";"19750"
"14/04/2026 14:01:22";"BOVA11";"BOVAE166";"V";"4000";"26,445";"30,27";"30,38";"1";"0";"30,42";"0";"-15740"
"14/04/2026 14:01:22";"BOVA11";"BOVAQ195";"V";"4000";"6,26";"4,23";"4,26";"-0,4315";"0,0306";"4,26";"23,0612";"8000"
"14/04/2026 14:01:22";"BOVA11";"BOVAQ164";"C";"10000";"1,75";"0,19";"0,2";"-0,0273";"0,0033";"0,2";"3,693";"-15600"
"14/04/2026 14:01:22";"PRIO3";"PRIOD750";"C";"1000";"0,41";"0,34";"0,37";"0,1243";"0,0328";"0,37";"1,9308";"-70"
"14/04/2026 14:01:22";"PRIO3";"PRIOE515";"V";"1700";"16,64";"16,16";"16,32";"0,9131";"0,0108";"16,66";"3,1934";"544"
"14/04/2026 14:01:22";"PRIO3";"PRIOQ720";"V";"1700";"4,87";"7,36";"7,48";"-0,6069";"0,0336";"7,1";"7,7646";"-4437"
"14/04/2026 14:01:22";"PRIO3";"PRIOP600";"C";"1700";"0,46";"0,43";"0,46";"-0,1271";"0,0306";"0,45";"1,9613";"-51"
"14/04/2026 14:01:22";"SMAL11";"SMALD139";"C";"1800";"0,2158";"0,02";"0,04";"0,0085";"0,0042";"0,02";"0,407";"-352,44"
"14/04/2026 14:01:22";"SMAL11";"SMALE119";"V";"1600";"7,56";"8,71";"8,79";"0,8645";"0,0314";"7,72";"8,1963";"-1968"
"14/04/2026 14:01:22";"SMAL11";"SMALQ119";"V";"1600";"2,35";"1,97";"2,01";"-0,2605";"0,0258";"2,09";"12,2274";"544"
"14/04/2026 14:01:22";"SMAL11";"SMALP970";"C";"1800";"0,37";"0";"0";"-0,0017";"0,0005";"0,01";"0,0967";"-666"
"14/04/2026 14:01:22";"SBSP3";"SBSPE175";"C";"2300";"1,48";"3,73";"3,94";"0,413";"0,0275";"4,04";"19,844";"5175"
"14/04/2026 14:01:22";"SBSP3";"SBSPE155";"V";"1200";"7,87";"16,35";"17,46";"0,9";"0,013";"16,61";"8,9426";"-11508"
"14/04/2026 14:01:22";"SBSP3";"SBSPQ166";"V";"1200";"4,61";"3,68";"3,79";"-0,3481";"0,0246";"3,68";"18,8364";"984"
"14/04/2026 14:01:22";"SBSP3";"SBSPQ131";"C";"2300";"0,96";"0,21";"0,38";"-0,0301";"0,0027";"0,31";"3,4794";"-1725"
"14/04/2026 14:06:28";"EMBJ3";"EMBJE868";"C";"7000";"1,38";"4,84";"4,93";"0,5909";"0,039";"4,85";"10,2557";"24220"
"14/04/2026 14:06:28";"EMBJ3";"EMBJE704";"V";"4000";"8,35";"0";"21,03";"0,982";"0,0043";"18,55";"1,1667";"-50720"
"14/04/2026 14:06:28";"EMBJ3";"EMBJQ878";"V";"4000";"4,85";"3,72";"3,82";"-0,4484";"0,0308";"4,74";"10,442";"4120"
"14/04/2026 14:06:28";"EMBJ3";"EMBJQ660";"C";"7000";"1,3";"0,14";"0,17";"-0,0322";"0,0048";"0,2";"1,9043";"-8120"
"14/04/2026 14:06:28";"BOVA11";"BOVAE195";"C";"5000";"1,74";"5,69";"5,72";"0,5739";"0,033";"5,7";"23,0109";"19750"
"14/04/2026 14:06:28";"BOVA11";"BOVAE166";"V";"4000";"26,445";"30,27";"30,38";"1";"0";"30,42";"0";"-15740"
"14/04/2026 14:06:28";"BOVA11";"BOVAQ195";"V";"4000";"6,26";"4,23";"4,26";"-0,4315";"0,0306";"4,26";"23,0612";"8000"
"14/04/2026 14:06:28";"BOVA11";"BOVAQ164";"C";"10000";"1,75";"0,19";"0,2";"-0,0273";"0,0033";"0,2";"3,693";"-15600"
"14/04/2026 14:06:28";"PRIO3";"PRIOD750";"C";"1000";"0,41";"0,34";"0,37";"0,1243";"0,0328";"0,37";"1,9308";"-70"
"14/04/2026 14:06:28";"PRIO3";"PRIOE515";"V";"1700";"16,64";"16,16";"16,32";"0,9131";"0,0108";"16,66";"3,1934";"544"
"14/04/2026 14:06:28";"PRIO3";"PRIOQ720";"V";"1700";"4,87";"7,36";"7,48";"-0,6069";"0,0336";"7,1";"7,7646";"-4437"
"14/04/2026 14:06:28";"PRIO3";"PRIOP600";"C";"1700";"0,46";"0,43";"0,46";"-0,1271";"0,0306";"0,45";"1,9613";"-51"
"14/04/2026 14:06:28";"SMAL11";"SMALD139";"C";"1800";"0,2158";"0,02";"0,04";"0,0085";"0,0042";"0,02";"0,407";"-352,44"
"14/04/2026 14:06:28";"SMAL11";"SMALE119";"V";"1600";"7,56";"8,71";"8,79";"0,8645";"0,0314";"7,72";"8,1963";"-1968"
"14/04/2026 14:06:28";"SMAL11";"SMALQ119";"V";"1600";"2,35";"1,97";"2,01";"-0,2605";"0,0258";"2,09";"12,2274";"544"
"14/04/2026 14:06:28";"SMAL11";"SMALP970";"C";"1800";"0,37";"0";"0";"-0,0017";"0,0005";"0,01";"0,0967";"-666"
"14/04/2026 14:06:28";"SBSP3";"SBSPE175";"C";"2300";"1,48";"3,73";"3,94";"0,413";"0,0275";"4,04";"19,844";"5175"
"14/04/2026 14:06:28";"SBSP3";"SBSPE155";"V";"1200";"7,87";"16,35";"17,46";"0,9";"0,013";"16,61";"8,9426";"-11508"
"14/04/2026 14:06:28";"SBSP3";"SBSPQ166";"V";"1200";"4,61";"3,68";"3,79";"-0,3481";"0,0246";"3,68";"18,8364";"984"
"14/04/2026 14:06:28";"SBSP3";"SBSPQ131";"C";"2300";"0,96";"0,21";"0,38";"-0,0301";"0,0027";"0,31";"3,4794";"-1725"
"14/04/2026 14:11:33";"EMBJ3";"EMBJE868";"C";"7000";"1,38";"4,84";"4,93";"0,5909";"0,039";"4,85";"10,2557";"24220"
"14/04/2026 14:11:33";"EMBJ3";"EMBJE704";"V";"4000";"8,35";"0";"21,03";"0,982";"0,0043";"18,55";"1,1667";"-50720"
"14/04/2026 14:11:33";"EMBJ3";"EMBJQ878";"V";"4000";"4,85";"3,72";"3,82";"-0,4484";"0,0308";"4,74";"10,442";"4120"
"14/04/2026 14:11:33";"EMBJ3";"EMBJQ660";"C";"7000";"1,3";"0,14";"0,17";"-0,0322";"0,0048";"0,2";"1,9043";"-8120"
"14/04/2026 14:11:33";"BOVA11";"BOVAE195";"C";"5000";"1,74";"5,69";"5,72";"0,5739";"0,033";"5,7";"23,0109";"19750"
"14/04/2026 14:11:33";"BOVA11";"BOVAE166";"V";"4000";"26,445";"30,27";"30,38";"1";"0";"30,42";"0";"-15740"
"14/04/2026 14:11:33";"BOVA11";"BOVAQ195";"V";"4000";"6,26";"4,23";"4,26";"-0,4315";"0,0306";"4,26";"23,0612";"8000"
"14/04/2026 14:11:33";"BOVA11";"BOVAQ164";"C";"10000";"1,75";"0,19";"0,2";"-0,0273";"0,0033";"0,2";"3,693";"-15600"
"14/04/2026 14:11:33";"PRIO3";"PRIOD750";"C";"1000";"0,41";"0,34";"0,37";"0,1243";"0,0328";"0,37";"1,9308";"-70"
"14/04/2026 14:11:33";"PRIO3";"PRIOE515";"V";"1700";"16,64";"16,16";"16,32";"0,9131";"0,0108";"16,66";"3,1934";"544"
"14/04/2026 14:11:33";"PRIO3";"PRIOQ720";"V";"1700";"4,87";"7,36";"7,48";"-0,6069";"0,0336";"7,1";"7,7646";"-4437"
"14/04/2026 14:11:33";"PRIO3";"PRIOP600";"C";"1700";"0,46";"0,43";"0,46";"-0,1271";"0,0306";"0,45";"1,9613";"-51"
"14/04/2026 14:11:33";"SMAL11";"SMALD139";"C";"1800";"0,2158";"0,02";"0,04";"0,0085";"0,0042";"0,02";"0,407";"-352,44"
"14/04/2026 14:11:33";"SMAL11";"SMALE119";"V";"1600";"7,56";"8,71";"8,79";"0,8645";"0,0314";"7,72";"8,1963";"-1968"
"14/04/2026 14:11:33";"SMAL11";"SMALQ119";"V";"1600";"2,35";"1,97";"2,01";"-0,2605";"0,0258";"2,09";"12,2274";"544"
"14/04/2026 14:11:33";"SMAL11";"SMALP970";"C";"1800";"0,37";"0";"0";"-0,0017";"0,0005";"0,01";"0,0967";"-666"
"14/04/2026 14:11:33";"SBSP3";"SBSPE175";"C";"2300";"1,48";"3,73";"3,94";"0,413";"0,0275";"4,04";"19,844";"5175"
"14/04/2026 14:11:33";"SBSP3";"SBSPE155";"V";"1200";"7,87";"16,35";"17,46";"0,9";"0,013";"16,61";"8,9426";"-11508"
"14/04/2026 14:11:33";"SBSP3";"SBSPQ166";"V";"1200";"4,61";"3,68";"3,79";"-0,3481";"0,0246";"3,68";"18,8364";"984"
"14/04/2026 14:11:33";"SBSP3";"SBSPQ131";"C";"2300";"0,96";"0,21";"0,38";"-0,0301";"0,0027";"0,31";"3,4794";"-1725"
"14/04/2026 14:16:39";"EMBJ3";"EMBJE868";"C";"7000";"1,38";"4,84";"4,93";"0,5909";"0,039";"4,85";"10,2557";"24220"
"14/04/2026 14:16:39";"EMBJ3";"EMBJE704";"V";"4000";"8,35";"0";"21,03";"0,982";"0,0043";"18,55";"1,1667";"-50720"
"14/04/2026 14:16:39";"EMBJ3";"EMBJQ878";"V";"4000";"4,85";"3,72";"3,82";"-0,4484";"0,0308";"4,74";"10,442";"4120"
"14/04/2026 14:16:39";"EMBJ3";"EMBJQ660";"C";"7000";"1,3";"0,14";"0,17";"-0,0322";"0,0048";"0,2";"1,9043";"-8120"
"14/04/2026 14:16:39";"BOVA11";"BOVAE195";"C";"5000";"1,74";"5,69";"5,72";"0,5739";"0,033";"5,7";"23,0109";"19750"
"14/04/2026 14:16:39";"BOVA11";"BOVAE166";"V";"4000";"26,445";"30,27";"30,38";"1";"0";"30,42";"0";"-15740"
"14/04/2026 14:16:39";"BOVA11";"BOVAQ195";"V";"4000";"6,26";"4,23";"4,26";"-0,4315";"0,0306";"4,26";"23,0612";"8000"
"14/04/2026 14:16:39";"BOVA11";"BOVAQ164";"C";"10000";"1,75";"0,19";"0,2";"-0,0273";"0,0033";"0,2";"3,693";"-15600"
"14/04/2026 14:16:39";"PRIO3";"PRIOD750";"C";"1000";"0,41";"0,34";"0,37";"0,1243";"0,0328";"0,37";"1,9308";"-70"
"14/04/2026 14:16:39";"PRIO3";"PRIOE515";"V";"1700";"16,64";"16,16";"16,32";"0,9131";"0,0108";"16,66";"3,1934";"544"
"14/04/2026 14:16:39";"PRIO3";"PRIOQ720";"V";"1700";"4,87";"7,36";"7,48";"-0,6069";"0,0336";"7,1";"7,7646";"-4437"
"14/04/2026 14:16:39";"PRIO3";"PRIOP600";"C";"1700";"0,46";"0,43";"0,46";"-0,1271";"0,0306";"0,45";"1,9613";"-51"
"14/04/2026 14:16:39";"SMAL11";"SMALD139";"C";"1800";"0,2158";"0,02";"0,04";"0,0085";"0,0042";"0,02";"0,407";"-352,44"
"14/04/2026 14:16:39";"SMAL11";"SMALE119";"V";"1600";"7,56";"8,71";"8,79";"0,8645";"0,0314";"7,72";"8,1963";"-1968"
"14/04/2026 14:16:39";"SMAL11";"SMALQ119";"V";"1600";"2,35";"1,97";"2,01";"-0,2605";"0,0258";"2,09";"12,2274";"544"
"14/04/2026 14:16:39";"SMAL11";"SMALP970";"C";"1800";"0,37";"0";"0";"-0,0017";"0,0005";"0,01";"0,0967";"-666"
"14/04/2026 14:16:39";"SBSP3";"SBSPE175";"C";"2300";"1,48";"3,73";"3,94";"0,413";"0,0275";"4,04";"19,844";"5175"
"14/04/2026 14:16:39";"SBSP3";"SBSPE155";"V";"1200";"7,87";"16,35";"17,46";"0,9";"0,013";"16,61";"8,9426";"-11508"
"14/04/2026 14:16:39";"SBSP3";"SBSPQ166";"V";"1200";"4,61";"3,68";"3,79";"-0,3481";"0,0246";"3,68";"18,8364";"984"
"14/04/2026 14:16:39";"SBSP3";"SBSPQ131";"C";"2300";"0,96";"0,21";"0,38";"-0,0301";"0,0027";"0,31";"3,4794";"-1725"
"14/04/2026 14:21:45";"EMBJ3";"EMBJE868";"C";"7000";"1,38";"4,84";"4,93";"0,5909";"0,039";"4,85";"10,2557";"24220"
"14/04/2026 14:21:45";"EMBJ3";"EMBJE704";"V";"4000";"8,35";"0";"21,03";"0,982";"0,0043";"18,55";"1,1667";"-50720"
"14/04/2026 14:21:45";"EMBJ3";"EMBJQ878";"V";"4000";"4,85";"3,72";"3,82";"-0,4484";"0,0308";"4,74";"10,442";"4120"
"14/04/2026 14:21:45";"EMBJ3";"EMBJQ660";"C";"7000";"1,3";"0,14";"0,17";"-0,0322";"0,0048";"0,2";"1,9043";"-8120"
"14/04/2026 14:21:45";"BOVA11";"BOVAE195";"C";"5000";"1,74";"5,69";"5,72";"0,5739";"0,033";"5,7";"23,0109";"19750"
"14/04/2026 14:21:45";"BOVA11";"BOVAE166";"V";"4000";"26,445";"30,27";"30,38";"1";"0";"30,42";"0";"-15740"
"14/04/2026 14:21:45";"BOVA11";"BOVAQ195";"V";"4000";"6,26";"4,23";"4,26";"-0,4315";"0,0306";"4,26";"23,0612";"8000"
"14/04/2026 14:21:45";"BOVA11";"BOVAQ164";"C";"10000";"1,75";"0,19";"0,2";"-0,0273";"0,0033";"0,2";"3,693";"-15600"
"14/04/2026 14:21:45";"PRIO3";"PRIOD750";"C";"1000";"0,41";"0,34";"0,37";"0,1243";"0,0328";"0,37";"1,9308";"-70"
"14/04/2026 14:21:45";"PRIO3";"PRIOE515";"V";"1700";"16,64";"16,16";"16,32";"0,9131";"0,0108";"16,66";"3,1934";"544"
"14/04/2026 14:21:45";"PRIO3";"PRIOQ720";"V";"1700";"4,87";"7,36";"7,48";"-0,6069";"0,0336";"7,1";"7,7646";"-4437"
"14/04/2026 14:21:45";"PRIO3";"PRIOP600";"C";"1700";"0,46";"0,43";"0,46";"-0,1271";"0,0306";"0,45";"1,9613";"-51"
"14/04/2026 14:21:45";"SMAL11";"SMALD139";"C";"1800";"0,2158";"0,02";"0,04";"0,0085";"0,0042";"0,02";"0,407";"-352,44"
"14/04/2026 14:21:45";"SMAL11";"SMALE119";"V";"1600";"7,56";"8,71";"8,79";"0,8645";"0,0314";"7,72";"8,1963";"-1968"
"14/04/2026 14:21:45";"SMAL11";"SMALQ119";"V";"1600";"2,35";"1,97";"2,01";"-0,2605";"0,0258";"2,09";"12,2274";"544"
"14/04/2026 14:21:45";"SMAL11";"SMALP970";"C";"1800";"0,37";"0";"0";"-0,0017";"0,0005";"0,01";"0,0967";"-666"
"14/04/2026 14:21:45";"SBSP3";"SBSPE175";"C";"2300";"1,48";"3,73";"3,94";"0,413";"0,0275";"4,04";"19,844";"5175"
"14/04/2026 14:21:45";"SBSP3";"SBSPE155";"V";"1200";"7,87";"16,35";"17,46";"0,9";"0,013";"16,61";"8,9426";"-11508"
"14/04/2026 14:21:45";"SBSP3";"SBSPQ166";"V";"1200";"4,61";"3,68";"3,79";"-0,3481";"0,0246";"3,68";"18,8364";"984"
"14/04/2026 14:21:45";"SBSP3";"SBSPQ131";"C";"2300";"0,96";"0,21";"0,38";"-0,0301";"0,0027";"0,31";"3,4794";"-1725"
"14/04/2026 14:26:51";"EMBJ3";"EMBJE868";"C";"7000";"1,38";"4,84";"4,93";"0,5909";"0,039";"4,85";"10,2557";"24220"
"14/04/2026 14:26:51";"EMBJ3";"EMBJE704";"V";"4000";"8,35";"0";"21,03";"0,982";"0,0043";"18,55";"1,1667";"-50720"
"14/04/2026 14:26:51";"EMBJ3";"EMBJQ878";"V";"4000";"4,85";"3,72";"3,82";"-0,4484";"0,0308";"4,74";"10,442";"4120"
"14/04/2026 14:26:51";"EMBJ3";"EMBJQ660";"C";"7000";"1,3";"0,14";"0,17";"-0,0322";"0,0048";"0,2";"1,9043";"-8120"
"14/04/2026 14:26:51";"BOVA11";"BOVAE195";"C";"5000";"1,74";"5,69";"5,72";"0,5739";"0,033";"5,7";"23,0109";"19750"
"14/04/2026 14:26:51";"BOVA11";"BOVAE166";"V";"4000";"26,445";"30,27";"30,38";"1";"0";"30,42";"0";"-15740"
"14/04/2026 14:26:51";"BOVA11";"BOVAQ195";"V";"4000";"6,26";"4,23";"4,26";"-0,4315";"0,0306";"4,26";"23,0612";"8000"
"14/04/2026 14:26:51";"BOVA11";"BOVAQ164";"C";"10000";"1,75";"0,19";"0,2";"-0,0273";"0,0033";"0,2";"3,693";"-15600"
"14/04/2026 14:26:51";"PRIO3";"PRIOD750";"C";"1000";"0,41";"0,34";"0,37";"0,1243";"0,0328";"0,37";"1,9308";"-70"
"14/04/2026 14:26:51";"PRIO3";"PRIOE515";"V";"1700";"16,64";"16,16";"16,32";"0,9131";"0,0108";"16,66";"3,1934";"544"
"14/04/2026 14:26:51";"PRIO3";"PRIOQ720";"V";"1700";"4,87";"7,36";"7,48";"-0,6069";"0,0336";"7,1";"7,7646";"-4437"
"14/04/2026 14:26:51";"PRIO3";"PRIOP600";"C";"1700";"0,46";"0,43";"0,46";"-0,1271";"0,0306";"0,45";"1,9613";"-51"
"14/04/2026 14:26:51";"SMAL11";"SMALD139";"C";"1800";"0,2158";"0,02";"0,04";"0,0085";"0,0042";"0,02";"0,407";"-352,44"
"14/04/2026 14:26:51";"SMAL11";"SMALE119";"V";"1600";"7,56";"8,71";"8,79";"0,8645";"0,0314";"7,72";"8,1963";"-1968"
"14/04/2026 14:26:51";"SMAL11";"SMALQ119";"V";"1600";"2,35";"1,97";"2,01";"-0,2605";"0,0258";"2,09";"12,2274";"544"
"14/04/2026 14:26:51";"SMAL11";"SMALP970";"C";"1800";"0,37";"0";"0";"-0,0017";"0,0005";"0,01";"0,0967";"-666"
"14/04/2026 14:26:51";"SBSP3";"SBSPE175";"C";"2300";"1,48";"3,73";"3,94";"0,413";"0,0275";"4,04";"19,844";"5175"
"14/04/2026 14:26:51";"SBSP3";"SBSPE155";"V";"1200";"7,87";"16,35";"17,46";"0,9";"0,013";"16,61";"8,9426";"-11508"
"14/04/2026 14:26:51";"SBSP3";"SBSPQ166";"V";"1200";"4,61";"3,68";"3,79";"-0,3481";"0,0246";"3,68";"18,8364";"984"
"14/04/2026 14:26:51";"SBSP3";"SBSPQ131";"C";"2300";"0,96";"0,21";"0,38";"-0,0301";"0,0027";"0,31";"3,4794";"-1725"
"14/04/2026 14:31:57";"EMBJ3";"EMBJE868";"C";"7000";"1,38";"4,84";"4,93";"0,5909";"0,039";"4,85";"10,2557";"24220"
"14/04/2026 14:31:57";"EMBJ3";"EMBJE704";"V";"4000";"8,35";"0";"21,03";"0,982";"0,0043";"18,55";"1,1667";"-50720"
"14/04/2026 14:31:57";"EMBJ3";"EMBJQ878";"V";"4000";"4,85";"3,72";"3,82";"-0,4484";"0,0308";"4,74";"10,442";"4120"
"14/04/2026 14:31:57";"EMBJ3";"EMBJQ660";"C";"7000";"1,3";"0,14";"0,17";"-0,0322";"0,0048";"0,2";"1,9043";"-8120"
"14/04/2026 14:31:57";"BOVA11";"BOVAE195";"C";"5000";"1,74";"5,69";"5,72";"0,5739";"0,033";"5,7";"23,0109";"19750"
"14/04/2026 14:31:57";"BOVA11";"BOVAE166";"V";"4000";"26,445";"30,27";"30,38";"1";"0";"30,42";"0";"-15740"
"14/04/2026 14:31:57";"BOVA11";"BOVAQ195";"V";"4000";"6,26";"4,23";"4,26";"-0,4315";"0,0306";"4,26";"23,0612";"8000"
"14/04/2026 14:31:57";"BOVA11";"BOVAQ164";"C";"10000";"1,75";"0,19";"0,2";"-0,0273";"0,0033";"0,2";"3,693";"-15600"
"14/04/2026 14:31:57";"PRIO3";"PRIOD750";"C";"1000";"0,41";"0,34";"0,37";"0,1243";"0,0328";"0,37";"1,9308";"-70"
"14/04/2026 14:31:57";"PRIO3";"PRIOE515";"V";"1700";"16,64";"16,16";"16,32";"0,9131";"0,0108";"16,66";"3,1934";"544"
"14/04/2026 14:31:57";"PRIO3";"PRIOQ720";"V";"1700";"4,87";"7,36";"7,48";"-0,6069";"0,0336";"7,1";"7,7646";"-4437"
"14/04/2026 14:31:57";"PRIO3";"PRIOP600";"C";"1700";"0,46";"0,43";"0,46";"-0,1271";"0,0306";"0,45";"1,9613";"-51"
"14/04/2026 14:31:57";"SMAL11";"SMALD139";"C";"1800";"0,2158";"0,02";"0,04";"0,0085";"0,0042";"0,02";"0,407";"-352,44"
"14/04/2026 14:31:57";"SMAL11";"SMALE119";"V";"1600";"7,56";"8,71";"8,79";"0,8645";"0,0314";"7,72";"8,1963";"-1968"
"14/04/2026 14:31:57";"SMAL11";"SMALQ119";"V";"1600";"2,35";"1,97";"2,01";"-0,2605";"0,0258";"2,09";"12,2274";"544"
"14/04/2026 14:31:57";"SMAL11";"SMALP970";"C";"1800";"0,37";"0";"0";"-0,0017";"0,0005";"0,01";"0,0967";"-666"
"14/04/2026 14:31:57";"SBSP3";"SBSPE175";"C";"2300";"1,48";"3,73";"3,94";"0,413";"0,0275";"4,04";"19,844";"5175"
"14/04/2026 14:31:57";"SBSP3";"SBSPE155";"V";"1200";"7,87";"16,35";"17,46";"0,9";"0,013";"16,61";"8,9426";"-11508"
"14/04/2026 14:31:57";"SBSP3";"SBSPQ166";"V";"1200";"4,61";"3,68";"3,79";"-0,3481";"0,0246";"3,68";"18,8364";"984"
"14/04/2026 14:31:57";"SBSP3";"SBSPQ131";"C";"2300";"0,96";"0,21";"0,38";"-0,0301";"0,0027";"0,31";"3,4794";"-1725"
"14/04/2026 14:37:02";"EMBJ3";"EMBJE868";"C";"7000";"1,38";"4,84";"4,93";"0,5909";"0,039";"4,85";"10,2557";"24220"
"14/04/2026 14:37:02";"EMBJ3";"EMBJE704";"V";"4000";"8,35";"0";"21,03";"0,982";"0,0043";"18,55";"1,1667";"-50720"
"14/04/2026 14:37:02";"EMBJ3";"EMBJQ878";"V";"4000";"4,85";"3,72";"3,82";"-0,4484";"0,0308";"4,74";"10,442";"4120"
"14/04/2026 14:37:02";"EMBJ3";"EMBJQ660";"C";"7000";"1,3";"0,14";"0,17";"-0,0322";"0,0048";"0,2";"1,9043";"-8120"
"14/04/2026 14:37:02";"BOVA11";"BOVAE195";"C";"5000";"1,74";"5,69";"5,72";"0,5739";"0,033";"5,7";"23,0109";"19750"
"14/04/2026 14:37:02";"BOVA11";"BOVAE166";"V";"4000";"26,445";"30,27";"30,38";"1";"0";"30,42";"0";"-15740"
"14/04/2026 14:37:02";"BOVA11";"BOVAQ195";"V";"4000";"6,26";"4,23";"4,26";"-0,4315";"0,0306";"4,26";"23,0612";"8000"
"14/04/2026 14:37:02";"BOVA11";"BOVAQ164";"C";"10000";"1,75";"0,19";"0,2";"-0,0273";"0,0033";"0,2";"3,693";"-15600"
"14/04/2026 14:37:02";"PRIO3";"PRIOD750";"C";"1000";"0,41";"0,34";"0,37";"0,1243";"0,0328";"0,37";"1,9308";"-70"
"14/04/2026 14:37:02";"PRIO3";"PRIOE515";"V";"1700";"16,64";"16,16";"16,32";"0,9131";"0,0108";"16,66";"3,1934";"544"
"14/04/2026 14:37:02";"PRIO3";"PRIOQ720";"V";"1700";"4,87";"7,36";"7,48";"-0,6069";"0,0336";"7,1";"7,7646";"-4437"
"14/04/2026 14:37:02";"PRIO3";"PRIOP600";"C";"1700";"0,46";"0,43";"0,46";"-0,1271";"0,0306";"0,45";"1,9613";"-51"
"14/04/2026 14:37:02";"SMAL11";"SMALD139";"C";"1800";"0,2158";"0,02";"0,04";"0,0085";"0,0042";"0,02";"0,407";"-352,44"
"14/04/2026 14:37:02";"SMAL11";"SMALE119";"V";"1600";"7,56";"8,71";"8,79";"0,8645";"0,0314";"7,72";"8,1963";"-1968"
"14/04/2026 14:37:02";"SMAL11";"SMALQ119";"V";"1600";"2,35";"1,97";"2,01";"-0,2605";"0,0258";"2,09";"12,2274";"544"
"14/04/2026 14:37:02";"SMAL11";"SMALP970";"C";"1800";"0,37";"0";"0";"-0,0017";"0,0005";"0,01";"0,0967";"-666"
"14/04/2026 14:37:02";"SBSP3";"SBSPE175";"C";"2300";"1,48";"3,73";"3,94";"0,413";"0,0275";"4,04";"19,844";"5175"
"14/04/2026 14:37:02";"SBSP3";"SBSPE155";"V";"1200";"7,87";"16,35";"17,46";"0,9";"0,013";"16,61";"8,9426";"-11508"
"14/04/2026 14:37:02";"SBSP3";"SBSPQ166";"V";"1200";"4,61";"3,68";"3,79";"-0,3481";"0,0246";"3,68";"18,8364";"984"
"14/04/2026 14:37:02";"SBSP3";"SBSPQ131";"C";"2300";"0,96";"0,21";"0,38";"-0,0301";"0,0027";"0,31";"3,4794";"-1725"
"14/04/2026 14:42:08";"EMBJ3";"EMBJE868";"C";"7000";"1,38";"4,84";"4,93";"0,5909";"0,039";"4,85";"10,2557";"24220"
"14/04/2026 14:42:08";"EMBJ3";"EMBJE704";"V";"4000";"8,35";"0";"21,03";"0,982";"0,0043";"18,55";"1,1667";"-50720"
"14/04/2026 14:42:08";"EMBJ3";"EMBJQ878";"V";"4000";"4,85";"3,72";"3,82";"-0,4484";"0,0308";"4,74";"10,442";"4120"
"14/04/2026 14:42:08";"EMBJ3";"EMBJQ660";"C";"7000";"1,3";"0,14";"0,17";"-0,0322";"0,0048";"0,2";"1,9043";"-8120"
"14/04/2026 14:42:08";"BOVA11";"BOVAE195";"C";"5000";"1,74";"5,69";"5,72";"0,5739";"0,033";"5,7";"23,0109";"19750"
"14/04/2026 14:42:08";"BOVA11";"BOVAE166";"V";"4000";"26,445";"30,27";"30,38";"1";"0";"30,42";"0";"-15740"
"14/04/2026 14:42:08";"BOVA11";"BOVAQ195";"V";"4000";"6,26";"4,23";"4,26";"-0,4315";"0,0306";"4,26";"23,0612";"8000"
"14/04/2026 14:42:08";"BOVA11";"BOVAQ164";"C";"10000";"1,75";"0,19";"0,2";"-0,0273";"0,0033";"0,2";"3,693";"-15600"
"14/04/2026 14:42:08";"PRIO3";"PRIOD750";"C";"1000";"0,41";"0,34";"0,37";"0,1243";"0,0328";"0,37";"1,9308";"-70"
"14/04/2026 14:42:08";"PRIO3";"PRIOE515";"V";"1700";"16,64";"16,16";"16,32";"0,9131";"0,0108";"16,66";"3,1934";"544"
"14/04/2026 14:42:08";"PRIO3";"PRIOQ720";"V";"1700";"4,87";"7,36";"7,48";"-0,6069";"0,0336";"7,1";"7,7646";"-4437"
"14/04/2026 14:42:08";"PRIO3";"PRIOP600";"C";"1700";"0,46";"0,43";"0,46";"-0,1271";"0,0306";"0,45";"1,9613";"-51"
"14/04/2026 14:42:08";"SMAL11";"SMALD139";"C";"1800";"0,2158";"0,02";"0,04";"0,0085";"0,0042";"0,02";"0,407";"-352,44"
"14/04/2026 14:42:08";"SMAL11";"SMALE119";"V";"1600";"7,56";"8,71";"8,79";"0,8645";"0,0314";"7,72";"8,1963";"-1968"
"14/04/2026 14:42:08";"SMAL11";"SMALQ119";"V";"1600";"2,35";"1,97";"2,01";"-0,2605";"0,0258";"2,09";"12,2274";"544"
"14/04/2026 14:42:08";"SMAL11";"SMALP970";"C";"1800";"0,37";"0";"0";"-0,0017";"0,0005";"0,01";"0,0967";"-666"
"14/04/2026 14:42:08";"SBSP3";"SBSPE175";"C";"2300";"1,48";"3,73";"3,94";"0,413";"0,0275";"4,04";"19,844";"5175"
"14/04/2026 14:42:08";"SBSP3";"SBSPE155";"V";"1200";"7,87";"16,35";"17,46";"0,9";"0,013";"16,61";"8,9426";"-11508"
"14/04/2026 14:42:08";"SBSP3";"SBSPQ166";"V";"1200";"4,61";"3,68";"3,79";"-0,3481";"0,0246";"3,68";"18,8364";"984"
"14/04/2026 14:42:08";"SBSP3";"SBSPQ131";"C";"2300";"0,96";"0,21";"0,38";"-0,0301";"0,0027";"0,31";"3,4794";"-1725"
"14/04/2026 14:47:14";"EMBJ3";"EMBJE868";"C";"7000";"1,38";"4,84";"4,93";"0,5909";"0,039";"4,85";"10,2557";"24220"
"14/04/2026 14:47:14";"EMBJ3";"EMBJE704";"V";"4000";"8,35";"0";"21,03";"0,982";"0,0043";"18,55";"1,1667";"-50720"
"14/04/2026 14:47:14";"EMBJ3";"EMBJQ878";"V";"4000";"4,85";"3,72";"3,82";"-0,4484";"0,0308";"4,74";"10,442";"4120"
"14/04/2026 14:47:14";"EMBJ3";"EMBJQ660";"C";"7000";"1,3";"0,14";"0,17";"-0,0322";"0,0048";"0,2";"1,9043";"-8120"
"14/04/2026 14:47:14";"BOVA11";"BOVAE195";"C";"5000";"1,74";"5,69";"5,72";"0,5739";"0,033";"5,7";"23,0109";"19750"
"14/04/2026 14:47:14";"BOVA11";"BOVAE166";"V";"4000";"26,445";"30,27";"30,38";"1";"0";"30,42";"0";"-15740"
"14/04/2026 14:47:14";"BOVA11";"BOVAQ195";"V";"4000";"6,26";"4,23";"4,26";"-0,4315";"0,0306";"4,26";"23,0612";"8000"
"14/04/2026 14:47:14";"BOVA11";"BOVAQ164";"C";"10000";"1,75";"0,19";"0,2";"-0,0273";"0,0033";"0,2";"3,693";"-15600"
"14/04/2026 14:47:14";"PRIO3";"PRIOD750";"C";"1000";"0,41";"0,34";"0,37";"0,1243";"0,0328";"0,37";"1,9308";"-70"
"14/04/2026 14:47:14";"PRIO3";"PRIOE515";"V";"1700";"16,64";"16,16";"16,32";"0,9131";"0,0108";"16,66";"3,1934";"544"
"14/04/2026 14:47:14";"PRIO3";"PRIOQ720";"V";"1700";"4,87";"7,36";"7,48";"-0,6069";"0,0336";"7,1";"7,7646";"-4437"
"14/04/2026 14:47:14";"PRIO3";"PRIOP600";"C";"1700";"0,46";"0,43";"0,46";"-0,1271";"0,0306";"0,45";"1,9613";"-51"
"14/04/2026 14:47:14";"SMAL11";"SMALD139";"C";"1800";"0,2158";"0,02";"0,04";"0,0085";"0,0042";"0,02";"0,407";"-352,44"
"14/04/2026 14:47:14";"SMAL11";"SMALE119";"V";"1600";"7,56";"8,71";"8,79";"0,8645";"0,0314";"7,72";"8,1963";"-1968"
"14/04/2026 14:47:14";"SMAL11";"SMALQ119";"V";"1600";"2,35";"1,97";"2,01";"-0,2605";"0,0258";"2,09";"12,2274";"544"
"14/04/2026 14:47:14";"SMAL11";"SMALP970";"C";"1800";"0,37";"0";"0";"-0,0017";"0,0005";"0,01";"0,0967";"-666"
"14/04/2026 14:47:14";"SBSP3";"SBSPE175";"C";"2300";"1,48";"3,73";"3,94";"0,413";"0,0275";"4,04";"19,844";"5175"
"14/04/2026 14:47:14";"SBSP3";"SBSPE155";"V";"1200";"7,87";"16,35";"17,46";"0,9";"0,013";"16,61";"8,9426";"-11508"
"14/04/2026 14:47:14";"SBSP3";"SBSPQ166";"V";"1200";"4,61";"3,68";"3,79";"-0,3481";"0,0246";"3,68";"18,8364";"984"
"14/04/2026 14:47:14";"SBSP3";"SBSPQ131";"C";"2300";"0,96";"0,21";"0,38";"-0,0301";"0,0027";"0,31";"3,4794";"-1725"
"14/04/2026 14:52:20";"EMBJ3";"EMBJE868";"C";"7000";"1,38";"4,84";"4,93";"0,5909";"0,039";"4,85";"10,2557";"24220"
"14/04/2026 14:52:20";"EMBJ3";"EMBJE704";"V";"4000";"8,35";"0";"21,03";"0,982";"0,0043";"18,55";"1,1667";"-50720"
"14/04/2026 14:52:20";"EMBJ3";"EMBJQ878";"V";"4000";"4,85";"3,72";"3,82";"-0,4484";"0,0308";"4,74";"10,442";"4120"
"14/04/2026 14:52:20";"EMBJ3";"EMBJQ660";"C";"7000";"1,3";"0,14";"0,17";"-0,0322";"0,0048";"0,2";"1,9043";"-8120"
"14/04/2026 14:52:20";"BOVA11";"BOVAE195";"C";"5000";"1,74";"5,69";"5,72";"0,5739";"0,033";"5,7";"23,0109";"19750"
"14/04/2026 14:52:20";"BOVA11";"BOVAE166";"V";"4000";"26,445";"30,27";"30,38";"1";"0";"30,42";"0";"-15740"
"14/04/2026 14:52:20";"BOVA11";"BOVAQ195";"V";"4000";"6,26";"4,23";"4,26";"-0,4315";"0,0306";"4,26";"23,0612";"8000"
"14/04/2026 14:52:20";"BOVA11";"BOVAQ164";"C";"10000";"1,75";"0,19";"0,2";"-0,0273";"0,0033";"0,2";"3,693";"-15600"
"14/04/2026 14:52:20";"PRIO3";"PRIOD750";"C";"1000";"0,41";"0,34";"0,37";"0,1243";"0,0328";"0,37";"1,9308";"-70"
"14/04/2026 14:52:20";"PRIO3";"PRIOE515";"V";"1700";"16,64";"16,16";"16,32";"0,9131";"0,0108";"16,66";"3,1934";"544"
"14/04/2026 14:52:20";"PRIO3";"PRIOQ720";"V";"1700";"4,87";"7,36";"7,48";"-0,6069";"0,0336";"7,1";"7,7646";"-4437"
"14/04/2026 14:52:20";"PRIO3";"PRIOP600";"C";"1700";"0,46";"0,43";"0,46";"-0,1271";"0,0306";"0,45";"1,9613";"-51"
"14/04/2026 14:52:20";"SMAL11";"SMALD139";"C";"1800";"0,2158";"0,02";"0,04";"0,0085";"0,0042";"0,02";"0,407";"-352,44"
"14/04/2026 14:52:20";"SMAL11";"SMALE119";"V";"1600";"7,56";"8,71";"8,79";"0,8645";"0,0314";"7,72";"8,1963";"-1968"
"14/04/2026 14:52:20";"SMAL11";"SMALQ119";"V";"1600";"2,35";"1,97";"2,01";"-0,2605";"0,0258";"2,09";"12,2274";"544"
"14/04/2026 14:52:20";"SMAL11";"SMALP970";"C";"1800";"0,37";"0";"0";"-0,0017";"0,0005";"0,01";"0,0967";"-666"
"14/04/2026 14:52:20";"SBSP3";"SBSPE175";"C";"2300";"1,48";"3,73";"3,94";"0,413";"0,0275";"4,04";"19,844";"5175"
"14/04/2026 14:52:20";"SBSP3";"SBSPE155";"V";"1200";"7,87";"16,35";"17,46";"0,9";"0,013";"16,61";"8,9426";"-11508"
"14/04/2026 14:52:20";"SBSP3";"SBSPQ166";"V";"1200";"4,61";"3,68";"3,79";"-0,3481";"0,0246";"3,68";"18,8364";"984"
"14/04/2026 14:52:20";"SBSP3";"SBSPQ131";"C";"2300";"0,96";"0,21";"0,38";"-0,0301";"0,0027";"0,31";"3,4794";"-1725"
"14/04/2026 14:57:26";"EMBJ3";"EMBJE868";"C";"7000";"1,38";"4,84";"4,93";"0,5909";"0,039";"4,85";"10,2557";"24220"
"14/04/2026 14:57:26";"EMBJ3";"EMBJE704";"V";"4000";"8,35";"0";"21,03";"0,982";"0,0043";"18,55";"1,1667";"-50720"
"14/04/2026 14:57:26";"EMBJ3";"EMBJQ878";"V";"4000";"4,85";"3,72";"3,82";"-0,4484";"0,0308";"4,74";"10,442";"4120"
"14/04/2026 14:57:26";"EMBJ3";"EMBJQ660";"C";"7000";"1,3";"0,14";"0,17";"-0,0322";"0,0048";"0,2";"1,9043";"-8120"
"14/04/2026 14:57:26";"BOVA11";"BOVAE195";"C";"5000";"1,74";"5,69";"5,72";"0,5739";"0,033";"5,7";"23,0109";"19750"
"14/04/2026 14:57:26";"BOVA11";"BOVAE166";"V";"4000";"26,445";"30,27";"30,38";"1";"0";"30,42";"0";"-15740"
"14/04/2026 14:57:26";"BOVA11";"BOVAQ195";"V";"4000";"6,26";"4,23";"4,26";"-0,4315";"0,0306";"4,26";"23,0612";"8000"
"14/04/2026 14:57:26";"BOVA11";"BOVAQ164";"C";"10000";"1,75";"0,19";"0,2";"-0,0273";"0,0033";"0,2";"3,693";"-15600"
"14/04/2026 14:57:26";"PRIO3";"PRIOD750";"C";"1000";"0,41";"0,34";"0,37";"0,1243";"0,0328";"0,37";"1,9308";"-70"
"14/04/2026 14:57:26";"PRIO3";"PRIOE515";"V";"1700";"16,64";"16,16";"16,32";"0,9131";"0,0108";"16,66";"3,1934";"544"
"14/04/2026 14:57:26";"PRIO3";"PRIOQ720";"V";"1700";"4,87";"7,36";"7,48";"-0,6069";"0,0336";"7,1";"7,7646";"-4437"
"14/04/2026 14:57:26";"PRIO3";"PRIOP600";"C";"1700";"0,46";"0,43";"0,46";"-0,1271";"0,0306";"0,45";"1,9613";"-51"
"14/04/2026 14:57:26";"SMAL11";"SMALD139";"C";"1800";"0,2158";"0,02";"0,04";"0,0085";"0,0042";"0,02";"0,407";"-352,44"
"14/04/2026 14:57:26";"SMAL11";"SMALE119";"V";"1600";"7,56";"8,71";"8,79";"0,8645";"0,0314";"7,72";"8,1963";"-1968"
"14/04/2026 14:57:26";"SMAL11";"SMALQ119";"V";"1600";"2,35";"1,97";"2,01";"-0,2605";"0,0258";"2,09";"12,2274";"544"
"14/04/2026 14:57:26";"SMAL11";"SMALP970";"C";"1800";"0,37";"0";"0";"-0,0017";"0,0005";"0,01";"0,0967";"-666"
"14/04/2026 14:57:26";"SBSP3";"SBSPE175";"C";"2300";"1,48";"3,73";"3,94";"0,413";"0,0275";"4,04";"19,844";"5175"
"14/04/2026 14:57:26";"SBSP3";"SBSPE155";"V";"1200";"7,87";"16,35";"17,46";"0,9";"0,013";"16,61";"8,9426";"-11508"
"14/04/2026 14:57:26";"SBSP3";"SBSPQ166";"V";"1200";"4,61";"3,68";"3,79";"-0,3481";"0,0246";"3,68";"18,8364";"984"
"14/04/2026 14:57:26";"SBSP3";"SBSPQ131";"C";"2300";"0,96";"0,21";"0,38";"-0,0301";"0,0027";"0,31";"3,4794";"-1725"
"14/04/2026 15:02:32";"EMBJ3";"EMBJE868";"C";"7000";"1,38";"4,84";"4,93";"0,5909";"0,039";"4,85";"10,2557";"24220"
"14/04/2026 15:02:32";"EMBJ3";"EMBJE704";"V";"4000";"8,35";"0";"21,03";"0,982";"0,0043";"18,55";"1,1667";"-50720"
"14/04/2026 15:02:32";"EMBJ3";"EMBJQ878";"V";"4000";"4,85";"3,72";"3,82";"-0,4484";"0,0308";"4,74";"10,442";"4120"
"14/04/2026 15:02:32";"EMBJ3";"EMBJQ660";"C";"7000";"1,3";"0,14";"0,17";"-0,0322";"0,0048";"0,2";"1,9043";"-8120"
"14/04/2026 15:02:32";"BOVA11";"BOVAE195";"C";"5000";"1,74";"5,69";"5,72";"0,5739";"0,033";"5,7";"23,0109";"19750"
"14/04/2026 15:02:32";"BOVA11";"BOVAE166";"V";"4000";"26,445";"30,27";"30,38";"1";"0";"30,42";"0";"-15740"
"14/04/2026 15:02:32";"BOVA11";"BOVAQ195";"V";"4000";"6,26";"4,23";"4,26";"-0,4315";"0,0306";"4,26";"23,0612";"8000"
"14/04/2026 15:02:32";"BOVA11";"BOVAQ164";"C";"10000";"1,75";"0,19";"0,2";"-0,0273";"0,0033";"0,2";"3,693";"-15600"
"14/04/2026 15:02:32";"PRIO3";"PRIOD750";"C";"1000";"0,41";"0,34";"0,37";"0,1243";"0,0328";"0,37";"1,9308";"-70"
"14/04/2026 15:02:32";"PRIO3";"PRIOE515";"V";"1700";"16,64";"16,16";"16,32";"0,9131";"0,0108";"16,66";"3,1934";"544"
"14/04/2026 15:02:32";"PRIO3";"PRIOQ720";"V";"1700";"4,87";"7,36";"7,48";"-0,6069";"0,0336";"7,1";"7,7646";"-4437"
"14/04/2026 15:02:32";"PRIO3";"PRIOP600";"C";"1700";"0,46";"0,43";"0,46";"-0,1271";"0,0306";"0,45";"1,9613";"-51"
"14/04/2026 15:02:32";"SMAL11";"SMALD139";"C";"1800";"0,2158";"0,02";"0,04";"0,0085";"0,0042";"0,02";"0,407";"-352,44"
"14/04/2026 15:02:32";"SMAL11";"SMALE119";"V";"1600";"7,56";"8,71";"8,79";"0,8645";"0,0314";"7,72";"8,1963";"-1968"
"14/04/2026 15:02:32";"SMAL11";"SMALQ119";"V";"1600";"2,35";"1,97";"2,01";"-0,2605";"0,0258";"2,09";"12,2274";"544"
"14/04/2026 15:02:32";"SMAL11";"SMALP970";"C";"1800";"0,37";"0";"0";"-0,0017";"0,0005";"0,01";"0,0967";"-666"
"14/04/2026 15:02:32";"SBSP3";"SBSPE175";"C";"2300";"1,48";"3,73";"3,94";"0,413";"0,0275";"4,04";"19,844";"5175"
"14/04/2026 15:02:32";"SBSP3";"SBSPE155";"V";"1200";"7,87";"16,35";"17,46";"0,9";"0,013";"16,61";"8,9426";"-11508"
"14/04/2026 15:02:32";"SBSP3";"SBSPQ166";"V";"1200";"4,61";"3,68";"3,79";"-0,3481";"0,0246";"3,68";"18,8364";"984"
"14/04/2026 15:02:32";"SBSP3";"SBSPQ131";"C";"2300";"0,96";"0,21";"0,38";"-0,0301";"0,0027";"0,31";"3,4794";"-1725"
"14/04/2026 15:07:38";"EMBJ3";"EMBJE868";"C";"7000";"1,38";"4,84";"4,93";"0,5909";"0,039";"4,85";"10,2557";"24220"
"14/04/2026 15:07:38";"EMBJ3";"EMBJE704";"V";"4000";"8,35";"0";"21,03";"0,982";"0,0043";"18,55";"1,1667";"-50720"
"14/04/2026 15:07:38";"EMBJ3";"EMBJQ878";"V";"4000";"4,85";"3,72";"3,82";"-0,4484";"0,0308";"4,74";"10,442";"4120"
"14/04/2026 15:07:38";"EMBJ3";"EMBJQ660";"C";"7000";"1,3";"0,14";"0,17";"-0,0322";"0,0048";"0,2";"1,9043";"-8120"
"14/04/2026 15:07:38";"BOVA11";"BOVAE195";"C";"5000";"1,74";"5,69";"5,72";"0,5739";"0,033";"5,7";"23,0109";"19750"
"14/04/2026 15:07:38";"BOVA11";"BOVAE166";"V";"4000";"26,445";"30,27";"30,38";"1";"0";"30,42";"0";"-15740"
"14/04/2026 15:07:38";"BOVA11";"BOVAQ195";"V";"4000";"6,26";"4,23";"4,26";"-0,4315";"0,0306";"4,26";"23,0612";"8000"
"14/04/2026 15:07:38";"BOVA11";"BOVAQ164";"C";"10000";"1,75";"0,19";"0,2";"-0,0273";"0,0033";"0,2";"3,693";"-15600"
"14/04/2026 15:07:38";"PRIO3";"PRIOD750";"C";"1000";"0,41";"0,34";"0,37";"0,1243";"0,0328";"0,37";"1,9308";"-70"
"14/04/2026 15:07:38";"PRIO3";"PRIOE515";"V";"1700";"16,64";"16,16";"16,32";"0,9131";"0,0108";"16,66";"3,1934";"544"
"14/04/2026 15:07:38";"PRIO3";"PRIOQ720";"V";"1700";"4,87";"7,36";"7,48";"-0,6069";"0,0336";"7,1";"7,7646";"-4437"
"14/04/2026 15:07:38";"PRIO3";"PRIOP600";"C";"1700";"0,46";"0,43";"0,46";"-0,1271";"0,0306";"0,45";"1,9613";"-51"
"14/04/2026 15:07:38";"SMAL11";"SMALD139";"C";"1800";"0,2158";"0,02";"0,04";"0,0085";"0,0042";"0,02";"0,407";"-352,44"
"14/04/2026 15:07:38";"SMAL11";"SMALE119";"V";"1600";"7,56";"8,71";"8,79";"0,8645";"0,0314";"7,72";"8,1963";"-1968"
"14/04/2026 15:07:38";"SMAL11";"SMALQ119";"V";"1600";"2,35";"1,97";"2,01";"-0,2605";"0,0258";"2,09";"12,2274";"544"
"14/04/2026 15:07:38";"SMAL11";"SMALP970";"C";"1800";"0,37";"0";"0";"-0,0017";"0,0005";"0,01";"0,0967";"-666"
"14/04/2026 15:07:38";"SBSP3";"SBSPE175";"C";"2300";"1,48";"3,73";"3,94";"0,413";"0,0275";"4,04";"19,844";"5175"
"14/04/2026 15:07:38";"SBSP3";"SBSPE155";"V";"1200";"7,87";"16,35";"17,46";"0,9";"0,013";"16,61";"8,9426";"-11508"
"14/04/2026 15:07:38";"SBSP3";"SBSPQ166";"V";"1200";"4,61";"3,68";"3,79";"-0,3481";"0,0246";"3,68";"18,8364";"984"
"14/04/2026 15:07:38";"SBSP3";"SBSPQ131";"C";"2300";"0,96";"0,21";"0,38";"-0,0301";"0,0027";"0,31";"3,4794";"-1725"
"14/04/2026 15:12:43";"EMBJ3";"EMBJE868";"C";"7000";"1,38";"4,84";"4,93";"0,5909";"0,039";"4,85";"10,2557";"24220"
"14/04/2026 15:12:43";"EMBJ3";"EMBJE704";"V";"4000";"8,35";"0";"21,03";"0,982";"0,0043";"18,55";"1,1667";"-50720"
"14/04/2026 15:12:43";"EMBJ3";"EMBJQ878";"V";"4000";"4,85";"3,72";"3,82";"-0,4484";"0,0308";"4,74";"10,442";"4120"
"14/04/2026 15:12:43";"EMBJ3";"EMBJQ660";"C";"7000";"1,3";"0,14";"0,17";"-0,0322";"0,0048";"0,2";"1,9043";"-8120"
"14/04/2026 15:12:43";"BOVA11";"BOVAE195";"C";"5000";"1,74";"5,69";"5,72";"0,5739";"0,033";"5,7";"23,0109";"19750"
"14/04/2026 15:12:43";"BOVA11";"BOVAE166";"V";"4000";"26,445";"30,27";"30,38";"1";"0";"30,42";"0";"-15740"
"14/04/2026 15:12:43";"BOVA11";"BOVAQ195";"V";"4000";"6,26";"4,23";"4,26";"-0,4315";"0,0306";"4,26";"23,0612";"8000"
"14/04/2026 15:12:43";"BOVA11";"BOVAQ164";"C";"10000";"1,75";"0,19";"0,2";"-0,0273";"0,0033";"0,2";"3,693";"-15600"
"14/04/2026 15:12:43";"PRIO3";"PRIOD750";"C";"1000";"0,41";"0,34";"0,37";"0,1243";"0,0328";"0,37";"1,9308";"-70"
"14/04/2026 15:12:43";"PRIO3";"PRIOE515";"V";"1700";"16,64";"16,16";"16,32";"0,9131";"0,0108";"16,66";"3,1934";"544"
"14/04/2026 15:12:43";"PRIO3";"PRIOQ720";"V";"1700";"4,87";"7,36";"7,48";"-0,6069";"0,0336";"7,1";"7,7646";"-4437"
"14/04/2026 15:12:43";"PRIO3";"PRIOP600";"C";"1700";"0,46";"0,43";"0,46";"-0,1271";"0,0306";"0,45";"1,9613";"-51"
"14/04/2026 15:12:43";"SMAL11";"SMALD139";"C";"1800";"0,2158";"0,02";"0,04";"0,0085";"0,0042";"0,02";"0,407";"-352,44"
"14/04/2026 15:12:43";"SMAL11";"SMALE119";"V";"1600";"7,56";"8,71";"8,79";"0,8645";"0,0314";"7,72";"8,1963";"-1968"
"14/04/2026 15:12:43";"SMAL11";"SMALQ119";"V";"1600";"2,35";"1,97";"2,01";"-0,2605";"0,0258";"2,09";"12,2274";"544"
"14/04/2026 15:12:43";"SMAL11";"SMALP970";"C";"1800";"0,37";"0";"0";"-0,0017";"0,0005";"0,01";"0,0967";"-666"
"14/04/2026 15:12:43";"SBSP3";"SBSPE175";"C";"2300";"1,48";"3,73";"3,94";"0,413";"0,0275";"4,04";"19,844";"5175"
"14/04/2026 15:12:43";"SBSP3";"SBSPE155";"V";"1200";"7,87";"16,35";"17,46";"0,9";"0,013";"16,61";"8,9426";"-11508"
"14/04/2026 15:12:43";"SBSP3";"SBSPQ166";"V";"1200";"4,61";"3,68";"3,79";"-0,3481";"0,0246";"3,68";"18,8364";"984"
"14/04/2026 15:12:43";"SBSP3";"SBSPQ131";"C";"2300";"0,96";"0,21";"0,38";"-0,0301";"0,0027";"0,31";"3,4794";"-1725"
"14/04/2026 15:17:49";"EMBJ3";"EMBJE868";"C";"7000";"1,38";"4,84";"4,93";"0,5909";"0,039";"4,85";"10,2557";"24220"
"14/04/2026 15:17:49";"EMBJ3";"EMBJE704";"V";"4000";"8,35";"0";"21,03";"0,982";"0,0043";"18,55";"1,1667";"-50720"
"14/04/2026 15:17:49";"EMBJ3";"EMBJQ878";"V";"4000";"4,85";"3,72";"3,82";"-0,4484";"0,0308";"4,74";"10,442";"4120"
"14/04/2026 15:17:49";"EMBJ3";"EMBJQ660";"C";"7000";"1,3";"0,14";"0,17";"-0,0322";"0,0048";"0,2";"1,9043";"-8120"
"14/04/2026 15:17:49";"BOVA11";"BOVAE195";"C";"5000";"1,74";"5,69";"5,72";"0,5739";"0,033";"5,7";"23,0109";"19750"
"14/04/2026 15:17:49";"BOVA11";"BOVAE166";"V";"4000";"26,445";"30,27";"30,38";"1";"0";"30,42";"0";"-15740"
"14/04/2026 15:17:49";"BOVA11";"BOVAQ195";"V";"4000";"6,26";"4,23";"4,26";"-0,4315";"0,0306";"4,26";"23,0612";"8000"
"14/04/2026 15:17:49";"BOVA11";"BOVAQ164";"C";"10000";"1,75";"0,19";"0,2";"-0,0273";"0,0033";"0,2";"3,693";"-15600"
"14/04/2026 15:17:49";"PRIO3";"PRIOD750";"C";"1000";"0,41";"0,34";"0,37";"0,1243";"0,0328";"0,37";"1,9308";"-70"
"14/04/2026 15:17:49";"PRIO3";"PRIOE515";"V";"1700";"16,64";"16,16";"16,32";"0,9131";"0,0108";"16,66";"3,1934";"544"
"14/04/2026 15:17:49";"PRIO3";"PRIOQ720";"V";"1700";"4,87";"7,36";"7,48";"-0,6069";"0,0336";"7,1";"7,7646";"-4437"
"14/04/2026 15:17:49";"PRIO3";"PRIOP600";"C";"1700";"0,46";"0,43";"0,46";"-0,1271";"0,0306";"0,45";"1,9613";"-51"
"14/04/2026 15:17:49";"SMAL11";"SMALD139";"C";"1800";"0,2158";"0,02";"0,04";"0,0085";"0,0042";"0,02";"0,407";"-352,44"
"14/04/2026 15:17:49";"SMAL11";"SMALE119";"V";"1600";"7,56";"8,71";"8,79";"0,8645";"0,0314";"7,72";"8,1963";"-1968"
"14/04/2026 15:17:49";"SMAL11";"SMALQ119";"V";"1600";"2,35";"1,97";"2,01";"-0,2605";"0,0258";"2,09";"12,2274";"544"
"14/04/2026 15:17:49";"SMAL11";"SMALP970";"C";"1800";"0,37";"0";"0";"-0,0017";"0,0005";"0,01";"0,0967";"-666"
"14/04/2026 15:17:49";"SBSP3";"SBSPE175";"C";"2300";"1,48";"3,73";"3,94";"0,413";"0,0275";"4,04";"19,844";"5175"
"14/04/2026 15:17:49";"SBSP3";"SBSPE155";"V";"1200";"7,87";"16,35";"17,46";"0,9";"0,013";"16,61";"8,9426";"-11508"
"14/04/2026 15:17:49";"SBSP3";"SBSPQ166";"V";"1200";"4,61";"3,68";"3,79";"-0,3481";"0,0246";"3,68";"18,8364";"984"
"14/04/2026 15:17:49";"SBSP3";"SBSPQ131";"C";"2300";"0,96";"0,21";"0,38";"-0,0301";"0,0027";"0,31";"3,4794";"-1725"
"14/04/2026 15:22:55";"EMBJ3";"EMBJE868";"C";"7000";"1,38";"4,84";"4,93";"0,5909";"0,039";"4,85";"10,2557";"24220"
"14/04/2026 15:22:55";"EMBJ3";"EMBJE704";"V";"4000";"8,35";"0";"21,03";"0,982";"0,0043";"18,55";"1,1667";"-50720"
"14/04/2026 15:22:55";"EMBJ3";"EMBJQ878";"V";"4000";"4,85";"3,72";"3,82";"-0,4484";"0,0308";"4,74";"10,442";"4120"
"14/04/2026 15:22:55";"EMBJ3";"EMBJQ660";"C";"7000";"1,3";"0,14";"0,17";"-0,0322";"0,0048";"0,2";"1,9043";"-8120"
"14/04/2026 15:22:55";"BOVA11";"BOVAE195";"C";"5000";"1,74";"5,69";"5,72";"0,5739";"0,033";"5,7";"23,0109";"19750"
"14/04/2026 15:22:55";"BOVA11";"BOVAE166";"V";"4000";"26,445";"30,27";"30,38";"1";"0";"30,42";"0";"-15740"
"14/04/2026 15:22:55";"BOVA11";"BOVAQ195";"V";"4000";"6,26";"4,23";"4,26";"-0,4315";"0,0306";"4,26";"23,0612";"8000"
"14/04/2026 15:22:55";"BOVA11";"BOVAQ164";"C";"10000";"1,75";"0,19";"0,2";"-0,0273";"0,0033";"0,2";"3,693";"-15600"
"14/04/2026 15:22:55";"PRIO3";"PRIOD750";"C";"1000";"0,41";"0,34";"0,37";"0,1243";"0,0328";"0,37";"1,9308";"-70"
"14/04/2026 15:22:55";"PRIO3";"PRIOE515";"V";"1700";"16,64";"16,16";"16,32";"0,9131";"0,0108";"16,66";"3,1934";"544"
"14/04/2026 15:22:55";"PRIO3";"PRIOQ720";"V";"1700";"4,87";"7,36";"7,48";"-0,6069";"0,0336";"7,1";"7,7646";"-4437"
"14/04/2026 15:22:55";"PRIO3";"PRIOP600";"C";"1700";"0,46";"0,43";"0,46";"-0,1271";"0,0306";"0,45";"1,9613";"-51"
"14/04/2026 15:22:55";"SMAL11";"SMALD139";"C";"1800";"0,2158";"0,02";"0,04";"0,0085";"0,0042";"0,02";"0,407";"-352,44"
"14/04/2026 15:22:55";"SMAL11";"SMALE119";"V";"1600";"7,56";"8,71";"8,79";"0,8645";"0,0314";"7,72";"8,1963";"-1968"
"14/04/2026 15:22:55";"SMAL11";"SMALQ119";"V";"1600";"2,35";"1,97";"2,01";"-0,2605";"0,0258";"2,09";"12,2274";"544"
"14/04/2026 15:22:55";"SMAL11";"SMALP970";"C";"1800";"0,37";"0";"0";"-0,0017";"0,0005";"0,01";"0,0967";"-666"
"14/04/2026 15:22:55";"SBSP3";"SBSPE175";"C";"2300";"1,48";"3,73";"3,94";"0,413";"0,0275";"4,04";"19,844";"5175"
"14/04/2026 15:22:55";"SBSP3";"SBSPE155";"V";"1200";"7,87";"16,35";"17,46";"0,9";"0,013";"16,61";"8,9426";"-11508"
"14/04/2026 15:22:55";"SBSP3";"SBSPQ166";"V";"1200";"4,61";"3,68";"3,79";"-0,3481";"0,0246";"3,68";"18,8364";"984"
"14/04/2026 15:22:55";"SBSP3";"SBSPQ131";"C";"2300";"0,96";"0,21";"0,38";"-0,0301";"0,0027";"0,31";"3,4794";"-1725"
"14/04/2026 15:28:01";"EMBJ3";"EMBJE868";"C";"7000";"1,38";"4,84";"4,93";"0,5909";"0,039";"4,85";"10,2557";"24220"
"14/04/2026 15:28:01";"EMBJ3";"EMBJE704";"V";"4000";"8,35";"0";"21,03";"0,982";"0,0043";"18,55";"1,1667";"-50720"
"14/04/2026 15:28:01";"EMBJ3";"EMBJQ878";"V";"4000";"4,85";"3,72";"3,82";"-0,4484";"0,0308";"4,74";"10,442";"4120"
"14/04/2026 15:28:01";"EMBJ3";"EMBJQ660";"C";"7000";"1,3";"0,14";"0,17";"-0,0322";"0,0048";"0,2";"1,9043";"-8120"
"14/04/2026 15:28:01";"BOVA11";"BOVAE195";"C";"5000";"1,74";"5,69";"5,72";"0,5739";"0,033";"5,7";"23,0109";"19750"
"14/04/2026 15:28:01";"BOVA11";"BOVAE166";"V";"4000";"26,445";"30,27";"30,38";"1";"0";"30,42";"0";"-15740"
"14/04/2026 15:28:01";"BOVA11";"BOVAQ195";"V";"4000";"6,26";"4,23";"4,26";"-0,4315";"0,0306";"4,26";"23,0612";"8000"
"14/04/2026 15:28:01";"BOVA11";"BOVAQ164";"C";"10000";"1,75";"0,19";"0,2";"-0,0273";"0,0033";"0,2";"3,693";"-15600"
"14/04/2026 15:28:01";"PRIO3";"PRIOD750";"C";"1000";"0,41";"0,34";"0,37";"0,1243";"0,0328";"0,37";"1,9308";"-70"
"14/04/2026 15:28:01";"PRIO3";"PRIOE515";"V";"1700";"16,64";"16,16";"16,32";"0,9131";"0,0108";"16,66";"3,1934";"544"
"14/04/2026 15:28:01";"PRIO3";"PRIOQ720";"V";"1700";"4,87";"7,36";"7,48";"-0,6069";"0,0336";"7,1";"7,7646";"-4437"
"14/04/2026 15:28:01";"PRIO3";"PRIOP600";"C";"1700";"0,46";"0,43";"0,46";"-0,1271";"0,0306";"0,45";"1,9613";"-51"
"14/04/2026 15:28:01";"SMAL11";"SMALD139";"C";"1800";"0,2158";"0,02";"0,04";"0,0085";"0,0042";"0,02";"0,407";"-352,44"
"14/04/2026 15:28:01";"SMAL11";"SMALE119";"V";"1600";"7,56";"8,71";"8,79";"0,8645";"0,0314";"7,72";"8,1963";"-1968"
"14/04/2026 15:28:01";"SMAL11";"SMALQ119";"V";"1600";"2,35";"1,97";"2,01";"-0,2605";"0,0258";"2,09";"12,2274";"544"
"14/04/2026 15:28:01";"SMAL11";"SMALP970";"C";"1800";"0,37";"0";"0";"-0,0017";"0,0005";"0,01";"0,0967";"-666"
"14/04/2026 15:28:01";"SBSP3";"SBSPE175";"C";"2300";"1,48";"3,73";"3,94";"0,413";"0,0275";"4,04";"19,844";"5175"
"14/04/2026 15:28:01";"SBSP3";"SBSPE155";"V";"1200";"7,87";"16,35";"17,46";"0,9";"0,013";"16,61";"8,9426";"-11508"
"14/04/2026 15:28:01";"SBSP3";"SBSPQ166";"V";"1200";"4,61";"3,68";"3,79";"-0,3481";"0,0246";"3,68";"18,8364";"984"
"14/04/2026 15:28:01";"SBSP3";"SBSPQ131";"C";"2300";"0,96";"0,21";"0,38";"-0,0301";"0,0027";"0,31";"3,4794";"-1725"
"14/04/2026 15:33:07";"EMBJ3";"EMBJE868";"C";"7000";"1,38";"4,84";"4,93";"0,5909";"0,039";"4,85";"10,2557";"24220"
"14/04/2026 15:33:07";"EMBJ3";"EMBJE704";"V";"4000";"8,35";"0";"21,03";"0,982";"0,0043";"18,55";"1,1667";"-50720"
"14/04/2026 15:33:07";"EMBJ3";"EMBJQ878";"V";"4000";"4,85";"3,72";"3,82";"-0,4484";"0,0308";"4,74";"10,442";"4120"
"14/04/2026 15:33:07";"EMBJ3";"EMBJQ660";"C";"7000";"1,3";"0,14";"0,17";"-0,0322";"0,0048";"0,2";"1,9043";"-8120"
"14/04/2026 15:33:07";"BOVA11";"BOVAE195";"C";"5000";"1,74";"5,69";"5,72";"0,5739";"0,033";"5,7";"23,0109";"19750"
"14/04/2026 15:33:07";"BOVA11";"BOVAE166";"V";"4000";"26,445";"30,27";"30,38";"1";"0";"30,42";"0";"-15740"
"14/04/2026 15:33:07";"BOVA11";"BOVAQ195";"V";"4000";"6,26";"4,23";"4,26";"-0,4315";"0,0306";"4,26";"23,0612";"8000"
"14/04/2026 15:33:07";"BOVA11";"BOVAQ164";"C";"10000";"1,75";"0,19";"0,2";"-0,0273";"0,0033";"0,2";"3,693";"-15600"
"14/04/2026 15:33:07";"PRIO3";"PRIOD750";"C";"1000";"0,41";"0,34";"0,37";"0,1243";"0,0328";"0,37";"1,9308";"-70"
"14/04/2026 15:33:07";"PRIO3";"PRIOE515";"V";"1700";"16,64";"16,16";"16,32";"0,9131";"0,0108";"16,66";"3,1934";"544"
"14/04/2026 15:33:07";"PRIO3";"PRIOQ720";"V";"1700";"4,87";"7,36";"7,48";"-0,6069";"0,0336";"7,1";"7,7646";"-4437"
"14/04/2026 15:33:07";"PRIO3";"PRIOP600";"C";"1700";"0,46";"0,43";"0,46";"-0,1271";"0,0306";"0,45";"1,9613";"-51"
"14/04/2026 15:33:07";"SMAL11";"SMALD139";"C";"1800";"0,2158";"0,02";"0,04";"0,0085";"0,0042";"0,02";"0,407";"-352,44"
"14/04/2026 15:33:07";"SMAL11";"SMALE119";"V";"1600";"7,56";"8,71";"8,79";"0,8645";"0,0314";"7,72";"8,1963";"-1968"
"14/04/2026 15:33:07";"SMAL11";"SMALQ119";"V";"1600";"2,35";"1,97";"2,01";"-0,2605";"0,0258";"2,09";"12,2274";"544"
"14/04/2026 15:33:07";"SMAL11";"SMALP970";"C";"1800";"0,37";"0";"0";"-0,0017";"0,0005";"0,01";"0,0967";"-666"
"14/04/2026 15:33:07";"SBSP3";"SBSPE175";"C";"2300";"1,48";"3,73";"3,94";"0,413";"0,0275";"4,04";"19,844";"5175"
"14/04/2026 15:33:07";"SBSP3";"SBSPE155";"V";"1200";"7,87";"16,35";"17,46";"0,9";"0,013";"16,61";"8,9426";"-11508"
"14/04/2026 15:33:07";"SBSP3";"SBSPQ166";"V";"1200";"4,61";"3,68";"3,79";"-0,3481";"0,0246";"3,68";"18,8364";"984"
"14/04/2026 15:33:07";"SBSP3";"SBSPQ131";"C";"2300";"0,96";"0,21";"0,38";"-0,0301";"0,0027";"0,31";"3,4794";"-1725"
"14/04/2026 15:38:13";"EMBJ3";"EMBJE868";"C";"7000";"1,38";"4,84";"4,93";"0,5909";"0,039";"4,85";"10,2557";"24220"
"14/04/2026 15:38:13";"EMBJ3";"EMBJE704";"V";"4000";"8,35";"0";"21,03";"0,982";"0,0043";"18,55";"1,1667";"-50720"
"14/04/2026 15:38:13";"EMBJ3";"EMBJQ878";"V";"4000";"4,85";"3,72";"3,82";"-0,4484";"0,0308";"4,74";"10,442";"4120"
"14/04/2026 15:38:13";"EMBJ3";"EMBJQ660";"C";"7000";"1,3";"0,14";"0,17";"-0,0322";"0,0048";"0,2";"1,9043";"-8120"
"14/04/2026 15:38:13";"BOVA11";"BOVAE195";"C";"5000";"1,74";"5,69";"5,72";"0,5739";"0,033";"5,7";"23,0109";"19750"
"14/04/2026 15:38:13";"BOVA11";"BOVAE166";"V";"4000";"26,445";"30,27";"30,38";"1";"0";"30,42";"0";"-15740"
"14/04/2026 15:38:13";"BOVA11";"BOVAQ195";"V";"4000";"6,26";"4,23";"4,26";"-0,4315";"0,0306";"4,26";"23,0612";"8000"
"14/04/2026 15:38:13";"BOVA11";"BOVAQ164";"C";"10000";"1,75";"0,19";"0,2";"-0,0273";"0,0033";"0,2";"3,693";"-15600"
"14/04/2026 15:38:13";"PRIO3";"PRIOD750";"C";"1000";"0,41";"0,34";"0,37";"0,1243";"0,0328";"0,37";"1,9308";"-70"
"14/04/2026 15:38:13";"PRIO3";"PRIOE515";"V";"1700";"16,64";"16,16";"16,32";"0,9131";"0,0108";"16,66";"3,1934";"544"
"14/04/2026 15:38:13";"PRIO3";"PRIOQ720";"V";"1700";"4,87";"7,36";"7,48";"-0,6069";"0,0336";"7,1";"7,7646";"-4437"
"14/04/2026 15:38:13";"PRIO3";"PRIOP600";"C";"1700";"0,46";"0,43";"0,46";"-0,1271";"0,0306";"0,45";"1,9613";"-51"
"14/04/2026 15:38:13";"SMAL11";"SMALD139";"C";"1800";"0,2158";"0,02";"0,04";"0,0085";"0,0042";"0,02";"0,407";"-352,44"
"14/04/2026 15:38:13";"SMAL11";"SMALE119";"V";"1600";"7,56";"8,71";"8,79";"0,8645";"0,0314";"7,72";"8,1963";"-1968"
"14/04/2026 15:38:13";"SMAL11";"SMALQ119";"V";"1600";"2,35";"1,97";"2,01";"-0,2605";"0,0258";"2,09";"12,2274";"544"
"14/04/2026 15:38:13";"SMAL11";"SMALP970";"C";"1800";"0,37";"0";"0";"-0,0017";"0,0005";"0,01";"0,0967";"-666"
"14/04/2026 15:38:13";"SBSP3";"SBSPE175";"C";"2300";"1,48";"3,73";"3,94";"0,413";"0,0275";"4,04";"19,844";"5175"
"14/04/2026 15:38:13";"SBSP3";"SBSPE155";"V";"1200";"7,87";"16,35";"17,46";"0,9";"0,013";"16,61";"8,9426";"-11508"
"14/04/2026 15:38:13";"SBSP3";"SBSPQ166";"V";"1200";"4,61";"3,68";"3,79";"-0,3481";"0,0246";"3,68";"18,8364";"984"
"14/04/2026 15:38:13";"SBSP3";"SBSPQ131";"C";"2300";"0,96";"0,21";"0,38";"-0,0301";"0,0027";"0,31";"3,4794";"-1725"
"14/04/2026 15:43:18";"EMBJ3";"EMBJE868";"C";"7000";"1,38";"4,84";"4,93";"0,5909";"0,039";"4,85";"10,2557";"24220"
"14/04/2026 15:43:18";"EMBJ3";"EMBJE704";"V";"4000";"8,35";"0";"21,03";"0,982";"0,0043";"18,55";"1,1667";"-50720"
"14/04/2026 15:43:18";"EMBJ3";"EMBJQ878";"V";"4000";"4,85";"3,72";"3,82";"-0,4484";"0,0308";"4,74";"10,442";"4120"
"14/04/2026 15:43:18";"EMBJ3";"EMBJQ660";"C";"7000";"1,3";"0,14";"0,17";"-0,0322";"0,0048";"0,2";"1,9043";"-8120"
"14/04/2026 15:43:18";"BOVA11";"BOVAE195";"C";"5000";"1,74";"5,69";"5,72";"0,5739";"0,033";"5,7";"23,0109";"19750"
"14/04/2026 15:43:18";"BOVA11";"BOVAE166";"V";"4000";"26,445";"30,27";"30,38";"1";"0";"30,42";"0";"-15740"
"14/04/2026 15:43:18";"BOVA11";"BOVAQ195";"V";"4000";"6,26";"4,23";"4,26";"-0,4315";"0,0306";"4,26";"23,0612";"8000"
"14/04/2026 15:43:18";"BOVA11";"BOVAQ164";"C";"10000";"1,75";"0,19";"0,2";"-0,0273";"0,0033";"0,2";"3,693";"-15600"
"14/04/2026 15:43:18";"PRIO3";"PRIOD750";"C";"1000";"0,41";"0,34";"0,37";"0,1243";"0,0328";"0,37";"1,9308";"-70"
"14/04/2026 15:43:18";"PRIO3";"PRIOE515";"V";"1700";"16,64";"16,16";"16,32";"0,9131";"0,0108";"16,66";"3,1934";"544"
"14/04/2026 15:43:18";"PRIO3";"PRIOQ720";"V";"1700";"4,87";"7,36";"7,48";"-0,6069";"0,0336";"7,1";"7,7646";"-4437"
"14/04/2026 15:43:18";"PRIO3";"PRIOP600";"C";"1700";"0,46";"0,43";"0,46";"-0,1271";"0,0306";"0,45";"1,9613";"-51"
"14/04/2026 15:43:18";"SMAL11";"SMALD139";"C";"1800";"0,2158";"0,02";"0,04";"0,0085";"0,0042";"0,02";"0,407";"-352,44"
"14/04/2026 15:43:18";"SMAL11";"SMALE119";"V";"1600";"7,56";"8,71";"8,79";"0,8645";"0,0314";"7,72";"8,1963";"-1968"
"14/04/2026 15:43:18";"SMAL11";"SMALQ119";"V";"1600";"2,35";"1,97";"2,01";"-0,2605";"0,0258";"2,09";"12,2274";"544"
"14/04/2026 15:43:18";"SMAL11";"SMALP970";"C";"1800";"0,37";"0";"0";"-0,0017";"0,0005";"0,01";"0,0967";"-666"
"14/04/2026 15:43:18";"SBSP3";"SBSPE175";"C";"2300";"1,48";"3,73";"3,94";"0,413";"0,0275";"4,04";"19,844";"5175"
"14/04/2026 15:43:18";"SBSP3";"SBSPE155";"V";"1200";"7,87";"16,35";"17,46";"0,9";"0,013";"16,61";"8,9426";"-11508"
"14/04/2026 15:43:18";"SBSP3";"SBSPQ166";"V";"1200";"4,61";"3,68";"3,79";"-0,3481";"0,0246";"3,68";"18,8364";"984"
"14/04/2026 15:43:18";"SBSP3";"SBSPQ131";"C";"2300";"0,96";"0,21";"0,38";"-0,0301";"0,0027";"0,31";"3,4794";"-1725"
"14/04/2026 15:48:24";"EMBJ3";"EMBJE868";"C";"7000";"1,38";"4,84";"4,93";"0,5909";"0,039";"4,85";"10,2557";"24220"
"14/04/2026 15:48:24";"EMBJ3";"EMBJE704";"V";"4000";"8,35";"0";"21,03";"0,982";"0,0043";"18,55";"1,1667";"-50720"
"14/04/2026 15:48:24";"EMBJ3";"EMBJQ878";"V";"4000";"4,85";"3,72";"3,82";"-0,4484";"0,0308";"4,74";"10,442";"4120"
"14/04/2026 15:48:24";"EMBJ3";"EMBJQ660";"C";"7000";"1,3";"0,14";"0,17";"-0,0322";"0,0048";"0,2";"1,9043";"-8120"
"14/04/2026 15:48:24";"BOVA11";"BOVAE195";"C";"5000";"1,74";"5,69";"5,72";"0,5739";"0,033";"5,7";"23,0109";"19750"
"14/04/2026 15:48:24";"BOVA11";"BOVAE166";"V";"4000";"26,445";"30,27";"30,38";"1";"0";"30,42";"0";"-15740"
"14/04/2026 15:48:24";"BOVA11";"BOVAQ195";"V";"4000";"6,26";"4,23";"4,26";"-0,4315";"0,0306";"4,26";"23,0612";"8000"
"14/04/2026 15:48:24";"BOVA11";"BOVAQ164";"C";"10000";"1,75";"0,19";"0,2";"-0,0273";"0,0033";"0,2";"3,693";"-15600"
"14/04/2026 15:48:24";"PRIO3";"PRIOD750";"C";"1000";"0,41";"0,34";"0,37";"0,1243";"0,0328";"0,37";"1,9308";"-70"
"14/04/2026 15:48:24";"PRIO3";"PRIOE515";"V";"1700";"16,64";"16,16";"16,32";"0,9131";"0,0108";"16,66";"3,1934";"544"
"14/04/2026 15:48:24";"PRIO3";"PRIOQ720";"V";"1700";"4,87";"7,36";"7,48";"-0,6069";"0,0336";"7,1";"7,7646";"-4437"
"14/04/2026 15:48:24";"PRIO3";"PRIOP600";"C";"1700";"0,46";"0,43";"0,46";"-0,1271";"0,0306";"0,45";"1,9613";"-51"
"14/04/2026 15:48:24";"SMAL11";"SMALD139";"C";"1800";"0,2158";"0,02";"0,04";"0,0085";"0,0042";"0,02";"0,407";"-352,44"
"14/04/2026 15:48:24";"SMAL11";"SMALE119";"V";"1600";"7,56";"8,71";"8,79";"0,8645";"0,0314";"7,72";"8,1963";"-1968"
"14/04/2026 15:48:24";"SMAL11";"SMALQ119";"V";"1600";"2,35";"1,97";"2,01";"-0,2605";"0,0258";"2,09";"12,2274";"544"
"14/04/2026 15:48:24";"SMAL11";"SMALP970";"C";"1800";"0,37";"0";"0";"-0,0017";"0,0005";"0,01";"0,0967";"-666"
"14/04/2026 15:48:24";"SBSP3";"SBSPE175";"C";"2300";"1,48";"3,73";"3,94";"0,413";"0,0275";"4,04";"19,844";"5175"
"14/04/2026 15:48:24";"SBSP3";"SBSPE155";"V";"1200";"7,87";"16,35";"17,46";"0,9";"0,013";"16,61";"8,9426";"-11508"
"14/04/2026 15:48:24";"SBSP3";"SBSPQ166";"V";"1200";"4,61";"3,68";"3,79";"-0,3481";"0,0246";"3,68";"18,8364";"984"
"14/04/2026 15:48:24";"SBSP3";"SBSPQ131";"C";"2300";"0,96";"0,21";"0,38";"-0,0301";"0,0027";"0,31";"3,4794";"-1725"
"14/04/2026 15:53:30";"EMBJ3";"EMBJE868";"C";"7000";"1,38";"4,84";"4,93";"0,5909";"0,039";"4,85";"10,2557";"24220"
"14/04/2026 15:53:30";"EMBJ3";"EMBJE704";"V";"4000";"8,35";"0";"21,03";"0,982";"0,0043";"18,55";"1,1667";"-50720"
"14/04/2026 15:53:30";"EMBJ3";"EMBJQ878";"V";"4000";"4,85";"3,72";"3,82";"-0,4484";"0,0308";"4,74";"10,442";"4120"
"14/04/2026 15:53:30";"EMBJ3";"EMBJQ660";"C";"7000";"1,3";"0,14";"0,17";"-0,0322";"0,0048";"0,2";"1,9043";"-8120"
"14/04/2026 15:53:30";"BOVA11";"BOVAE195";"C";"5000";"1,74";"5,69";"5,72";"0,5739";"0,033";"5,7";"23,0109";"19750"
"14/04/2026 15:53:30";"BOVA11";"BOVAE166";"V";"4000";"26,445";"30,27";"30,38";"1";"0";"30,42";"0";"-15740"
"14/04/2026 15:53:30";"BOVA11";"BOVAQ195";"V";"4000";"6,26";"4,23";"4,26";"-0,4315";"0,0306";"4,26";"23,0612";"8000"
"14/04/2026 15:53:30";"BOVA11";"BOVAQ164";"C";"10000";"1,75";"0,19";"0,2";"-0,0273";"0,0033";"0,2";"3,693";"-15600"
"14/04/2026 15:53:30";"PRIO3";"PRIOD750";"C";"1000";"0,41";"0,34";"0,37";"0,1243";"0,0328";"0,37";"1,9308";"-70"
"14/04/2026 15:53:30";"PRIO3";"PRIOE515";"V";"1700";"16,64";"16,16";"16,32";"0,9131";"0,0108";"16,66";"3,1934";"544"
"14/04/2026 15:53:30";"PRIO3";"PRIOQ720";"V";"1700";"4,87";"7,36";"7,48";"-0,6069";"0,0336";"7,1";"7,7646";"-4437"
"14/04/2026 15:53:30";"PRIO3";"PRIOP600";"C";"1700";"0,46";"0,43";"0,46";"-0,1271";"0,0306";"0,45";"1,9613";"-51"
"14/04/2026 15:53:30";"SMAL11";"SMALD139";"C";"1800";"0,2158";"0,02";"0,04";"0,0085";"0,0042";"0,02";"0,407";"-352,44"
"14/04/2026 15:53:30";"SMAL11";"SMALE119";"V";"1600";"7,56";"8,71";"8,79";"0,8645";"0,0314";"7,72";"8,1963";"-1968"
"14/04/2026 15:53:30";"SMAL11";"SMALQ119";"V";"1600";"2,35";"1,97";"2,01";"-0,2605";"0,0258";"2,09";"12,2274";"544"
"14/04/2026 15:53:30";"SMAL11";"SMALP970";"C";"1800";"0,37";"0";"0";"-0,0017";"0,0005";"0,01";"0,0967";"-666"
"14/04/2026 15:53:30";"SBSP3";"SBSPE175";"C";"2300";"1,48";"3,73";"3,94";"0,413";"0,0275";"4,04";"19,844";"5175"
"14/04/2026 15:53:30";"SBSP3";"SBSPE155";"V";"1200";"7,87";"16,35";"17,46";"0,9";"0,013";"16,61";"8,9426";"-11508"
"14/04/2026 15:53:30";"SBSP3";"SBSPQ166";"V";"1200";"4,61";"3,68";"3,79";"-0,3481";"0,0246";"3,68";"18,8364";"984"
"14/04/2026 15:53:30";"SBSP3";"SBSPQ131";"C";"2300";"0,96";"0,21";"0,38";"-0,0301";"0,0027";"0,31";"3,4794";"-1725"
"14/04/2026 15:58:36";"EMBJ3";"EMBJE868";"C";"7000";"1,38";"4,84";"4,93";"0,5909";"0,039";"4,85";"10,2557";"24220"
"14/04/2026 15:58:36";"EMBJ3";"EMBJE704";"V";"4000";"8,35";"0";"21,03";"0,982";"0,0043";"18,55";"1,1667";"-50720"
"14/04/2026 15:58:36";"EMBJ3";"EMBJQ878";"V";"4000";"4,85";"3,72";"3,82";"-0,4484";"0,0308";"4,74";"10,442";"4120"
"14/04/2026 15:58:36";"EMBJ3";"EMBJQ660";"C";"7000";"1,3";"0,14";"0,17";"-0,0322";"0,0048";"0,2";"1,9043";"-8120"
"14/04/2026 15:58:36";"BOVA11";"BOVAE195";"C";"5000";"1,74";"5,69";"5,72";"0,5739";"0,033";"5,7";"23,0109";"19750"
"14/04/2026 15:58:36";"BOVA11";"BOVAE166";"V";"4000";"26,445";"30,27";"30,38";"1";"0";"30,42";"0";"-15740"
"14/04/2026 15:58:36";"BOVA11";"BOVAQ195";"V";"4000";"6,26";"4,23";"4,26";"-0,4315";"0,0306";"4,26";"23,0612";"8000"
"14/04/2026 15:58:36";"BOVA11";"BOVAQ164";"C";"10000";"1,75";"0,19";"0,2";"-0,0273";"0,0033";"0,2";"3,693";"-15600"
"14/04/2026 15:58:36";"PRIO3";"PRIOD750";"C";"1000";"0,41";"0,34";"0,37";"0,1243";"0,0328";"0,37";"1,9308";"-70"
"14/04/2026 15:58:36";"PRIO3";"PRIOE515";"V";"1700";"16,64";"16,16";"16,32";"0,9131";"0,0108";"16,66";"3,1934";"544"
"14/04/2026 15:58:36";"PRIO3";"PRIOQ720";"V";"1700";"4,87";"7,36";"7,48";"-0,6069";"0,0336";"7,1";"7,7646";"-4437"
"14/04/2026 15:58:36";"PRIO3";"PRIOP600";"C";"1700";"0,46";"0,43";"0,46";"-0,1271";"0,0306";"0,45";"1,9613";"-51"
"14/04/2026 15:58:36";"SMAL11";"SMALD139";"C";"1800";"0,2158";"0,02";"0,04";"0,0085";"0,0042";"0,02";"0,407";"-352,44"
"14/04/2026 15:58:36";"SMAL11";"SMALE119";"V";"1600";"7,56";"8,71";"8,79";"0,8645";"0,0314";"7,72";"8,1963";"-1968"
"14/04/2026 15:58:36";"SMAL11";"SMALQ119";"V";"1600";"2,35";"1,97";"2,01";"-0,2605";"0,0258";"2,09";"12,2274";"544"
"14/04/2026 15:58:36";"SMAL11";"SMALP970";"C";"1800";"0,37";"0";"0";"-0,0017";"0,0005";"0,01";"0,0967";"-666"
"14/04/2026 15:58:36";"SBSP3";"SBSPE175";"C";"2300";"1,48";"3,73";"3,94";"0,413";"0,0275";"4,04";"19,844";"5175"
"14/04/2026 15:58:36";"SBSP3";"SBSPE155";"V";"1200";"7,87";"16,35";"17,46";"0,9";"0,013";"16,61";"8,9426";"-11508"
"14/04/2026 15:58:36";"SBSP3";"SBSPQ166";"V";"1200";"4,61";"3,68";"3,79";"-0,3481";"0,0246";"3,68";"18,8364";"984"
"14/04/2026 15:58:36";"SBSP3";"SBSPQ131";"C";"2300";"0,96";"0,21";"0,38";"-0,0301";"0,0027";"0,31";"3,4794";"-1725"
"14/04/2026 16:03:42";"EMBJ3";"EMBJE868";"C";"7000";"1,38";"4,84";"4,93";"0,5909";"0,039";"4,85";"10,2557";"24220"
"14/04/2026 16:03:42";"EMBJ3";"EMBJE704";"V";"4000";"8,35";"0";"21,03";"0,982";"0,0043";"18,55";"1,1667";"-50720"
"14/04/2026 16:03:42";"EMBJ3";"EMBJQ878";"V";"4000";"4,85";"3,72";"3,82";"-0,4484";"0,0308";"4,74";"10,442";"4120"
"14/04/2026 16:03:42";"EMBJ3";"EMBJQ660";"C";"7000";"1,3";"0,14";"0,17";"-0,0322";"0,0048";"0,2";"1,9043";"-8120"
"14/04/2026 16:03:42";"BOVA11";"BOVAE195";"C";"5000";"1,74";"5,69";"5,72";"0,5739";"0,033";"5,7";"23,0109";"19750"
"14/04/2026 16:03:42";"BOVA11";"BOVAE166";"V";"4000";"26,445";"30,27";"30,38";"1";"0";"30,42";"0";"-15740"
"14/04/2026 16:03:42";"BOVA11";"BOVAQ195";"V";"4000";"6,26";"4,23";"4,26";"-0,4315";"0,0306";"4,26";"23,0612";"8000"
"14/04/2026 16:03:42";"BOVA11";"BOVAQ164";"C";"10000";"1,75";"0,19";"0,2";"-0,0273";"0,0033";"0,2";"3,693";"-15600"
"14/04/2026 16:03:42";"PRIO3";"PRIOD750";"C";"1000";"0,41";"0,34";"0,37";"0,1243";"0,0328";"0,37";"1,9308";"-70"
"14/04/2026 16:03:42";"PRIO3";"PRIOE515";"V";"1700";"16,64";"16,16";"16,32";"0,9131";"0,0108";"16,66";"3,1934";"544"
"14/04/2026 16:03:42";"PRIO3";"PRIOQ720";"V";"1700";"4,87";"7,36";"7,48";"-0,6069";"0,0336";"7,1";"7,7646";"-4437"
"14/04/2026 16:03:42";"PRIO3";"PRIOP600";"C";"1700";"0,46";"0,43";"0,46";"-0,1271";"0,0306";"0,45";"1,9613";"-51"
"14/04/2026 16:03:42";"SMAL11";"SMALD139";"C";"1800";"0,2158";"0,02";"0,04";"0,0085";"0,0042";"0,02";"0,407";"-352,44"
"14/04/2026 16:03:42";"SMAL11";"SMALE119";"V";"1600";"7,56";"8,71";"8,79";"0,8645";"0,0314";"7,72";"8,1963";"-1968"
"14/04/2026 16:03:42";"SMAL11";"SMALQ119";"V";"1600";"2,35";"1,97";"2,01";"-0,2605";"0,0258";"2,09";"12,2274";"544"
"14/04/2026 16:03:42";"SMAL11";"SMALP970";"C";"1800";"0,37";"0";"0";"-0,0017";"0,0005";"0,01";"0,0967";"-666"
"14/04/2026 16:03:42";"SBSP3";"SBSPE175";"C";"2300";"1,48";"3,73";"3,94";"0,413";"0,0275";"4,04";"19,844";"5175"
"14/04/2026 16:03:42";"SBSP3";"SBSPE155";"V";"1200";"7,87";"16,35";"17,46";"0,9";"0,013";"16,61";"8,9426";"-11508"
"14/04/2026 16:03:42";"SBSP3";"SBSPQ166";"V";"1200";"4,61";"3,68";"3,79";"-0,3481";"0,0246";"3,68";"18,8364";"984"
"14/04/2026 16:03:42";"SBSP3";"SBSPQ131";"C";"2300";"0,96";"0,21";"0,38";"-0,0301";"0,0027";"0,31";"3,4794";"-1725"
"14/04/2026 16:08:47";"EMBJ3";"EMBJE868";"C";"7000";"1,38";"4,84";"4,93";"0,5909";"0,039";"4,85";"10,2557";"24220"
"14/04/2026 16:08:47";"EMBJ3";"EMBJE704";"V";"4000";"8,35";"0";"21,03";"0,982";"0,0043";"18,55";"1,1667";"-50720"
"14/04/2026 16:08:47";"EMBJ3";"EMBJQ878";"V";"4000";"4,85";"3,72";"3,82";"-0,4484";"0,0308";"4,74";"10,442";"4120"
"14/04/2026 16:08:47";"EMBJ3";"EMBJQ660";"C";"7000";"1,3";"0,14";"0,17";"-0,0322";"0,0048";"0,2";"1,9043";"-8120"
"14/04/2026 16:08:47";"BOVA11";"BOVAE195";"C";"5000";"1,74";"5,69";"5,72";"0,5739";"0,033";"5,7";"23,0109";"19750"
"14/04/2026 16:08:47";"BOVA11";"BOVAE166";"V";"4000";"26,445";"30,27";"30,38";"1";"0";"30,42";"0";"-15740"
"14/04/2026 16:08:47";"BOVA11";"BOVAQ195";"V";"4000";"6,26";"4,23";"4,26";"-0,4315";"0,0306";"4,26";"23,0612";"8000"
"14/04/2026 16:08:47";"BOVA11";"BOVAQ164";"C";"10000";"1,75";"0,19";"0,2";"-0,0273";"0,0033";"0,2";"3,693";"-15600"
"14/04/2026 16:08:47";"PRIO3";"PRIOD750";"C";"1000";"0,41";"0,34";"0,37";"0,1243";"0,0328";"0,37";"1,9308";"-70"
"14/04/2026 16:08:47";"PRIO3";"PRIOE515";"V";"1700";"16,64";"16,16";"16,32";"0,9131";"0,0108";"16,66";"3,1934";"544"
"14/04/2026 16:08:47";"PRIO3";"PRIOQ720";"V";"1700";"4,87";"7,36";"7,48";"-0,6069";"0,0336";"7,1";"7,7646";"-4437"
"14/04/2026 16:08:47";"PRIO3";"PRIOP600";"C";"1700";"0,46";"0,43";"0,46";"-0,1271";"0,0306";"0,45";"1,9613";"-51"
"14/04/2026 16:08:47";"SMAL11";"SMALD139";"C";"1800";"0,2158";"0,02";"0,04";"0,0085";"0,0042";"0,02";"0,407";"-352,44"
"14/04/2026 16:08:47";"SMAL11";"SMALE119";"V";"1600";"7,56";"8,71";"8,79";"0,8645";"0,0314";"7,72";"8,1963";"-1968"
"14/04/2026 16:08:47";"SMAL11";"SMALQ119";"V";"1600";"2,35";"1,97";"2,01";"-0,2605";"0,0258";"2,09";"12,2274";"544"
"14/04/2026 16:08:47";"SMAL11";"SMALP970";"C";"1800";"0,37";"0";"0";"-0,0017";"0,0005";"0,01";"0,0967";"-666"
"14/04/2026 16:08:47";"SBSP3";"SBSPE175";"C";"2300";"1,48";"3,73";"3,94";"0,413";"0,0275";"4,04";"19,844";"5175"
"14/04/2026 16:08:47";"SBSP3";"SBSPE155";"V";"1200";"7,87";"16,35";"17,46";"0,9";"0,013";"16,61";"8,9426";"-11508"
"14/04/2026 16:08:47";"SBSP3";"SBSPQ166";"V";"1200";"4,61";"3,68";"3,79";"-0,3481";"0,0246";"3,68";"18,8364";"984"
"14/04/2026 16:08:47";"SBSP3";"SBSPQ131";"C";"2300";"0,96";"0,21";"0,38";"-0,0301";"0,0027";"0,31";"3,4794";"-1725"
"14/04/2026 16:13:53";"EMBJ3";"EMBJE868";"C";"7000";"1,38";"4,84";"4,93";"0,5909";"0,039";"4,85";"10,2557";"24220"
"14/04/2026 16:13:53";"EMBJ3";"EMBJE704";"V";"4000";"8,35";"0";"21,03";"0,982";"0,0043";"18,55";"1,1667";"-50720"
"14/04/2026 16:13:53";"EMBJ3";"EMBJQ878";"V";"4000";"4,85";"3,72";"3,82";"-0,4484";"0,0308";"4,74";"10,442";"4120"
"14/04/2026 16:13:53";"EMBJ3";"EMBJQ660";"C";"7000";"1,3";"0,14";"0,17";"-0,0322";"0,0048";"0,2";"1,9043";"-8120"
"14/04/2026 16:13:53";"BOVA11";"BOVAE195";"C";"5000";"1,74";"5,69";"5,72";"0,5739";"0,033";"5,7";"23,0109";"19750"
"14/04/2026 16:13:53";"BOVA11";"BOVAE166";"V";"4000";"26,445";"30,27";"30,38";"1";"0";"30,42";"0";"-15740"
"14/04/2026 16:13:53";"BOVA11";"BOVAQ195";"V";"4000";"6,26";"4,23";"4,26";"-0,4315";"0,0306";"4,26";"23,0612";"8000"
"14/04/2026 16:13:53";"BOVA11";"BOVAQ164";"C";"10000";"1,75";"0,19";"0,2";"-0,0273";"0,0033";"0,2";"3,693";"-15600"
"14/04/2026 16:13:53";"PRIO3";"PRIOD750";"C";"1000";"0,41";"0,34";"0,37";"0,1243";"0,0328";"0,37";"1,9308";"-70"
"14/04/2026 16:13:53";"PRIO3";"PRIOE515";"V";"1700";"16,64";"16,16";"16,32";"0,9131";"0,0108";"16,66";"3,1934";"544"
"14/04/2026 16:13:53";"PRIO3";"PRIOQ720";"V";"1700";"4,87";"7,36";"7,48";"-0,6069";"0,0336";"7,1";"7,7646";"-4437"
"14/04/2026 16:13:53";"PRIO3";"PRIOP600";"C";"1700";"0,46";"0,43";"0,46";"-0,1271";"0,0306";"0,45";"1,9613";"-51"
"14/04/2026 16:13:53";"SMAL11";"SMALD139";"C";"1800";"0,2158";"0,02";"0,04";"0,0085";"0,0042";"0,02";"0,407";"-352,44"
"14/04/2026 16:13:53";"SMAL11";"SMALE119";"V";"1600";"7,56";"8,71";"8,79";"0,8645";"0,0314";"7,72";"8,1963";"-1968"
"14/04/2026 16:13:53";"SMAL11";"SMALQ119";"V";"1600";"2,35";"1,97";"2,01";"-0,2605";"0,0258";"2,09";"12,2274";"544"
"14/04/2026 16:13:53";"SMAL11";"SMALP970";"C";"1800";"0,37";"0";"0";"-0,0017";"0,0005";"0,01";"0,0967";"-666"
"14/04/2026 16:13:53";"SBSP3";"SBSPE175";"C";"2300";"1,48";"3,73";"3,94";"0,413";"0,0275";"4,04";"19,844";"5175"
"14/04/2026 16:13:53";"SBSP3";"SBSPE155";"V";"1200";"7,87";"16,35";"17,46";"0,9";"0,013";"16,61";"8,9426";"-11508"
"14/04/2026 16:13:53";"SBSP3";"SBSPQ166";"V";"1200";"4,61";"3,68";"3,79";"-0,3481";"0,0246";"3,68";"18,8364";"984"
"14/04/2026 16:13:53";"SBSP3";"SBSPQ131";"C";"2300";"0,96";"0,21";"0,38";"-0,0301";"0,0027";"0,31";"3,4794";"-1725"
"14/04/2026 16:18:59";"EMBJ3";"EMBJE868";"C";"7000";"1,38";"4,84";"4,93";"0,5909";"0,039";"4,85";"10,2557";"24220"
"14/04/2026 16:18:59";"EMBJ3";"EMBJE704";"V";"4000";"8,35";"0";"21,03";"0,982";"0,0043";"18,55";"1,1667";"-50720"
"14/04/2026 16:18:59";"EMBJ3";"EMBJQ878";"V";"4000";"4,85";"3,72";"3,82";"-0,4484";"0,0308";"4,74";"10,442";"4120"
"14/04/2026 16:18:59";"EMBJ3";"EMBJQ660";"C";"7000";"1,3";"0,14";"0,17";"-0,0322";"0,0048";"0,2";"1,9043";"-8120"
"14/04/2026 16:18:59";"BOVA11";"BOVAE195";"C";"5000";"1,74";"5,69";"5,72";"0,5739";"0,033";"5,7";"23,0109";"19750"
"14/04/2026 16:18:59";"BOVA11";"BOVAE166";"V";"4000";"26,445";"30,27";"30,38";"1";"0";"30,42";"0";"-15740"
"14/04/2026 16:18:59";"BOVA11";"BOVAQ195";"V";"4000";"6,26";"4,23";"4,26";"-0,4315";"0,0306";"4,26";"23,0612";"8000"
"14/04/2026 16:18:59";"BOVA11";"BOVAQ164";"C";"10000";"1,75";"0,19";"0,2";"-0,0273";"0,0033";"0,2";"3,693";"-15600"
"14/04/2026 16:18:59";"PRIO3";"PRIOD750";"C";"1000";"0,41";"0,34";"0,37";"0,1243";"0,0328";"0,37";"1,9308";"-70"
"14/04/2026 16:18:59";"PRIO3";"PRIOE515";"V";"1700";"16,64";"16,16";"16,32";"0,9131";"0,0108";"16,66";"3,1934";"544"
"14/04/2026 16:18:59";"PRIO3";"PRIOQ720";"V";"1700";"4,87";"7,36";"7,48";"-0,6069";"0,0336";"7,1";"7,7646";"-4437"
"14/04/2026 16:18:59";"PRIO3";"PRIOP600";"C";"1700";"0,46";"0,43";"0,46";"-0,1271";"0,0306";"0,45";"1,9613";"-51"
"14/04/2026 16:18:59";"SMAL11";"SMALD139";"C";"1800";"0,2158";"0,02";"0,04";"0,0085";"0,0042";"0,02";"0,407";"-352,44"
"14/04/2026 16:18:59";"SMAL11";"SMALE119";"V";"1600";"7,56";"8,71";"8,79";"0,8645";"0,0314";"7,72";"8,1963";"-1968"
"14/04/2026 16:18:59";"SMAL11";"SMALQ119";"V";"1600";"2,35";"1,97";"2,01";"-0,2605";"0,0258";"2,09";"12,2274";"544"
"14/04/2026 16:18:59";"SMAL11";"SMALP970";"C";"1800";"0,37";"0";"0";"-0,0017";"0,0005";"0,01";"0,0967";"-666"
"14/04/2026 16:18:59";"SBSP3";"SBSPE175";"C";"2300";"1,48";"3,73";"3,94";"0,413";"0,0275";"4,04";"19,844";"5175"
"14/04/2026 16:18:59";"SBSP3";"SBSPE155";"V";"1200";"7,87";"16,35";"17,46";"0,9";"0,013";"16,61";"8,9426";"-11508"
"14/04/2026 16:18:59";"SBSP3";"SBSPQ166";"V";"1200";"4,61";"3,68";"3,79";"-0,3481";"0,0246";"3,68";"18,8364";"984"
"14/04/2026 16:18:59";"SBSP3";"SBSPQ131";"C";"2300";"0,96";"0,21";"0,38";"-0,0301";"0,0027";"0,31";"3,4794";"-1725"
"14/04/2026 16:24:05";"EMBJ3";"EMBJE868";"C";"7000";"1,38";"4,84";"4,93";"0,5909";"0,039";"4,85";"10,2557";"24220"
"14/04/2026 16:24:05";"EMBJ3";"EMBJE704";"V";"4000";"8,35";"0";"21,03";"0,982";"0,0043";"18,55";"1,1667";"-50720"
"14/04/2026 16:24:05";"EMBJ3";"EMBJQ878";"V";"4000";"4,85";"3,72";"3,82";"-0,4484";"0,0308";"4,74";"10,442";"4120"
"14/04/2026 16:24:05";"EMBJ3";"EMBJQ660";"C";"7000";"1,3";"0,14";"0,17";"-0,0322";"0,0048";"0,2";"1,9043";"-8120"
"14/04/2026 16:24:05";"BOVA11";"BOVAE195";"C";"5000";"1,74";"5,69";"5,72";"0,5739";"0,033";"5,7";"23,0109";"19750"
"14/04/2026 16:24:05";"BOVA11";"BOVAE166";"V";"4000";"26,445";"30,27";"30,38";"1";"0";"30,42";"0";"-15740"
"14/04/2026 16:24:05";"BOVA11";"BOVAQ195";"V";"4000";"6,26";"4,23";"4,26";"-0,4315";"0,0306";"4,26";"23,0612";"8000"
"14/04/2026 16:24:05";"BOVA11";"BOVAQ164";"C";"10000";"1,75";"0,19";"0,2";"-0,0273";"0,0033";"0,2";"3,693";"-15600"
"14/04/2026 16:24:05";"PRIO3";"PRIOD750";"C";"1000";"0,41";"0,34";"0,37";"0,1243";"0,0328";"0,37";"1,9308";"-70"
"14/04/2026 16:24:05";"PRIO3";"PRIOE515";"V";"1700";"16,64";"16,16";"16,32";"0,9131";"0,0108";"16,66";"3,1934";"544"
"14/04/2026 16:24:05";"PRIO3";"PRIOQ720";"V";"1700";"4,87";"7,36";"7,48";"-0,6069";"0,0336";"7,1";"7,7646";"-4437"
"14/04/2026 16:24:05";"PRIO3";"PRIOP600";"C";"1700";"0,46";"0,43";"0,46";"-0,1271";"0,0306";"0,45";"1,9613";"-51"
"14/04/2026 16:24:05";"SMAL11";"SMALD139";"C";"1800";"0,2158";"0,02";"0,04";"0,0085";"0,0042";"0,02";"0,407";"-352,44"
"14/04/2026 16:24:05";"SMAL11";"SMALE119";"V";"1600";"7,56";"8,71";"8,79";"0,8645";"0,0314";"7,72";"8,1963";"-1968"
"14/04/2026 16:24:05";"SMAL11";"SMALQ119";"V";"1600";"2,35";"1,97";"2,01";"-0,2605";"0,0258";"2,09";"12,2274";"544"
"14/04/2026 16:24:05";"SMAL11";"SMALP970";"C";"1800";"0,37";"0";"0";"-0,0017";"0,0005";"0,01";"0,0967";"-666"
"14/04/2026 16:24:05";"SBSP3";"SBSPE175";"C";"2300";"1,48";"3,73";"3,94";"0,413";"0,0275";"4,04";"19,844";"5175"
"14/04/2026 16:24:05";"SBSP3";"SBSPE155";"V";"1200";"7,87";"16,35";"17,46";"0,9";"0,013";"16,61";"8,9426";"-11508"
"14/04/2026 16:24:05";"SBSP3";"SBSPQ166";"V";"1200";"4,61";"3,68";"3,79";"-0,3481";"0,0246";"3,68";"18,8364";"984"
"14/04/2026 16:24:05";"SBSP3";"SBSPQ131";"C";"2300";"0,96";"0,21";"0,38";"-0,0301";"0,0027";"0,31";"3,4794";"-1725"
"14/04/2026 16:29:11";"EMBJ3";"EMBJE868";"C";"7000";"1,38";"4,84";"4,93";"0,5909";"0,039";"4,85";"10,2557";"24220"
"14/04/2026 16:29:11";"EMBJ3";"EMBJE704";"V";"4000";"8,35";"0";"21,03";"0,982";"0,0043";"18,55";"1,1667";"-50720"
"14/04/2026 16:29:11";"EMBJ3";"EMBJQ878";"V";"4000";"4,85";"3,72";"3,82";"-0,4484";"0,0308";"4,74";"10,442";"4120"
"14/04/2026 16:29:11";"EMBJ3";"EMBJQ660";"C";"7000";"1,3";"0,14";"0,17";"-0,0322";"0,0048";"0,2";"1,9043";"-8120"
"14/04/2026 16:29:11";"BOVA11";"BOVAE195";"C";"5000";"1,74";"5,69";"5,72";"0,5739";"0,033";"5,7";"23,0109";"19750"
"14/04/2026 16:29:11";"BOVA11";"BOVAE166";"V";"4000";"26,445";"30,27";"30,38";"1";"0";"30,42";"0";"-15740"
"14/04/2026 16:29:11";"BOVA11";"BOVAQ195";"V";"4000";"6,26";"4,23";"4,26";"-0,4315";"0,0306";"4,26";"23,0612";"8000"
"14/04/2026 16:29:11";"BOVA11";"BOVAQ164";"C";"10000";"1,75";"0,19";"0,2";"-0,0273";"0,0033";"0,2";"3,693";"-15600"
"14/04/2026 16:29:11";"PRIO3";"PRIOD750";"C";"1000";"0,41";"0,34";"0,37";"0,1243";"0,0328";"0,37";"1,9308";"-70"
"14/04/2026 16:29:11";"PRIO3";"PRIOE515";"V";"1700";"16,64";"16,16";"16,32";"0,9131";"0,0108";"16,66";"3,1934";"544"
"14/04/2026 16:29:11";"PRIO3";"PRIOQ720";"V";"1700";"4,87";"7,36";"7,48";"-0,6069";"0,0336";"7,1";"7,7646";"-4437"
"14/04/2026 16:29:11";"PRIO3";"PRIOP600";"C";"1700";"0,46";"0,43";"0,46";"-0,1271";"0,0306";"0,45";"1,9613";"-51"
"14/04/2026 16:29:11";"SMAL11";"SMALD139";"C";"1800";"0,2158";"0,02";"0,04";"0,0085";"0,0042";"0,02";"0,407";"-352,44"
"14/04/2026 16:29:11";"SMAL11";"SMALE119";"V";"1600";"7,56";"8,71";"8,79";"0,8645";"0,0314";"7,72";"8,1963";"-1968"
"14/04/2026 16:29:11";"SMAL11";"SMALQ119";"V";"1600";"2,35";"1,97";"2,01";"-0,2605";"0,0258";"2,09";"12,2274";"544"
"14/04/2026 16:29:11";"SMAL11";"SMALP970";"C";"1800";"0,37";"0";"0";"-0,0017";"0,0005";"0,01";"0,0967";"-666"
"14/04/2026 16:29:11";"SBSP3";"SBSPE175";"C";"2300";"1,48";"3,73";"3,94";"0,413";"0,0275";"4,04";"19,844";"5175"
"14/04/2026 16:29:11";"SBSP3";"SBSPE155";"V";"1200";"7,87";"16,35";"17,46";"0,9";"0,013";"16,61";"8,9426";"-11508"
"14/04/2026 16:29:11";"SBSP3";"SBSPQ166";"V";"1200";"4,61";"3,68";"3,79";"-0,3481";"0,0246";"3,68";"18,8364";"984"
"14/04/2026 16:29:11";"SBSP3";"SBSPQ131";"C";"2300";"0,96";"0,21";"0,38";"-0,0301";"0,0027";"0,31";"3,4794";"-1725"
"14/04/2026 16:34:17";"EMBJ3";"EMBJE868";"C";"7000";"1,38";"4,84";"4,93";"0,5909";"0,039";"4,85";"10,2557";"24220"
"14/04/2026 16:34:17";"EMBJ3";"EMBJE704";"V";"4000";"8,35";"0";"21,03";"0,982";"0,0043";"18,55";"1,1667";"-50720"
"14/04/2026 16:34:17";"EMBJ3";"EMBJQ878";"V";"4000";"4,85";"3,72";"3,82";"-0,4484";"0,0308";"4,74";"10,442";"4120"
"14/04/2026 16:34:17";"EMBJ3";"EMBJQ660";"C";"7000";"1,3";"0,14";"0,17";"-0,0322";"0,0048";"0,2";"1,9043";"-8120"
"14/04/2026 16:34:17";"BOVA11";"BOVAE195";"C";"5000";"1,74";"5,69";"5,72";"0,5739";"0,033";"5,7";"23,0109";"19750"
"14/04/2026 16:34:17";"BOVA11";"BOVAE166";"V";"4000";"26,445";"30,27";"30,38";"1";"0";"30,42";"0";"-15740"
"14/04/2026 16:34:17";"BOVA11";"BOVAQ195";"V";"4000";"6,26";"4,23";"4,26";"-0,4315";"0,0306";"4,26";"23,0612";"8000"
"14/04/2026 16:34:17";"BOVA11";"BOVAQ164";"C";"10000";"1,75";"0,19";"0,2";"-0,0273";"0,0033";"0,2";"3,693";"-15600"
"14/04/2026 16:34:17";"PRIO3";"PRIOD750";"C";"1000";"0,41";"0,34";"0,37";"0,1243";"0,0328";"0,37";"1,9308";"-70"
"14/04/2026 16:34:17";"PRIO3";"PRIOE515";"V";"1700";"16,64";"16,16";"16,32";"0,9131";"0,0108";"16,66";"3,1934";"544"
"14/04/2026 16:34:17";"PRIO3";"PRIOQ720";"V";"1700";"4,87";"7,36";"7,48";"-0,6069";"0,0336";"7,1";"7,7646";"-4437"
"14/04/2026 16:34:17";"PRIO3";"PRIOP600";"C";"1700";"0,46";"0,43";"0,46";"-0,1271";"0,0306";"0,45";"1,9613";"-51"
"14/04/2026 16:34:17";"SMAL11";"SMALD139";"C";"1800";"0,2158";"0,02";"0,04";"0,0085";"0,0042";"0,02";"0,407";"-352,44"
"14/04/2026 16:34:17";"SMAL11";"SMALE119";"V";"1600";"7,56";"8,71";"8,79";"0,8645";"0,0314";"7,72";"8,1963";"-1968"
"14/04/2026 16:34:17";"SMAL11";"SMALQ119";"V";"1600";"2,35";"1,97";"2,01";"-0,2605";"0,0258";"2,09";"12,2274";"544"
"14/04/2026 16:34:17";"SMAL11";"SMALP970";"C";"1800";"0,37";"0";"0";"-0,0017";"0,0005";"0,01";"0,0967";"-666"
"14/04/2026 16:34:17";"SBSP3";"SBSPE175";"C";"2300";"1,48";"3,73";"3,94";"0,413";"0,0275";"4,04";"19,844";"5175"
"14/04/2026 16:34:17";"SBSP3";"SBSPE155";"V";"1200";"7,87";"16,35";"17,46";"0,9";"0,013";"16,61";"8,9426";"-11508"
"14/04/2026 16:34:17";"SBSP3";"SBSPQ166";"V";"1200";"4,61";"3,68";"3,79";"-0,3481";"0,0246";"3,68";"18,8364";"984"
"14/04/2026 16:34:17";"SBSP3";"SBSPQ131";"C";"2300";"0,96";"0,21";"0,38";"-0,0301";"0,0027";"0,31";"3,4794";"-1725"
"14/04/2026 16:39:23";"EMBJ3";"EMBJE868";"C";"7000";"1,38";"4,84";"4,93";"0,5909";"0,039";"4,85";"10,2557";"24220"
"14/04/2026 16:39:23";"EMBJ3";"EMBJE704";"V";"4000";"8,35";"0";"21,03";"0,982";"0,0043";"18,55";"1,1667";"-50720"
"14/04/2026 16:39:23";"EMBJ3";"EMBJQ878";"V";"4000";"4,85";"3,72";"3,82";"-0,4484";"0,0308";"4,74";"10,442";"4120"
"14/04/2026 16:39:23";"EMBJ3";"EMBJQ660";"C";"7000";"1,3";"0,14";"0,17";"-0,0322";"0,0048";"0,2";"1,9043";"-8120"
"14/04/2026 16:39:23";"BOVA11";"BOVAE195";"C";"5000";"1,74";"5,69";"5,72";"0,5739";"0,033";"5,7";"23,0109";"19750"
"14/04/2026 16:39:23";"BOVA11";"BOVAE166";"V";"4000";"26,445";"30,27";"30,38";"1";"0";"30,42";"0";"-15740"
"14/04/2026 16:39:23";"BOVA11";"BOVAQ195";"V";"4000";"6,26";"4,23";"4,26";"-0,4315";"0,0306";"4,26";"23,0612";"8000"
"14/04/2026 16:39:23";"BOVA11";"BOVAQ164";"C";"10000";"1,75";"0,19";"0,2";"-0,0273";"0,0033";"0,2";"3,693";"-15600"
"14/04/2026 16:39:23";"PRIO3";"PRIOD750";"C";"1000";"0,41";"0,34";"0,37";"0,1243";"0,0328";"0,37";"1,9308";"-70"
"14/04/2026 16:39:23";"PRIO3";"PRIOE515";"V";"1700";"16,64";"16,16";"16,32";"0,9131";"0,0108";"16,66";"3,1934";"544"
"14/04/2026 16:39:23";"PRIO3";"PRIOQ720";"V";"1700";"4,87";"7,36";"7,48";"-0,6069";"0,0336";"7,1";"7,7646";"-4437"
"14/04/2026 16:39:23";"PRIO3";"PRIOP600";"C";"1700";"0,46";"0,43";"0,46";"-0,1271";"0,0306";"0,45";"1,9613";"-51"
"14/04/2026 16:39:23";"SMAL11";"SMALD139";"C";"1800";"0,2158";"0,02";"0,04";"0,0085";"0,0042";"0,02";"0,407";"-352,44"
"14/04/2026 16:39:23";"SMAL11";"SMALE119";"V";"1600";"7,56";"8,71";"8,79";"0,8645";"0,0314";"7,72";"8,1963";"-1968"
"14/04/2026 16:39:23";"SMAL11";"SMALQ119";"V";"1600";"2,35";"1,97";"2,01";"-0,2605";"0,0258";"2,09";"12,2274";"544"
"14/04/2026 16:39:23";"SMAL11";"SMALP970";"C";"1800";"0,37";"0";"0";"-0,0017";"0,0005";"0,01";"0,0967";"-666"
"14/04/2026 16:39:23";"SBSP3";"SBSPE175";"C";"2300";"1,48";"3,73";"3,94";"0,413";"0,0275";"4,04";"19,844";"5175"
"14/04/2026 16:39:23";"SBSP3";"SBSPE155";"V";"1200";"7,87";"16,35";"17,46";"0,9";"0,013";"16,61";"8,9426";"-11508"
"14/04/2026 16:39:23";"SBSP3";"SBSPQ166";"V";"1200";"4,61";"3,68";"3,79";"-0,3481";"0,0246";"3,68";"18,8364";"984"
"14/04/2026 16:39:23";"SBSP3";"SBSPQ131";"C";"2300";"0,96";"0,21";"0,38";"-0,0301";"0,0027";"0,31";"3,4794";"-1725"
"14/04/2026 16:44:29";"EMBJ3";"EMBJE868";"C";"7000";"1,38";"4,84";"4,93";"0,5909";"0,039";"4,85";"10,2557";"24220"
"14/04/2026 16:44:29";"EMBJ3";"EMBJE704";"V";"4000";"8,35";"0";"21,03";"0,982";"0,0043";"18,55";"1,1667";"-50720"
"14/04/2026 16:44:29";"EMBJ3";"EMBJQ878";"V";"4000";"4,85";"3,72";"3,82";"-0,4484";"0,0308";"4,74";"10,442";"4120"
"14/04/2026 16:44:29";"EMBJ3";"EMBJQ660";"C";"7000";"1,3";"0,14";"0,17";"-0,0322";"0,0048";"0,2";"1,9043";"-8120"
"14/04/2026 16:44:29";"BOVA11";"BOVAE195";"C";"5000";"1,74";"5,69";"5,72";"0,5739";"0,033";"5,7";"23,0109";"19750"
"14/04/2026 16:44:29";"BOVA11";"BOVAE166";"V";"4000";"26,445";"30,27";"30,38";"1";"0";"30,42";"0";"-15740"
"14/04/2026 16:44:29";"BOVA11";"BOVAQ195";"V";"4000";"6,26";"4,23";"4,26";"-0,4315";"0,0306";"4,26";"23,0612";"8000"
"14/04/2026 16:44:29";"BOVA11";"BOVAQ164";"C";"10000";"1,75";"0,19";"0,2";"-0,0273";"0,0033";"0,2";"3,693";"-15600"
"14/04/2026 16:44:29";"PRIO3";"PRIOD750";"C";"1000";"0,41";"0,34";"0,37";"0,1243";"0,0328";"0,37";"1,9308";"-70"
"14/04/2026 16:44:29";"PRIO3";"PRIOE515";"V";"1700";"16,64";"16,16";"16,32";"0,9131";"0,0108";"16,66";"3,1934";"544"
"14/04/2026 16:44:29";"PRIO3";"PRIOQ720";"V";"1700";"4,87";"7,36";"7,48";"-0,6069";"0,0336";"7,1";"7,7646";"-4437"
"14/04/2026 16:44:29";"PRIO3";"PRIOP600";"C";"1700";"0,46";"0,43";"0,46";"-0,1271";"0,0306";"0,45";"1,9613";"-51"
"14/04/2026 16:44:29";"SMAL11";"SMALD139";"C";"1800";"0,2158";"0,02";"0,04";"0,0085";"0,0042";"0,02";"0,407";"-352,44"
"14/04/2026 16:44:29";"SMAL11";"SMALE119";"V";"1600";"7,56";"8,71";"8,79";"0,8645";"0,0314";"7,72";"8,1963";"-1968"
"14/04/2026 16:44:29";"SMAL11";"SMALQ119";"V";"1600";"2,35";"1,97";"2,01";"-0,2605";"0,0258";"2,09";"12,2274";"544"
"14/04/2026 16:44:29";"SMAL11";"SMALP970";"C";"1800";"0,37";"0";"0";"-0,0017";"0,0005";"0,01";"0,0967";"-666"
"14/04/2026 16:44:29";"SBSP3";"SBSPE175";"C";"2300";"1,48";"3,73";"3,94";"0,413";"0,0275";"4,04";"19,844";"5175"
"14/04/2026 16:44:29";"SBSP3";"SBSPE155";"V";"1200";"7,87";"16,35";"17,46";"0,9";"0,013";"16,61";"8,9426";"-11508"
"14/04/2026 16:44:29";"SBSP3";"SBSPQ166";"V";"1200";"4,61";"3,68";"3,79";"-0,3481";"0,0246";"3,68";"18,8364";"984"
"14/04/2026 16:44:29";"SBSP3";"SBSPQ131";"C";"2300";"0,96";"0,21";"0,38";"-0,0301";"0,0027";"0,31";"3,4794";"-1725"
"14/04/2026 16:49:34";"EMBJ3";"EMBJE868";"C";"7000";"1,38";"4,84";"4,93";"0,5909";"0,039";"4,85";"10,2557";"24220"
"14/04/2026 16:49:34";"EMBJ3";"EMBJE704";"V";"4000";"8,35";"0";"21,03";"0,982";"0,0043";"18,55";"1,1667";"-50720"
"14/04/2026 16:49:34";"EMBJ3";"EMBJQ878";"V";"4000";"4,85";"3,72";"3,82";"-0,4484";"0,0308";"4,74";"10,442";"4120"
"14/04/2026 16:49:34";"EMBJ3";"EMBJQ660";"C";"7000";"1,3";"0,14";"0,17";"-0,0322";"0,0048";"0,2";"1,9043";"-8120"
"14/04/2026 16:49:34";"BOVA11";"BOVAE195";"C";"5000";"1,74";"5,69";"5,72";"0,5739";"0,033";"5,7";"23,0109";"19750"
"14/04/2026 16:49:34";"BOVA11";"BOVAE166";"V";"4000";"26,445";"30,27";"30,38";"1";"0";"30,42";"0";"-15740"
"14/04/2026 16:49:34";"BOVA11";"BOVAQ195";"V";"4000";"6,26";"4,23";"4,26";"-0,4315";"0,0306";"4,26";"23,0612";"8000"
"14/04/2026 16:49:34";"BOVA11";"BOVAQ164";"C";"10000";"1,75";"0,19";"0,2";"-0,0273";"0,0033";"0,2";"3,693";"-15600"
"14/04/2026 16:49:34";"PRIO3";"PRIOD750";"C";"1000";"0,41";"0,34";"0,37";"0,1243";"0,0328";"0,37";"1,9308";"-70"
"14/04/2026 16:49:34";"PRIO3";"PRIOE515";"V";"1700";"16,64";"16,16";"16,32";"0,9131";"0,0108";"16,66";"3,1934";"544"
"14/04/2026 16:49:34";"PRIO3";"PRIOQ720";"V";"1700";"4,87";"7,36";"7,48";"-0,6069";"0,0336";"7,1";"7,7646";"-4437"
"14/04/2026 16:49:34";"PRIO3";"PRIOP600";"C";"1700";"0,46";"0,43";"0,46";"-0,1271";"0,0306";"0,45";"1,9613";"-51"
"14/04/2026 16:49:34";"SMAL11";"SMALD139";"C";"1800";"0,2158";"0,02";"0,04";"0,0085";"0,0042";"0,02";"0,407";"-352,44"
"14/04/2026 16:49:34";"SMAL11";"SMALE119";"V";"1600";"7,56";"8,71";"8,79";"0,8645";"0,0314";"7,72";"8,1963";"-1968"
"14/04/2026 16:49:34";"SMAL11";"SMALQ119";"V";"1600";"2,35";"1,97";"2,01";"-0,2605";"0,0258";"2,09";"12,2274";"544"
"14/04/2026 16:49:34";"SMAL11";"SMALP970";"C";"1800";"0,37";"0";"0";"-0,0017";"0,0005";"0,01";"0,0967";"-666"
"14/04/2026 16:49:34";"SBSP3";"SBSPE175";"C";"2300";"1,48";"3,73";"3,94";"0,413";"0,0275";"4,04";"19,844";"5175"
"14/04/2026 16:49:34";"SBSP3";"SBSPE155";"V";"1200";"7,87";"16,35";"17,46";"0,9";"0,013";"16,61";"8,9426";"-11508"
"14/04/2026 16:49:34";"SBSP3";"SBSPQ166";"V";"1200";"4,61";"3,68";"3,79";"-0,3481";"0,0246";"3,68";"18,8364";"984"
"14/04/2026 16:49:34";"SBSP3";"SBSPQ131";"C";"2300";"0,96";"0,21";"0,38";"-0,0301";"0,0027";"0,31";"3,4794";"-1725"
"14/04/2026 16:54:40";"EMBJ3";"EMBJE868";"C";"7000";"1,38";"4,84";"4,93";"0,5909";"0,039";"4,85";"10,2557";"24220"
"14/04/2026 16:54:40";"EMBJ3";"EMBJE704";"V";"4000";"8,35";"0";"21,03";"0,982";"0,0043";"18,55";"1,1667";"-50720"
"14/04/2026 16:54:40";"EMBJ3";"EMBJQ878";"V";"4000";"4,85";"3,72";"3,82";"-0,4484";"0,0308";"4,74";"10,442";"4120"
"14/04/2026 16:54:40";"EMBJ3";"EMBJQ660";"C";"7000";"1,3";"0,14";"0,17";"-0,0322";"0,0048";"0,2";"1,9043";"-8120"
"14/04/2026 16:54:40";"BOVA11";"BOVAE195";"C";"5000";"1,74";"5,69";"5,72";"0,5739";"0,033";"5,7";"23,0109";"19750"
"14/04/2026 16:54:40";"BOVA11";"BOVAE166";"V";"4000";"26,445";"30,27";"30,38";"1";"0";"30,42";"0";"-15740"
"14/04/2026 16:54:40";"BOVA11";"BOVAQ195";"V";"4000";"6,26";"4,23";"4,26";"-0,4315";"0,0306";"4,26";"23,0612";"8000"
"14/04/2026 16:54:40";"BOVA11";"BOVAQ164";"C";"10000";"1,75";"0,19";"0,2";"-0,0273";"0,0033";"0,2";"3,693";"-15600"
"14/04/2026 16:54:40";"PRIO3";"PRIOD750";"C";"1000";"0,41";"0,34";"0,37";"0,1243";"0,0328";"0,37";"1,9308";"-70"
"14/04/2026 16:54:40";"PRIO3";"PRIOE515";"V";"1700";"16,64";"16,16";"16,32";"0,9131";"0,0108";"16,66";"3,1934";"544"
"14/04/2026 16:54:40";"PRIO3";"PRIOQ720";"V";"1700";"4,87";"7,36";"7,48";"-0,6069";"0,0336";"7,1";"7,7646";"-4437"
"14/04/2026 16:54:40";"PRIO3";"PRIOP600";"C";"1700";"0,46";"0,43";"0,46";"-0,1271";"0,0306";"0,45";"1,9613";"-51"
"14/04/2026 16:54:40";"SMAL11";"SMALD139";"C";"1800";"0,2158";"0,02";"0,04";"0,0085";"0,0042";"0,02";"0,407";"-352,44"
"14/04/2026 16:54:40";"SMAL11";"SMALE119";"V";"1600";"7,56";"8,71";"8,79";"0,8645";"0,0314";"7,72";"8,1963";"-1968"
"14/04/2026 16:54:40";"SMAL11";"SMALQ119";"V";"1600";"2,35";"1,97";"2,01";"-0,2605";"0,0258";"2,09";"12,2274";"544"
"14/04/2026 16:54:40";"SMAL11";"SMALP970";"C";"1800";"0,37";"0";"0";"-0,0017";"0,0005";"0,01";"0,0967";"-666"
"14/04/2026 16:54:40";"SBSP3";"SBSPE175";"C";"2300";"1,48";"3,73";"3,94";"0,413";"0,0275";"4,04";"19,844";"5175"
"14/04/2026 16:54:40";"SBSP3";"SBSPE155";"V";"1200";"7,87";"16,35";"17,46";"0,9";"0,013";"16,61";"8,9426";"-11508"
"14/04/2026 16:54:40";"SBSP3";"SBSPQ166";"V";"1200";"4,61";"3,68";"3,79";"-0,3481";"0,0246";"3,68";"18,8364";"984"
"14/04/2026 16:54:40";"SBSP3";"SBSPQ131";"C";"2300";"0,96";"0,21";"0,38";"-0,0301";"0,0027";"0,31";"3,4794";"-1725"
"14/04/2026 16:59:46";"EMBJ3";"EMBJE868";"C";"7000";"1,38";"4,84";"4,93";"0,5909";"0,039";"4,85";"10,2557";"24220"
"14/04/2026 16:59:46";"EMBJ3";"EMBJE704";"V";"4000";"8,35";"0";"21,03";"0,982";"0,0043";"18,55";"1,1667";"-50720"
"14/04/2026 16:59:46";"EMBJ3";"EMBJQ878";"V";"4000";"4,85";"3,72";"3,82";"-0,4484";"0,0308";"4,74";"10,442";"4120"
"14/04/2026 16:59:46";"EMBJ3";"EMBJQ660";"C";"7000";"1,3";"0,14";"0,17";"-0,0322";"0,0048";"0,2";"1,9043";"-8120"
"14/04/2026 16:59:46";"BOVA11";"BOVAE195";"C";"5000";"1,74";"5,69";"5,72";"0,5739";"0,033";"5,7";"23,0109";"19750"
"14/04/2026 16:59:46";"BOVA11";"BOVAE166";"V";"4000";"26,445";"30,27";"30,38";"1";"0";"30,42";"0";"-15740"
"14/04/2026 16:59:46";"BOVA11";"BOVAQ195";"V";"4000";"6,26";"4,23";"4,26";"-0,4315";"0,0306";"4,26";"23,0612";"8000"
"14/04/2026 16:59:46";"BOVA11";"BOVAQ164";"C";"10000";"1,75";"0,19";"0,2";"-0,0273";"0,0033";"0,2";"3,693";"-15600"
"14/04/2026 16:59:46";"PRIO3";"PRIOD750";"C";"1000";"0,41";"0,34";"0,37";"0,1243";"0,0328";"0,37";"1,9308";"-70"
"14/04/2026 16:59:46";"PRIO3";"PRIOE515";"V";"1700";"16,64";"16,16";"16,32";"0,9131";"0,0108";"16,66";"3,1934";"544"
"14/04/2026 16:59:46";"PRIO3";"PRIOQ720";"V";"1700";"4,87";"7,36";"7,48";"-0,6069";"0,0336";"7,1";"7,7646";"-4437"
"14/04/2026 16:59:46";"PRIO3";"PRIOP600";"C";"1700";"0,46";"0,43";"0,46";"-0,1271";"0,0306";"0,45";"1,9613";"-51"
"14/04/2026 16:59:46";"SMAL11";"SMALD139";"C";"1800";"0,2158";"0,02";"0,04";"0,0085";"0,0042";"0,02";"0,407";"-352,44"
"14/04/2026 16:59:46";"SMAL11";"SMALE119";"V";"1600";"7,56";"8,71";"8,79";"0,8645";"0,0314";"7,72";"8,1963";"-1968"
"14/04/2026 16:59:46";"SMAL11";"SMALQ119";"V";"1600";"2,35";"1,97";"2,01";"-0,2605";"0,0258";"2,09";"12,2274";"544"
"14/04/2026 16:59:46";"SMAL11";"SMALP970";"C";"1800";"0,37";"0";"0";"-0,0017";"0,0005";"0,01";"0,0967";"-666"
"14/04/2026 16:59:46";"SBSP3";"SBSPE175";"C";"2300";"1,48";"3,73";"3,94";"0,413";"0,0275";"4,04";"19,844";"5175"
"14/04/2026 16:59:46";"SBSP3";"SBSPE155";"V";"1200";"7,87";"16,35";"17,46";"0,9";"0,013";"16,61";"8,9426";"-11508"
"14/04/2026 16:59:46";"SBSP3";"SBSPQ166";"V";"1200";"4,61";"3,68";"3,79";"-0,3481";"0,0246";"3,68";"18,8364";"984"
"14/04/2026 16:59:46";"SBSP3";"SBSPQ131";"C";"2300";"0,96";"0,21";"0,38";"-0,0301";"0,0027";"0,31";"3,4794";"-1725"
"14/04/2026 17:04:52";"EMBJ3";"EMBJE868";"C";"7000";"1,38";"4,84";"4,93";"0,5909";"0,039";"4,85";"10,2557";"24220"
"14/04/2026 17:04:52";"EMBJ3";"EMBJE704";"V";"4000";"8,35";"0";"21,03";"0,982";"0,0043";"18,55";"1,1667";"-50720"
"14/04/2026 17:04:52";"EMBJ3";"EMBJQ878";"V";"4000";"4,85";"3,72";"3,82";"-0,4484";"0,0308";"4,74";"10,442";"4120"
"14/04/2026 17:04:52";"EMBJ3";"EMBJQ660";"C";"7000";"1,3";"0,14";"0,17";"-0,0322";"0,0048";"0,2";"1,9043";"-8120"
"14/04/2026 17:04:52";"BOVA11";"BOVAE195";"C";"5000";"1,74";"5,69";"5,72";"0,5739";"0,033";"5,7";"23,0109";"19750"
"14/04/2026 17:04:52";"BOVA11";"BOVAE166";"V";"4000";"26,445";"30,27";"30,38";"1";"0";"30,42";"0";"-15740"
"14/04/2026 17:04:52";"BOVA11";"BOVAQ195";"V";"4000";"6,26";"4,23";"4,26";"-0,4315";"0,0306";"4,26";"23,0612";"8000"
"14/04/2026 17:04:52";"BOVA11";"BOVAQ164";"C";"10000";"1,75";"0,19";"0,2";"-0,0273";"0,0033";"0,2";"3,693";"-15600"
"14/04/2026 17:04:52";"PRIO3";"PRIOD750";"C";"1000";"0,41";"0,34";"0,37";"0,1243";"0,0328";"0,37";"1,9308";"-70"
"14/04/2026 17:04:52";"PRIO3";"PRIOE515";"V";"1700";"16,64";"16,16";"16,32";"0,9131";"0,0108";"16,66";"3,1934";"544"
"14/04/2026 17:04:52";"PRIO3";"PRIOQ720";"V";"1700";"4,87";"7,36";"7,48";"-0,6069";"0,0336";"7,1";"7,7646";"-4437"
"14/04/2026 17:04:52";"PRIO3";"PRIOP600";"C";"1700";"0,46";"0,43";"0,46";"-0,1271";"0,0306";"0,45";"1,9613";"-51"
"14/04/2026 17:04:52";"SMAL11";"SMALD139";"C";"1800";"0,2158";"0,02";"0,04";"0,0085";"0,0042";"0,02";"0,407";"-352,44"
"14/04/2026 17:04:52";"SMAL11";"SMALE119";"V";"1600";"7,56";"8,71";"8,79";"0,8645";"0,0314";"7,72";"8,1963";"-1968"
"14/04/2026 17:04:52";"SMAL11";"SMALQ119";"V";"1600";"2,35";"1,97";"2,01";"-0,2605";"0,0258";"2,09";"12,2274";"544"
"14/04/2026 17:04:52";"SMAL11";"SMALP970";"C";"1800";"0,37";"0";"0";"-0,0017";"0,0005";"0,01";"0,0967";"-666"
"14/04/2026 17:04:52";"SBSP3";"SBSPE175";"C";"2300";"1,48";"3,73";"3,94";"0,413";"0,0275";"4,04";"19,844";"5175"
"14/04/2026 17:04:52";"SBSP3";"SBSPE155";"V";"1200";"7,87";"16,35";"17,46";"0,9";"0,013";"16,61";"8,9426";"-11508"
"14/04/2026 17:04:52";"SBSP3";"SBSPQ166";"V";"1200";"4,61";"3,68";"3,79";"-0,3481";"0,0246";"3,68";"18,8364";"984"
"14/04/2026 17:04:52";"SBSP3";"SBSPQ131";"C";"2300";"0,96";"0,21";"0,38";"-0,0301";"0,0027";"0,31";"3,4794";"-1725"
"14/04/2026 17:09:58";"EMBJ3";"EMBJE868";"C";"7000";"1,38";"4,84";"4,93";"0,5909";"0,039";"4,85";"10,2557";"24220"
"14/04/2026 17:09:58";"EMBJ3";"EMBJE704";"V";"4000";"8,35";"0";"21,03";"0,982";"0,0043";"18,55";"1,1667";"-50720"
"14/04/2026 17:09:58";"EMBJ3";"EMBJQ878";"V";"4000";"4,85";"3,72";"3,82";"-0,4484";"0,0308";"4,74";"10,442";"4120"
"14/04/2026 17:09:58";"EMBJ3";"EMBJQ660";"C";"7000";"1,3";"0,14";"0,17";"-0,0322";"0,0048";"0,2";"1,9043";"-8120"
"14/04/2026 17:09:58";"BOVA11";"BOVAE195";"C";"5000";"1,74";"5,69";"5,72";"0,5739";"0,033";"5,7";"23,0109";"19750"
"14/04/2026 17:09:58";"BOVA11";"BOVAE166";"V";"4000";"26,445";"30,27";"30,38";"1";"0";"30,42";"0";"-15740"
"14/04/2026 17:09:58";"BOVA11";"BOVAQ195";"V";"4000";"6,26";"4,23";"4,26";"-0,4315";"0,0306";"4,26";"23,0612";"8000"
"14/04/2026 17:09:58";"BOVA11";"BOVAQ164";"C";"10000";"1,75";"0,19";"0,2";"-0,0273";"0,0033";"0,2";"3,693";"-15600"
"14/04/2026 17:09:58";"PRIO3";"PRIOD750";"C";"1000";"0,41";"0,34";"0,37";"0,1243";"0,0328";"0,37";"1,9308";"-70"
"14/04/2026 17:09:58";"PRIO3";"PRIOE515";"V";"1700";"16,64";"16,16";"16,32";"0,9131";"0,0108";"16,66";"3,1934";"544"
"14/04/2026 17:09:58";"PRIO3";"PRIOQ720";"V";"1700";"4,87";"7,36";"7,48";"-0,6069";"0,0336";"7,1";"7,7646";"-4437"
"14/04/2026 17:09:58";"PRIO3";"PRIOP600";"C";"1700";"0,46";"0,43";"0,46";"-0,1271";"0,0306";"0,45";"1,9613";"-51"
"14/04/2026 17:09:58";"SMAL11";"SMALD139";"C";"1800";"0,2158";"0,02";"0,04";"0,0085";"0,0042";"0,02";"0,407";"-352,44"
"14/04/2026 17:09:58";"SMAL11";"SMALE119";"V";"1600";"7,56";"8,71";"8,79";"0,8645";"0,0314";"7,72";"8,1963";"-1968"
"14/04/2026 17:09:58";"SMAL11";"SMALQ119";"V";"1600";"2,35";"1,97";"2,01";"-0,2605";"0,0258";"2,09";"12,2274";"544"
"14/04/2026 17:09:58";"SMAL11";"SMALP970";"C";"1800";"0,37";"0";"0";"-0,0017";"0,0005";"0,01";"0,0967";"-666"
"14/04/2026 17:09:58";"SBSP3";"SBSPE175";"C";"2300";"1,48";"3,73";"3,94";"0,413";"0,0275";"4,04";"19,844";"5175"
"14/04/2026 17:09:58";"SBSP3";"SBSPE155";"V";"1200";"7,87";"16,35";"17,46";"0,9";"0,013";"16,61";"8,9426";"-11508"
"14/04/2026 17:09:58";"SBSP3";"SBSPQ166";"V";"1200";"4,61";"3,68";"3,79";"-0,3481";"0,0246";"3,68";"18,8364";"984"
"14/04/2026 17:09:58";"SBSP3";"SBSPQ131";"C";"2300";"0,96";"0,21";"0,38";"-0,0301";"0,0027";"0,31";"3,4794";"-1725"
"14/04/2026 17:15:04";"EMBJ3";"EMBJE868";"C";"7000";"1,38";"4,84";"4,93";"0,5909";"0,039";"4,85";"10,2557";"24220"
"14/04/2026 17:15:04";"EMBJ3";"EMBJE704";"V";"4000";"8,35";"0";"21,03";"0,982";"0,0043";"18,55";"1,1667";"-50720"
"14/04/2026 17:15:04";"EMBJ3";"EMBJQ878";"V";"4000";"4,85";"3,72";"3,82";"-0,4484";"0,0308";"4,74";"10,442";"4120"
"14/04/2026 17:15:04";"EMBJ3";"EMBJQ660";"C";"7000";"1,3";"0,14";"0,17";"-0,0322";"0,0048";"0,2";"1,9043";"-8120"
"14/04/2026 17:15:04";"BOVA11";"BOVAE195";"C";"5000";"1,74";"5,69";"5,72";"0,5739";"0,033";"5,7";"23,0109";"19750"
"14/04/2026 17:15:04";"BOVA11";"BOVAE166";"V";"4000";"26,445";"30,27";"30,38";"1";"0";"30,42";"0";"-15740"
"14/04/2026 17:15:04";"BOVA11";"BOVAQ195";"V";"4000";"6,26";"4,23";"4,26";"-0,4315";"0,0306";"4,26";"23,0612";"8000"
"14/04/2026 17:15:04";"BOVA11";"BOVAQ164";"C";"10000";"1,75";"0,19";"0,2";"-0,0273";"0,0033";"0,2";"3,693";"-15600"
"14/04/2026 17:15:04";"PRIO3";"PRIOD750";"C";"1000";"0,41";"0,34";"0,37";"0,1243";"0,0328";"0,37";"1,9308";"-70"
"14/04/2026 17:15:04";"PRIO3";"PRIOE515";"V";"1700";"16,64";"16,16";"16,32";"0,9131";"0,0108";"16,66";"3,1934";"544"
"14/04/2026 17:15:04";"PRIO3";"PRIOQ720";"V";"1700";"4,87";"7,36";"7,48";"-0,6069";"0,0336";"7,1";"7,7646";"-4437"
"14/04/2026 17:15:04";"PRIO3";"PRIOP600";"C";"1700";"0,46";"0,43";"0,46";"-0,1271";"0,0306";"0,45";"1,9613";"-51"
"14/04/2026 17:15:04";"SMAL11";"SMALD139";"C";"1800";"0,2158";"0,02";"0,04";"0,0085";"0,0042";"0,02";"0,407";"-352,44"
"14/04/2026 17:15:04";"SMAL11";"SMALE119";"V";"1600";"7,56";"8,71";"8,79";"0,8645";"0,0314";"7,72";"8,1963";"-1968"
"14/04/2026 17:15:04";"SMAL11";"SMALQ119";"V";"1600";"2,35";"1,97";"2,01";"-0,2605";"0,0258";"2,09";"12,2274";"544"
"14/04/2026 17:15:04";"SMAL11";"SMALP970";"C";"1800";"0,37";"0";"0";"-0,0017";"0,0005";"0,01";"0,0967";"-666"
"14/04/2026 17:15:04";"SBSP3";"SBSPE175";"C";"2300";"1,48";"3,73";"3,94";"0,413";"0,0275";"4,04";"19,844";"5175"
"14/04/2026 17:15:04";"SBSP3";"SBSPE155";"V";"1200";"7,87";"16,35";"17,46";"0,9";"0,013";"16,61";"8,9426";"-11508"
"14/04/2026 17:15:04";"SBSP3";"SBSPQ166";"V";"1200";"4,61";"3,68";"3,79";"-0,3481";"0,0246";"3,68";"18,8364";"984"
"14/04/2026 17:15:04";"SBSP3";"SBSPQ131";"C";"2300";"0,96";"0,21";"0,38";"-0,0301";"0,0027";"0,31";"3,4794";"-1725"
"14/04/2026 17:20:09";"EMBJ3";"EMBJE868";"C";"7000";"1,38";"4,84";"4,93";"0,5909";"0,039";"4,85";"10,2557";"24220"
"14/04/2026 17:20:09";"EMBJ3";"EMBJE704";"V";"4000";"8,35";"0";"21,03";"0,982";"0,0043";"18,55";"1,1667";"-50720"
"14/04/2026 17:20:09";"EMBJ3";"EMBJQ878";"V";"4000";"4,85";"3,72";"3,82";"-0,4484";"0,0308";"4,74";"10,442";"4120"
"14/04/2026 17:20:09";"EMBJ3";"EMBJQ660";"C";"7000";"1,3";"0,14";"0,17";"-0,0322";"0,0048";"0,2";"1,9043";"-8120"
"14/04/2026 17:20:09";"BOVA11";"BOVAE195";"C";"5000";"1,74";"5,69";"5,72";"0,5739";"0,033";"5,7";"23,0109";"19750"
"14/04/2026 17:20:09";"BOVA11";"BOVAE166";"V";"4000";"26,445";"30,27";"30,38";"1";"0";"30,42";"0";"-15740"
"14/04/2026 17:20:09";"BOVA11";"BOVAQ195";"V";"4000";"6,26";"4,23";"4,26";"-0,4315";"0,0306";"4,26";"23,0612";"8000"
"14/04/2026 17:20:09";"BOVA11";"BOVAQ164";"C";"10000";"1,75";"0,19";"0,2";"-0,0273";"0,0033";"0,2";"3,693";"-15600"
"14/04/2026 17:20:09";"PRIO3";"PRIOD750";"C";"1000";"0,41";"0,34";"0,37";"0,1243";"0,0328";"0,37";"1,9308";"-70"
"14/04/2026 17:20:09";"PRIO3";"PRIOE515";"V";"1700";"16,64";"16,16";"16,32";"0,9131";"0,0108";"16,66";"3,1934";"544"
"14/04/2026 17:20:09";"PRIO3";"PRIOQ720";"V";"1700";"4,87";"7,36";"7,48";"-0,6069";"0,0336";"7,1";"7,7646";"-4437"
"14/04/2026 17:20:09";"PRIO3";"PRIOP600";"C";"1700";"0,46";"0,43";"0,46";"-0,1271";"0,0306";"0,45";"1,9613";"-51"
"14/04/2026 17:20:09";"SMAL11";"SMALD139";"C";"1800";"0,2158";"0,02";"0,04";"0,0085";"0,0042";"0,02";"0,407";"-352,44"
"14/04/2026 17:20:09";"SMAL11";"SMALE119";"V";"1600";"7,56";"8,71";"8,79";"0,8645";"0,0314";"7,72";"8,1963";"-1968"
"14/04/2026 17:20:09";"SMAL11";"SMALQ119";"V";"1600";"2,35";"1,97";"2,01";"-0,2605";"0,0258";"2,09";"12,2274";"544"
"14/04/2026 17:20:09";"SMAL11";"SMALP970";"C";"1800";"0,37";"0";"0";"-0,0017";"0,0005";"0,01";"0,0967";"-666"
"14/04/2026 17:20:09";"SBSP3";"SBSPE175";"C";"2300";"1,48";"3,73";"3,94";"0,413";"0,0275";"4,04";"19,844";"5175"
"14/04/2026 17:20:09";"SBSP3";"SBSPE155";"V";"1200";"7,87";"16,35";"17,46";"0,9";"0,013";"16,61";"8,9426";"-11508"
"14/04/2026 17:20:09";"SBSP3";"SBSPQ166";"V";"1200";"4,61";"3,68";"3,79";"-0,3481";"0,0246";"3,68";"18,8364";"984"
"14/04/2026 17:20:09";"SBSP3";"SBSPQ131";"C";"2300";"0,96";"0,21";"0,38";"-0,0301";"0,0027";"0,31";"3,4794";"-1725"
"14/04/2026 17:25:16";"EMBJ3";"EMBJE868";"C";"7000";"1,38";"4,84";"4,93";"0,5909";"0,039";"4,85";"10,2557";"24220"
"14/04/2026 17:25:16";"EMBJ3";"EMBJE704";"V";"4000";"8,35";"0";"21,03";"0,982";"0,0043";"18,55";"1,1667";"-50720"
"14/04/2026 17:25:16";"EMBJ3";"EMBJQ878";"V";"4000";"4,85";"3,72";"3,82";"-0,4484";"0,0308";"4,74";"10,442";"4120"
"14/04/2026 17:25:16";"EMBJ3";"EMBJQ660";"C";"7000";"1,3";"0,14";"0,17";"-0,0322";"0,0048";"0,2";"1,9043";"-8120"
"14/04/2026 17:25:16";"BOVA11";"BOVAE195";"C";"5000";"1,74";"5,69";"5,72";"0,5739";"0,033";"5,7";"23,0109";"19750"
"14/04/2026 17:25:16";"BOVA11";"BOVAE166";"V";"4000";"26,445";"30,27";"30,38";"1";"0";"30,42";"0";"-15740"
"14/04/2026 17:25:16";"BOVA11";"BOVAQ195";"V";"4000";"6,26";"4,23";"4,26";"-0,4315";"0,0306";"4,26";"23,0612";"8000"
"14/04/2026 17:25:16";"BOVA11";"BOVAQ164";"C";"10000";"1,75";"0,19";"0,2";"-0,0273";"0,0033";"0,2";"3,693";"-15600"
"14/04/2026 17:25:16";"PRIO3";"PRIOD750";"C";"1000";"0,41";"0,34";"0,37";"0,1243";"0,0328";"0,37";"1,9308";"-70"
"14/04/2026 17:25:16";"PRIO3";"PRIOE515";"V";"1700";"16,64";"16,16";"16,32";"0,9131";"0,0108";"16,66";"3,1934";"544"
"14/04/2026 17:25:16";"PRIO3";"PRIOQ720";"V";"1700";"4,87";"7,36";"7,48";"-0,6069";"0,0336";"7,1";"7,7646";"-4437"
"14/04/2026 17:25:16";"PRIO3";"PRIOP600";"C";"1700";"0,46";"0,43";"0,46";"-0,1271";"0,0306";"0,45";"1,9613";"-51"
"14/04/2026 17:25:16";"SMAL11";"SMALD139";"C";"1800";"0,2158";"0,02";"0,04";"0,0085";"0,0042";"0,02";"0,407";"-352,44"
"14/04/2026 17:25:16";"SMAL11";"SMALE119";"V";"1600";"7,56";"8,71";"8,79";"0,8645";"0,0314";"7,72";"8,1963";"-1968"
"14/04/2026 17:25:16";"SMAL11";"SMALQ119";"V";"1600";"2,35";"1,97";"2,01";"-0,2605";"0,0258";"2,09";"12,2274";"544"
"14/04/2026 17:25:16";"SMAL11";"SMALP970";"C";"1800";"0,37";"0";"0";"-0,0017";"0,0005";"0,01";"0,0967";"-666"
"14/04/2026 17:25:16";"SBSP3";"SBSPE175";"C";"2300";"1,48";"3,73";"3,94";"0,413";"0,0275";"4,04";"19,844";"5175"
"14/04/2026 17:25:16";"SBSP3";"SBSPE155";"V";"1200";"7,87";"16,35";"17,46";"0,9";"0,013";"16,61";"8,9426";"-11508"
"14/04/2026 17:25:16";"SBSP3";"SBSPQ166";"V";"1200";"4,61";"3,68";"3,79";"-0,3481";"0,0246";"3,68";"18,8364";"984"
"14/04/2026 17:25:16";"SBSP3";"SBSPQ131";"C";"2300";"0,96";"0,21";"0,38";"-0,0301";"0,0027";"0,31";"3,4794";"-1725"
"14/04/2026 17:30:21";"EMBJ3";"EMBJE868";"C";"7000";"1,38";"4,84";"4,93";"0,5909";"0,039";"4,85";"10,2557";"24220"
"14/04/2026 17:30:21";"EMBJ3";"EMBJE704";"V";"4000";"8,35";"0";"21,03";"0,982";"0,0043";"18,55";"1,1667";"-50720"
"14/04/2026 17:30:21";"EMBJ3";"EMBJQ878";"V";"4000";"4,85";"3,72";"3,82";"-0,4484";"0,0308";"4,74";"10,442";"4120"
"14/04/2026 17:30:21";"EMBJ3";"EMBJQ660";"C";"7000";"1,3";"0,14";"0,17";"-0,0322";"0,0048";"0,2";"1,9043";"-8120"
"14/04/2026 17:30:21";"BOVA11";"BOVAE195";"C";"5000";"1,74";"5,69";"5,72";"0,5739";"0,033";"5,7";"23,0109";"19750"
"14/04/2026 17:30:21";"BOVA11";"BOVAE166";"V";"4000";"26,445";"30,27";"30,38";"1";"0";"30,42";"0";"-15740"
"14/04/2026 17:30:21";"BOVA11";"BOVAQ195";"V";"4000";"6,26";"4,23";"4,26";"-0,4315";"0,0306";"4,26";"23,0612";"8000"
"14/04/2026 17:30:21";"BOVA11";"BOVAQ164";"C";"10000";"1,75";"0,19";"0,2";"-0,0273";"0,0033";"0,2";"3,693";"-15600"
"14/04/2026 17:30:21";"PRIO3";"PRIOD750";"C";"1000";"0,41";"0,34";"0,37";"0,1243";"0,0328";"0,37";"1,9308";"-70"
"14/04/2026 17:30:21";"PRIO3";"PRIOE515";"V";"1700";"16,64";"16,16";"16,32";"0,9131";"0,0108";"16,66";"3,1934";"544"
"14/04/2026 17:30:21";"PRIO3";"PRIOQ720";"V";"1700";"4,87";"7,36";"7,48";"-0,6069";"0,0336";"7,1";"7,7646";"-4437"
"14/04/2026 17:30:21";"PRIO3";"PRIOP600";"C";"1700";"0,46";"0,43";"0,46";"-0,1271";"0,0306";"0,45";"1,9613";"-51"
"14/04/2026 17:30:21";"SMAL11";"SMALD139";"C";"1800";"0,2158";"0,02";"0,04";"0,0085";"0,0042";"0,02";"0,407";"-352,44"
"14/04/2026 17:30:21";"SMAL11";"SMALE119";"V";"1600";"7,56";"8,71";"8,79";"0,8645";"0,0314";"7,72";"8,1963";"-1968"
"14/04/2026 17:30:21";"SMAL11";"SMALQ119";"V";"1600";"2,35";"1,97";"2,01";"-0,2605";"0,0258";"2,09";"12,2274";"544"
"14/04/2026 17:30:21";"SMAL11";"SMALP970";"C";"1800";"0,37";"0";"0";"-0,0017";"0,0005";"0,01";"0,0967";"-666"
"14/04/2026 17:30:21";"SBSP3";"SBSPE175";"C";"2300";"1,48";"3,73";"3,94";"0,413";"0,0275";"4,04";"19,844";"5175"
"14/04/2026 17:30:21";"SBSP3";"SBSPE155";"V";"1200";"7,87";"16,35";"17,46";"0,9";"0,013";"16,61";"8,9426";"-11508"
"14/04/2026 17:30:21";"SBSP3";"SBSPQ166";"V";"1200";"4,61";"3,68";"3,79";"-0,3481";"0,0246";"3,68";"18,8364";"984"
"14/04/2026 17:30:21";"SBSP3";"SBSPQ131";"C";"2300";"0,96";"0,21";"0,38";"-0,0301";"0,0027";"0,31";"3,4794";"-1725"
"14/04/2026 17:35:27";"EMBJ3";"EMBJE868";"C";"7000";"1,38";"4,84";"4,93";"0,5909";"0,039";"4,85";"10,2557";"24220"
"14/04/2026 17:35:27";"EMBJ3";"EMBJE704";"V";"4000";"8,35";"0";"21,03";"0,982";"0,0043";"18,55";"1,1667";"-50720"
"14/04/2026 17:35:27";"EMBJ3";"EMBJQ878";"V";"4000";"4,85";"3,72";"3,82";"-0,4484";"0,0308";"4,74";"10,442";"4120"
"14/04/2026 17:35:27";"EMBJ3";"EMBJQ660";"C";"7000";"1,3";"0,14";"0,17";"-0,0322";"0,0048";"0,2";"1,9043";"-8120"
"14/04/2026 17:35:27";"BOVA11";"BOVAE195";"C";"5000";"1,74";"5,69";"5,72";"0,5739";"0,033";"5,7";"23,0109";"19750"
"14/04/2026 17:35:27";"BOVA11";"BOVAE166";"V";"4000";"26,445";"30,27";"30,38";"1";"0";"30,42";"0";"-15740"
"14/04/2026 17:35:27";"BOVA11";"BOVAQ195";"V";"4000";"6,26";"4,23";"4,26";"-0,4315";"0,0306";"4,26";"23,0612";"8000"
"14/04/2026 17:35:27";"BOVA11";"BOVAQ164";"C";"10000";"1,75";"0,19";"0,2";"-0,0273";"0,0033";"0,2";"3,693";"-15600"
"14/04/2026 17:35:27";"PRIO3";"PRIOD750";"C";"1000";"0,41";"0,34";"0,37";"0,1243";"0,0328";"0,37";"1,9308";"-70"
"14/04/2026 17:35:27";"PRIO3";"PRIOE515";"V";"1700";"16,64";"16,16";"16,32";"0,9131";"0,0108";"16,66";"3,1934";"544"
"14/04/2026 17:35:27";"PRIO3";"PRIOQ720";"V";"1700";"4,87";"7,36";"7,48";"-0,6069";"0,0336";"7,1";"7,7646";"-4437"
"14/04/2026 17:35:27";"PRIO3";"PRIOP600";"C";"1700";"0,46";"0,43";"0,46";"-0,1271";"0,0306";"0,45";"1,9613";"-51"
"14/04/2026 17:35:27";"SMAL11";"SMALD139";"C";"1800";"0,2158";"0,02";"0,04";"0,0085";"0,0042";"0,02";"0,407";"-352,44"
"14/04/2026 17:35:27";"SMAL11";"SMALE119";"V";"1600";"7,56";"8,71";"8,79";"0,8645";"0,0314";"7,72";"8,1963";"-1968"
"14/04/2026 17:35:27";"SMAL11";"SMALQ119";"V";"1600";"2,35";"1,97";"2,01";"-0,2605";"0,0258";"2,09";"12,2274";"544"
"14/04/2026 17:35:27";"SMAL11";"SMALP970";"C";"1800";"0,37";"0";"0";"-0,0017";"0,0005";"0,01";"0,0967";"-666"
"14/04/2026 17:35:27";"SBSP3";"SBSPE175";"C";"2300";"1,48";"3,73";"3,94";"0,413";"0,0275";"4,04";"19,844";"5175"
"14/04/2026 17:35:27";"SBSP3";"SBSPE155";"V";"1200";"7,87";"16,35";"17,46";"0,9";"0,013";"16,61";"8,9426";"-11508"
"14/04/2026 17:35:27";"SBSP3";"SBSPQ166";"V";"1200";"4,61";"3,68";"3,79";"-0,3481";"0,0246";"3,68";"18,8364";"984"
"14/04/2026 17:35:27";"SBSP3";"SBSPQ131";"C";"2300";"0,96";"0,21";"0,38";"-0,0301";"0,0027";"0,31";"3,4794";"-1725"
"14/04/2026 17:40:33";"EMBJ3";"EMBJE868";"C";"7000";"1,38";"4,84";"4,93";"0,5909";"0,039";"4,85";"10,2557";"24220"
"14/04/2026 17:40:33";"EMBJ3";"EMBJE704";"V";"4000";"8,35";"0";"21,03";"0,982";"0,0043";"18,55";"1,1667";"-50720"
"14/04/2026 17:40:33";"EMBJ3";"EMBJQ878";"V";"4000";"4,85";"3,72";"3,82";"-0,4484";"0,0308";"4,74";"10,442";"4120"
"14/04/2026 17:40:33";"EMBJ3";"EMBJQ660";"C";"7000";"1,3";"0,14";"0,17";"-0,0322";"0,0048";"0,2";"1,9043";"-8120"
"14/04/2026 17:40:33";"BOVA11";"BOVAE195";"C";"5000";"1,74";"5,69";"5,72";"0,5739";"0,033";"5,7";"23,0109";"19750"
"14/04/2026 17:40:33";"BOVA11";"BOVAE166";"V";"4000";"26,445";"30,27";"30,38";"1";"0";"30,42";"0";"-15740"
"14/04/2026 17:40:33";"BOVA11";"BOVAQ195";"V";"4000";"6,26";"4,23";"4,26";"-0,4315";"0,0306";"4,26";"23,0612";"8000"
"14/04/2026 17:40:33";"BOVA11";"BOVAQ164";"C";"10000";"1,75";"0,19";"0,2";"-0,0273";"0,0033";"0,2";"3,693";"-15600"
"14/04/2026 17:40:33";"PRIO3";"PRIOD750";"C";"1000";"0,41";"0,34";"0,37";"0,1243";"0,0328";"0,37";"1,9308";"-70"
"14/04/2026 17:40:33";"PRIO3";"PRIOE515";"V";"1700";"16,64";"16,16";"16,32";"0,9131";"0,0108";"16,66";"3,1934";"544"
"14/04/2026 17:40:33";"PRIO3";"PRIOQ720";"V";"1700";"4,87";"7,36";"7,48";"-0,6069";"0,0336";"7,1";"7,7646";"-4437"
"14/04/2026 17:40:33";"PRIO3";"PRIOP600";"C";"1700";"0,46";"0,43";"0,46";"-0,1271";"0,0306";"0,45";"1,9613";"-51"
"14/04/2026 17:40:33";"SMAL11";"SMALD139";"C";"1800";"0,2158";"0,02";"0,04";"0,0085";"0,0042";"0,02";"0,407";"-352,44"
"14/04/2026 17:40:33";"SMAL11";"SMALE119";"V";"1600";"7,56";"8,71";"8,79";"0,8645";"0,0314";"7,72";"8,1963";"-1968"
"14/04/2026 17:40:33";"SMAL11";"SMALQ119";"V";"1600";"2,35";"1,97";"2,01";"-0,2605";"0,0258";"2,09";"12,2274";"544"
"14/04/2026 17:40:33";"SMAL11";"SMALP970";"C";"1800";"0,37";"0";"0";"-0,0017";"0,0005";"0,01";"0,0967";"-666"
"14/04/2026 17:40:33";"SBSP3";"SBSPE175";"C";"2300";"1,48";"3,73";"3,94";"0,413";"0,0275";"4,04";"19,844";"5175"
"14/04/2026 17:40:33";"SBSP3";"SBSPE155";"V";"1200";"7,87";"16,35";"17,46";"0,9";"0,013";"16,61";"8,9426";"-11508"
"14/04/2026 17:40:33";"SBSP3";"SBSPQ166";"V";"1200";"4,61";"3,68";"3,79";"-0,3481";"0,0246";"3,68";"18,8364";"984"
"14/04/2026 17:40:33";"SBSP3";"SBSPQ131";"C";"2300";"0,96";"0,21";"0,38";"-0,0301";"0,0027";"0,31";"3,4794";"-1725"
"14/04/2026 17:45:39";"EMBJ3";"EMBJE868";"C";"7000";"1,38";"4,84";"4,93";"0,5909";"0,039";"4,85";"10,2557";"24220"
"14/04/2026 17:45:39";"EMBJ3";"EMBJE704";"V";"4000";"8,35";"0";"21,03";"0,982";"0,0043";"18,55";"1,1667";"-50720"
"14/04/2026 17:45:39";"EMBJ3";"EMBJQ878";"V";"4000";"4,85";"3,72";"3,82";"-0,4484";"0,0308";"4,74";"10,442";"4120"
"14/04/2026 17:45:39";"EMBJ3";"EMBJQ660";"C";"7000";"1,3";"0,14";"0,17";"-0,0322";"0,0048";"0,2";"1,9043";"-8120"
"14/04/2026 17:45:39";"BOVA11";"BOVAE195";"C";"5000";"1,74";"5,69";"5,72";"0,5739";"0,033";"5,7";"23,0109";"19750"
"14/04/2026 17:45:39";"BOVA11";"BOVAE166";"V";"4000";"26,445";"30,27";"30,38";"1";"0";"30,42";"0";"-15740"
"14/04/2026 17:45:39";"BOVA11";"BOVAQ195";"V";"4000";"6,26";"4,23";"4,26";"-0,4315";"0,0306";"4,26";"23,0612";"8000"
"14/04/2026 17:45:39";"BOVA11";"BOVAQ164";"C";"10000";"1,75";"0,19";"0,2";"-0,0273";"0,0033";"0,2";"3,693";"-15600"
"14/04/2026 17:45:39";"PRIO3";"PRIOD750";"C";"1000";"0,41";"0,34";"0,37";"0,1243";"0,0328";"0,37";"1,9308";"-70"
"14/04/2026 17:45:39";"PRIO3";"PRIOE515";"V";"1700";"16,64";"16,16";"16,32";"0,9131";"0,0108";"16,66";"3,1934";"544"
"14/04/2026 17:45:39";"PRIO3";"PRIOQ720";"V";"1700";"4,87";"7,36";"7,48";"-0,6069";"0,0336";"7,1";"7,7646";"-4437"
"14/04/2026 17:45:39";"PRIO3";"PRIOP600";"C";"1700";"0,46";"0,43";"0,46";"-0,1271";"0,0306";"0,45";"1,9613";"-51"
"14/04/2026 17:45:39";"SMAL11";"SMALD139";"C";"1800";"0,2158";"0,02";"0,04";"0,0085";"0,0042";"0,02";"0,407";"-352,44"
"14/04/2026 17:45:39";"SMAL11";"SMALE119";"V";"1600";"7,56";"8,71";"8,79";"0,8645";"0,0314";"7,72";"8,1963";"-1968"
"14/04/2026 17:45:39";"SMAL11";"SMALQ119";"V";"1600";"2,35";"1,97";"2,01";"-0,2605";"0,0258";"2,09";"12,2274";"544"
"14/04/2026 17:45:39";"SMAL11";"SMALP970";"C";"1800";"0,37";"0";"0";"-0,0017";"0,0005";"0,01";"0,0967";"-666"
"14/04/2026 17:45:39";"SBSP3";"SBSPE175";"C";"2300";"1,48";"3,73";"3,94";"0,413";"0,0275";"4,04";"19,844";"5175"
"14/04/2026 17:45:39";"SBSP3";"SBSPE155";"V";"1200";"7,87";"16,35";"17,46";"0,9";"0,013";"16,61";"8,9426";"-11508"
"14/04/2026 17:45:39";"SBSP3";"SBSPQ166";"V";"1200";"4,61";"3,68";"3,79";"-0,3481";"0,0246";"3,68";"18,8364";"984"
"14/04/2026 17:45:39";"SBSP3";"SBSPQ131";"C";"2300";"0,96";"0,21";"0,38";"-0,0301";"0,0027";"0,31";"3,4794";"-1725"
"14/04/2026 17:50:45";"EMBJ3";"EMBJE868";"C";"7000";"1,38";"4,84";"4,93";"0,5909";"0,039";"4,85";"10,2557";"24220"
"14/04/2026 17:50:45";"EMBJ3";"EMBJE704";"V";"4000";"8,35";"0";"21,03";"0,982";"0,0043";"18,55";"1,1667";"-50720"
"14/04/2026 17:50:45";"EMBJ3";"EMBJQ878";"V";"4000";"4,85";"3,72";"3,82";"-0,4484";"0,0308";"4,74";"10,442";"4120"
"14/04/2026 17:50:45";"EMBJ3";"EMBJQ660";"C";"7000";"1,3";"0,14";"0,17";"-0,0322";"0,0048";"0,2";"1,9043";"-8120"
"14/04/2026 17:50:45";"BOVA11";"BOVAE195";"C";"5000";"1,74";"5,69";"5,72";"0,5739";"0,033";"5,7";"23,0109";"19750"
"14/04/2026 17:50:45";"BOVA11";"BOVAE166";"V";"4000";"26,445";"30,27";"30,38";"1";"0";"30,42";"0";"-15740"
"14/04/2026 17:50:45";"BOVA11";"BOVAQ195";"V";"4000";"6,26";"4,23";"4,26";"-0,4315";"0,0306";"4,26";"23,0612";"8000"
"14/04/2026 17:50:45";"BOVA11";"BOVAQ164";"C";"10000";"1,75";"0,19";"0,2";"-0,0273";"0,0033";"0,2";"3,693";"-15600"
"14/04/2026 17:50:45";"PRIO3";"PRIOD750";"C";"1000";"0,41";"0,34";"0,37";"0,1243";"0,0328";"0,37";"1,9308";"-70"
"14/04/2026 17:50:45";"PRIO3";"PRIOE515";"V";"1700";"16,64";"16,16";"16,32";"0,9131";"0,0108";"16,66";"3,1934";"544"
"14/04/2026 17:50:45";"PRIO3";"PRIOQ720";"V";"1700";"4,87";"7,36";"7,48";"-0,6069";"0,0336";"7,1";"7,7646";"-4437"
"14/04/2026 17:50:45";"PRIO3";"PRIOP600";"C";"1700";"0,46";"0,43";"0,46";"-0,1271";"0,0306";"0,45";"1,9613";"-51"
"14/04/2026 17:50:45";"SMAL11";"SMALD139";"C";"1800";"0,2158";"0,02";"0,04";"0,0085";"0,0042";"0,02";"0,407";"-352,44"
"14/04/2026 17:50:45";"SMAL11";"SMALE119";"V";"1600";"7,56";"8,71";"8,79";"0,8645";"0,0314";"7,72";"8,1963";"-1968"
"14/04/2026 17:50:45";"SMAL11";"SMALQ119";"V";"1600";"2,35";"1,97";"2,01";"-0,2605";"0,0258";"2,09";"12,2274";"544"
"14/04/2026 17:50:45";"SMAL11";"SMALP970";"C";"1800";"0,37";"0";"0";"-0,0017";"0,0005";"0,01";"0,0967";"-666"
"14/04/2026 17:50:45";"SBSP3";"SBSPE175";"C";"2300";"1,48";"3,73";"3,94";"0,413";"0,0275";"4,04";"19,844";"5175"
"14/04/2026 17:50:45";"SBSP3";"SBSPE155";"V";"1200";"7,87";"16,35";"17,46";"0,9";"0,013";"16,61";"8,9426";"-11508"
"14/04/2026 17:50:45";"SBSP3";"SBSPQ166";"V";"1200";"4,61";"3,68";"3,79";"-0,3481";"0,0246";"3,68";"18,8364";"984"
"14/04/2026 17:50:45";"SBSP3";"SBSPQ131";"C";"2300";"0,96";"0,21";"0,38";"-0,0301";"0,0027";"0,31";"3,4794";"-1725"
"14/04/2026 17:55:51";"EMBJ3";"EMBJE868";"C";"7000";"1,38";"4,84";"4,93";"0,5909";"0,039";"4,85";"10,2557";"24220"
"14/04/2026 17:55:51";"EMBJ3";"EMBJE704";"V";"4000";"8,35";"0";"21,03";"0,982";"0,0043";"18,55";"1,1667";"-50720"
"14/04/2026 17:55:51";"EMBJ3";"EMBJQ878";"V";"4000";"4,85";"3,72";"3,82";"-0,4484";"0,0308";"4,74";"10,442";"4120"
"14/04/2026 17:55:51";"EMBJ3";"EMBJQ660";"C";"7000";"1,3";"0,14";"0,17";"-0,0322";"0,0048";"0,2";"1,9043";"-8120"
"14/04/2026 17:55:51";"BOVA11";"BOVAE195";"C";"5000";"1,74";"5,69";"5,72";"0,5739";"0,033";"5,7";"23,0109";"19750"
"14/04/2026 17:55:51";"BOVA11";"BOVAE166";"V";"4000";"26,445";"30,27";"30,38";"1";"0";"30,42";"0";"-15740"
"14/04/2026 17:55:51";"BOVA11";"BOVAQ195";"V";"4000";"6,26";"4,23";"4,26";"-0,4315";"0,0306";"4,26";"23,0612";"8000"
"14/04/2026 17:55:51";"BOVA11";"BOVAQ164";"C";"10000";"1,75";"0,19";"0,2";"-0,0273";"0,0033";"0,2";"3,693";"-15600"
"14/04/2026 17:55:51";"PRIO3";"PRIOD750";"C";"1000";"0,41";"0,34";"0,37";"0,1243";"0,0328";"0,37";"1,9308";"-70"
"14/04/2026 17:55:51";"PRIO3";"PRIOE515";"V";"1700";"16,64";"16,16";"16,32";"0,9131";"0,0108";"16,66";"3,1934";"544"
"14/04/2026 17:55:51";"PRIO3";"PRIOQ720";"V";"1700";"4,87";"7,36";"7,48";"-0,6069";"0,0336";"7,1";"7,7646";"-4437"
"14/04/2026 17:55:51";"PRIO3";"PRIOP600";"C";"1700";"0,46";"0,43";"0,46";"-0,1271";"0,0306";"0,45";"1,9613";"-51"
"14/04/2026 17:55:51";"SMAL11";"SMALD139";"C";"1800";"0,2158";"0,02";"0,04";"0,0085";"0,0042";"0,02";"0,407";"-352,44"
"14/04/2026 17:55:51";"SMAL11";"SMALE119";"V";"1600";"7,56";"8,71";"8,79";"0,8645";"0,0314";"7,72";"8,1963";"-1968"
"14/04/2026 17:55:51";"SMAL11";"SMALQ119";"V";"1600";"2,35";"1,97";"2,01";"-0,2605";"0,0258";"2,09";"12,2274";"544"
"14/04/2026 17:55:51";"SMAL11";"SMALP970";"C";"1800";"0,37";"0";"0";"-0,0017";"0,0005";"0,01";"0,0967";"-666"
"14/04/2026 17:55:51";"SBSP3";"SBSPE175";"C";"2300";"1,48";"3,73";"3,94";"0,413";"0,0275";"4,04";"19,844";"5175"
"14/04/2026 17:55:51";"SBSP3";"SBSPE155";"V";"1200";"7,87";"16,35";"17,46";"0,9";"0,013";"16,61";"8,9426";"-11508"
"14/04/2026 17:55:51";"SBSP3";"SBSPQ166";"V";"1200";"4,61";"3,68";"3,79";"-0,3481";"0,0246";"3,68";"18,8364";"984"
"14/04/2026 17:55:51";"SBSP3";"SBSPQ131";"C";"2300";"0,96";"0,21";"0,38";"-0,0301";"0,0027";"0,31";"3,4794";"-1725"
